platform,microvm_abi_version,processors,commit,metric,unit,direction,p50
linux-mshv-virtual-machine,2,1,441f45568e65f66eced419ff9d289e2627a58f0f,cold_start_base,ms,lower,301.1
linux-mshv-virtual-machine,2,1,441f45568e65f66eced419ff9d289e2627a58f0f,cold_start_clocksource,ms,lower,302.2
linux-mshv-virtual-machine,2,1,441f45568e65f66eced419ff9d289e2627a58f0f,cold_start_cryptomgr_notests,ms,lower,301.7
linux-mshv-virtual-machine,2,1,441f45568e65f66eced419ff9d289e2627a58f0f,cold_start_mitigations_off,ms,lower,265.2
linux-mshv-virtual-machine,2,1,441f45568e65f66eced419ff9d289e2627a58f0f,cold_start_no_timer_check,ms,lower,254.9
linux-mshv-virtual-machine,2,1,441f45568e65f66eced419ff9d289e2627a58f0f,cold_start_nokaslr,ms,lower,301.1
linux-mshv-virtual-machine,2,1,441f45568e65f66eced419ff9d289e2627a58f0f,cold_start_random_trust_cpu,ms,lower,301
linux-mshv-virtual-machine,2,1,441f45568e65f66eced419ff9d289e2627a58f0f,cold_start_rcu_expedited,ms,lower,301.1
linux-mshv-virtual-machine,2,1,441f45568e65f66eced419ff9d289e2627a58f0f,cold_start_tsc_reliable,ms,lower,306.3
linux-mshv-virtual-machine,2,1,441f45568e65f66eced419ff9d289e2627a58f0f,network_snapshot_cold,ms,lower,309.6
linux-mshv-virtual-machine,2,1,441f45568e65f66eced419ff9d289e2627a58f0f,network_snapshot_restore,ms,lower,35.6
linux-mshv-virtual-machine,2,1,441f45568e65f66eced419ff9d289e2627a58f0f,network_snapshot_restore_wall,ms,lower,99.8
linux-mshv-virtual-machine,2,1,441f45568e65f66eced419ff9d289e2627a58f0f,openvmm_cold_start,ms,lower,219.4954035
linux-mshv-virtual-machine,2,1,441f45568e65f66eced419ff9d289e2627a58f0f,openvmm_cold_start_guest_exit_teardown,ms,lower,22.9126455
linux-mshv-virtual-machine,2,1,441f45568e65f66eced419ff9d289e2627a58f0f,openvmm_cold_start_peak_rss,MiB,lower,77.701171875
linux-mshv-virtual-machine,2,1,441f45568e65f66eced419ff9d289e2627a58f0f,openvmm_snapshot_generation,ms,lower,3.3167875
linux-mshv-virtual-machine,2,1,441f45568e65f66eced419ff9d289e2627a58f0f,openvmm_snapshot_generation_peak_rss,MiB,lower,80.056640625
linux-mshv-virtual-machine,2,1,441f45568e65f66eced419ff9d289e2627a58f0f,openvmm_snapshot_restore,ms,lower,30.1476385
linux-mshv-virtual-machine,2,1,441f45568e65f66eced419ff9d289e2627a58f0f,openvmm_snapshot_restore_guest_exit_teardown,ms,lower,7.7239445
linux-mshv-virtual-machine,2,1,441f45568e65f66eced419ff9d289e2627a58f0f,openvmm_snapshot_restore_peak_rss,MiB,lower,57.421875
linux-mshv-virtual-machine,2,1,441f45568e65f66eced419ff9d289e2627a58f0f,shell_snapshot_cold_128_mib,ms,lower,300.2
linux-mshv-virtual-machine,2,1,441f45568e65f66eced419ff9d289e2627a58f0f,shell_snapshot_cold_256_mib,ms,lower,304.3
linux-mshv-virtual-machine,2,1,441f45568e65f66eced419ff9d289e2627a58f0f,shell_snapshot_cold_512_mib,ms,lower,311.6
linux-mshv-virtual-machine,2,1,441f45568e65f66eced419ff9d289e2627a58f0f,shell_snapshot_cold_64_mib,ms,lower,293.4
linux-mshv-virtual-machine,2,1,441f45568e65f66eced419ff9d289e2627a58f0f,shell_snapshot_restore_128_mib,ms,lower,28.6
linux-mshv-virtual-machine,2,1,441f45568e65f66eced419ff9d289e2627a58f0f,shell_snapshot_restore_256_mib,ms,lower,32.4
linux-mshv-virtual-machine,2,1,441f45568e65f66eced419ff9d289e2627a58f0f,shell_snapshot_restore_512_mib,ms,lower,36.1
linux-mshv-virtual-machine,2,1,441f45568e65f66eced419ff9d289e2627a58f0f,shell_snapshot_restore_64_mib,ms,lower,29.7
linux-mshv-virtual-machine,2,1,441f45568e65f66eced419ff9d289e2627a58f0f,virtfs_live_read,MB/s,higher,1100
linux-mshv-virtual-machine,2,1,441f45568e65f66eced419ff9d289e2627a58f0f,virtfs_live_roundtrip,ms,lower,457.4
linux-mshv-virtual-machine,2,1,441f45568e65f66eced419ff9d289e2627a58f0f,virtfs_live_write,MB/s,higher,897.5
linux-mshv-virtual-machine,2,1,441f45568e65f66eced419ff9d289e2627a58f0f,virtio_blk_random_read_iops,ops/s,higher,7352.48268558
linux-mshv-virtual-machine,2,1,441f45568e65f66eced419ff9d289e2627a58f0f,virtio_blk_random_write_iops,ops/s,higher,7564.44990964
linux-mshv-virtual-machine,2,1,441f45568e65f66eced419ff9d289e2627a58f0f,virtio_fs_random_read_iops,ops/s,higher,11141.9894174
linux-mshv-virtual-machine,2,1,441f45568e65f66eced419ff9d289e2627a58f0f,virtio_fs_random_write_iops,ops/s,higher,11206.5496473
linux-mshv-virtual-machine,2,1,441f45568e65f66eced419ff9d289e2627a58f0f,virtio_net_udp_roundtrip_ops,ops/s,higher,6243.57382718
linux-mshv-virtual-machine,2,1,22003726a9ec9046fdecfc904515221441dfb3c3,cold_start_base,ms,lower,307.9
linux-mshv-virtual-machine,2,1,22003726a9ec9046fdecfc904515221441dfb3c3,cold_start_clocksource,ms,lower,305.4
linux-mshv-virtual-machine,2,1,22003726a9ec9046fdecfc904515221441dfb3c3,cold_start_cryptomgr_notests,ms,lower,305.5
linux-mshv-virtual-machine,2,1,22003726a9ec9046fdecfc904515221441dfb3c3,cold_start_mitigations_off,ms,lower,269.8
linux-mshv-virtual-machine,2,1,22003726a9ec9046fdecfc904515221441dfb3c3,cold_start_no_timer_check,ms,lower,260.1
linux-mshv-virtual-machine,2,1,22003726a9ec9046fdecfc904515221441dfb3c3,cold_start_nokaslr,ms,lower,305.5
linux-mshv-virtual-machine,2,1,22003726a9ec9046fdecfc904515221441dfb3c3,cold_start_random_trust_cpu,ms,lower,305.1
linux-mshv-virtual-machine,2,1,22003726a9ec9046fdecfc904515221441dfb3c3,cold_start_rcu_expedited,ms,lower,305.7
linux-mshv-virtual-machine,2,1,22003726a9ec9046fdecfc904515221441dfb3c3,cold_start_tsc_reliable,ms,lower,306
linux-mshv-virtual-machine,2,1,22003726a9ec9046fdecfc904515221441dfb3c3,network_snapshot_cold,ms,lower,313.7
linux-mshv-virtual-machine,2,1,22003726a9ec9046fdecfc904515221441dfb3c3,network_snapshot_restore,ms,lower,37.5
linux-mshv-virtual-machine,2,1,22003726a9ec9046fdecfc904515221441dfb3c3,network_snapshot_restore_wall,ms,lower,107.9
linux-mshv-virtual-machine,2,1,22003726a9ec9046fdecfc904515221441dfb3c3,openvmm_cold_start,ms,lower,222.699454
linux-mshv-virtual-machine,2,1,22003726a9ec9046fdecfc904515221441dfb3c3,openvmm_cold_start_guest_exit_teardown,ms,lower,23.7202595
linux-mshv-virtual-machine,2,1,22003726a9ec9046fdecfc904515221441dfb3c3,openvmm_cold_start_peak_rss,MiB,lower,77.703125
linux-mshv-virtual-machine,2,1,22003726a9ec9046fdecfc904515221441dfb3c3,openvmm_snapshot_generation,ms,lower,3.958344
linux-mshv-virtual-machine,2,1,22003726a9ec9046fdecfc904515221441dfb3c3,openvmm_snapshot_generation_peak_rss,MiB,lower,80.05859375
linux-mshv-virtual-machine,2,1,22003726a9ec9046fdecfc904515221441dfb3c3,openvmm_snapshot_restore,ms,lower,31.174759
linux-mshv-virtual-machine,2,1,22003726a9ec9046fdecfc904515221441dfb3c3,openvmm_snapshot_restore_guest_exit_teardown,ms,lower,7.9098375
linux-mshv-virtual-machine,2,1,22003726a9ec9046fdecfc904515221441dfb3c3,openvmm_snapshot_restore_peak_rss,MiB,lower,57.419921875
linux-mshv-virtual-machine,2,1,22003726a9ec9046fdecfc904515221441dfb3c3,shell_snapshot_cold_128_mib,ms,lower,305.9
linux-mshv-virtual-machine,2,1,22003726a9ec9046fdecfc904515221441dfb3c3,shell_snapshot_cold_256_mib,ms,lower,309.7
linux-mshv-virtual-machine,2,1,22003726a9ec9046fdecfc904515221441dfb3c3,shell_snapshot_cold_512_mib,ms,lower,317.8
linux-mshv-virtual-machine,2,1,22003726a9ec9046fdecfc904515221441dfb3c3,shell_snapshot_cold_64_mib,ms,lower,296.7
linux-mshv-virtual-machine,2,1,22003726a9ec9046fdecfc904515221441dfb3c3,shell_snapshot_restore_128_mib,ms,lower,33.1
linux-mshv-virtual-machine,2,1,22003726a9ec9046fdecfc904515221441dfb3c3,shell_snapshot_restore_256_mib,ms,lower,36.2
linux-mshv-virtual-machine,2,1,22003726a9ec9046fdecfc904515221441dfb3c3,shell_snapshot_restore_512_mib,ms,lower,39.8
linux-mshv-virtual-machine,2,1,22003726a9ec9046fdecfc904515221441dfb3c3,shell_snapshot_restore_64_mib,ms,lower,31.8
linux-mshv-virtual-machine,2,1,22003726a9ec9046fdecfc904515221441dfb3c3,virtfs_live_read,MB/s,higher,1100
linux-mshv-virtual-machine,2,1,22003726a9ec9046fdecfc904515221441dfb3c3,virtfs_live_roundtrip,ms,lower,459.4
linux-mshv-virtual-machine,2,1,22003726a9ec9046fdecfc904515221441dfb3c3,virtfs_live_write,MB/s,higher,846
linux-mshv-virtual-machine,2,1,22003726a9ec9046fdecfc904515221441dfb3c3,virtio_blk_random_read_iops,ops/s,higher,7553.28094368
linux-mshv-virtual-machine,2,1,22003726a9ec9046fdecfc904515221441dfb3c3,virtio_blk_random_write_iops,ops/s,higher,7476.16217036
linux-mshv-virtual-machine,2,1,22003726a9ec9046fdecfc904515221441dfb3c3,virtio_fs_random_read_iops,ops/s,higher,10603.0811885
linux-mshv-virtual-machine,2,1,22003726a9ec9046fdecfc904515221441dfb3c3,virtio_fs_random_write_iops,ops/s,higher,10669.709768
linux-mshv-virtual-machine,2,1,22003726a9ec9046fdecfc904515221441dfb3c3,virtio_net_udp_roundtrip_ops,ops/s,higher,6201.3459263
linux-mshv-virtual-machine,2,1,142587bbceae27ef94e08862d6a3e44024eac9e9,cold_start_base,ms,lower,300.3
linux-mshv-virtual-machine,2,1,142587bbceae27ef94e08862d6a3e44024eac9e9,cold_start_clocksource,ms,lower,305.9
linux-mshv-virtual-machine,2,1,142587bbceae27ef94e08862d6a3e44024eac9e9,cold_start_cryptomgr_notests,ms,lower,305.7
linux-mshv-virtual-machine,2,1,142587bbceae27ef94e08862d6a3e44024eac9e9,cold_start_mitigations_off,ms,lower,267.8
linux-mshv-virtual-machine,2,1,142587bbceae27ef94e08862d6a3e44024eac9e9,cold_start_no_timer_check,ms,lower,254.4
linux-mshv-virtual-machine,2,1,142587bbceae27ef94e08862d6a3e44024eac9e9,cold_start_nokaslr,ms,lower,303.6
linux-mshv-virtual-machine,2,1,142587bbceae27ef94e08862d6a3e44024eac9e9,cold_start_random_trust_cpu,ms,lower,301.9
linux-mshv-virtual-machine,2,1,142587bbceae27ef94e08862d6a3e44024eac9e9,cold_start_rcu_expedited,ms,lower,304
linux-mshv-virtual-machine,2,1,142587bbceae27ef94e08862d6a3e44024eac9e9,cold_start_tsc_reliable,ms,lower,302.2
linux-mshv-virtual-machine,2,1,142587bbceae27ef94e08862d6a3e44024eac9e9,network_snapshot_cold,ms,lower,312.8
linux-mshv-virtual-machine,2,1,142587bbceae27ef94e08862d6a3e44024eac9e9,network_snapshot_restore,ms,lower,37.1
linux-mshv-virtual-machine,2,1,142587bbceae27ef94e08862d6a3e44024eac9e9,network_snapshot_restore_wall,ms,lower,103.9
linux-mshv-virtual-machine,2,1,142587bbceae27ef94e08862d6a3e44024eac9e9,openvmm_cold_start,ms,lower,218.7540605
linux-mshv-virtual-machine,2,1,142587bbceae27ef94e08862d6a3e44024eac9e9,openvmm_cold_start_guest_exit_teardown,ms,lower,22.8805765
linux-mshv-virtual-machine,2,1,142587bbceae27ef94e08862d6a3e44024eac9e9,openvmm_cold_start_peak_rss,MiB,lower,77.703125
linux-mshv-virtual-machine,2,1,142587bbceae27ef94e08862d6a3e44024eac9e9,openvmm_snapshot_generation,ms,lower,3.566099
linux-mshv-virtual-machine,2,1,142587bbceae27ef94e08862d6a3e44024eac9e9,openvmm_snapshot_generation_peak_rss,MiB,lower,80.07421875
linux-mshv-virtual-machine,2,1,142587bbceae27ef94e08862d6a3e44024eac9e9,openvmm_snapshot_restore,ms,lower,29.3966815
linux-mshv-virtual-machine,2,1,142587bbceae27ef94e08862d6a3e44024eac9e9,openvmm_snapshot_restore_guest_exit_teardown,ms,lower,7.572443
linux-mshv-virtual-machine,2,1,142587bbceae27ef94e08862d6a3e44024eac9e9,openvmm_snapshot_restore_peak_rss,MiB,lower,57.484375
linux-mshv-virtual-machine,2,1,142587bbceae27ef94e08862d6a3e44024eac9e9,shell_snapshot_cold_128_mib,ms,lower,301.5
linux-mshv-virtual-machine,2,1,142587bbceae27ef94e08862d6a3e44024eac9e9,shell_snapshot_cold_256_mib,ms,lower,303.4
linux-mshv-virtual-machine,2,1,142587bbceae27ef94e08862d6a3e44024eac9e9,shell_snapshot_cold_512_mib,ms,lower,309.6
linux-mshv-virtual-machine,2,1,142587bbceae27ef94e08862d6a3e44024eac9e9,shell_snapshot_cold_64_mib,ms,lower,295.6
linux-mshv-virtual-machine,2,1,142587bbceae27ef94e08862d6a3e44024eac9e9,shell_snapshot_restore_128_mib,ms,lower,28.4
linux-mshv-virtual-machine,2,1,142587bbceae27ef94e08862d6a3e44024eac9e9,shell_snapshot_restore_256_mib,ms,lower,30
linux-mshv-virtual-machine,2,1,142587bbceae27ef94e08862d6a3e44024eac9e9,shell_snapshot_restore_512_mib,ms,lower,35.8
linux-mshv-virtual-machine,2,1,142587bbceae27ef94e08862d6a3e44024eac9e9,shell_snapshot_restore_64_mib,ms,lower,31.8
linux-mshv-virtual-machine,2,1,142587bbceae27ef94e08862d6a3e44024eac9e9,virtfs_live_read,MB/s,higher,1100
linux-mshv-virtual-machine,2,1,142587bbceae27ef94e08862d6a3e44024eac9e9,virtfs_live_roundtrip,ms,lower,463.4
linux-mshv-virtual-machine,2,1,142587bbceae27ef94e08862d6a3e44024eac9e9,virtfs_live_write,MB/s,higher,864.9
linux-mshv-virtual-machine,2,1,142587bbceae27ef94e08862d6a3e44024eac9e9,virtio_blk_random_read_iops,ops/s,higher,7245.00039696
linux-mshv-virtual-machine,2,1,142587bbceae27ef94e08862d6a3e44024eac9e9,virtio_blk_random_write_iops,ops/s,higher,7381.20417353
linux-mshv-virtual-machine,2,1,142587bbceae27ef94e08862d6a3e44024eac9e9,virtio_fs_random_read_iops,ops/s,higher,11744.7202978
linux-mshv-virtual-machine,2,1,142587bbceae27ef94e08862d6a3e44024eac9e9,virtio_fs_random_write_iops,ops/s,higher,11895.5369131
linux-mshv-virtual-machine,2,1,142587bbceae27ef94e08862d6a3e44024eac9e9,virtio_net_udp_roundtrip_ops,ops/s,higher,6324.99212006
linux-mshv-virtual-machine,2,1,3644cbc18c57b900c61bdcd0ce8b6a64586f7b4b,cold_start_base,ms,lower,299.8
linux-mshv-virtual-machine,2,1,3644cbc18c57b900c61bdcd0ce8b6a64586f7b4b,cold_start_clocksource,ms,lower,300.1
linux-mshv-virtual-machine,2,1,3644cbc18c57b900c61bdcd0ce8b6a64586f7b4b,cold_start_cryptomgr_notests,ms,lower,303.5
linux-mshv-virtual-machine,2,1,3644cbc18c57b900c61bdcd0ce8b6a64586f7b4b,cold_start_mitigations_off,ms,lower,268
linux-mshv-virtual-machine,2,1,3644cbc18c57b900c61bdcd0ce8b6a64586f7b4b,cold_start_no_timer_check,ms,lower,254.6
linux-mshv-virtual-machine,2,1,3644cbc18c57b900c61bdcd0ce8b6a64586f7b4b,cold_start_nokaslr,ms,lower,303.8
linux-mshv-virtual-machine,2,1,3644cbc18c57b900c61bdcd0ce8b6a64586f7b4b,cold_start_random_trust_cpu,ms,lower,300.5
linux-mshv-virtual-machine,2,1,3644cbc18c57b900c61bdcd0ce8b6a64586f7b4b,cold_start_rcu_expedited,ms,lower,303.4
linux-mshv-virtual-machine,2,1,3644cbc18c57b900c61bdcd0ce8b6a64586f7b4b,cold_start_tsc_reliable,ms,lower,302.7
linux-mshv-virtual-machine,2,1,3644cbc18c57b900c61bdcd0ce8b6a64586f7b4b,network_snapshot_cold,ms,lower,312.5
linux-mshv-virtual-machine,2,1,3644cbc18c57b900c61bdcd0ce8b6a64586f7b4b,network_snapshot_restore,ms,lower,39.7
linux-mshv-virtual-machine,2,1,3644cbc18c57b900c61bdcd0ce8b6a64586f7b4b,network_snapshot_restore_wall,ms,lower,111.9
linux-mshv-virtual-machine,2,1,3644cbc18c57b900c61bdcd0ce8b6a64586f7b4b,openvmm_cold_start,ms,lower,217.9226635
linux-mshv-virtual-machine,2,1,3644cbc18c57b900c61bdcd0ce8b6a64586f7b4b,openvmm_cold_start_guest_exit_teardown,ms,lower,22.5119465
linux-mshv-virtual-machine,2,1,3644cbc18c57b900c61bdcd0ce8b6a64586f7b4b,openvmm_cold_start_peak_rss,MiB,lower,77.703125
linux-mshv-virtual-machine,2,1,3644cbc18c57b900c61bdcd0ce8b6a64586f7b4b,openvmm_snapshot_generation,ms,lower,3.6641505
linux-mshv-virtual-machine,2,1,3644cbc18c57b900c61bdcd0ce8b6a64586f7b4b,openvmm_snapshot_generation_peak_rss,MiB,lower,80.046875
linux-mshv-virtual-machine,2,1,3644cbc18c57b900c61bdcd0ce8b6a64586f7b4b,openvmm_snapshot_restore,ms,lower,28.85531
linux-mshv-virtual-machine,2,1,3644cbc18c57b900c61bdcd0ce8b6a64586f7b4b,openvmm_snapshot_restore_guest_exit_teardown,ms,lower,7.3118505
linux-mshv-virtual-machine,2,1,3644cbc18c57b900c61bdcd0ce8b6a64586f7b4b,openvmm_snapshot_restore_peak_rss,MiB,lower,57.484375
linux-mshv-virtual-machine,2,1,3644cbc18c57b900c61bdcd0ce8b6a64586f7b4b,shell_snapshot_cold_128_mib,ms,lower,301
linux-mshv-virtual-machine,2,1,3644cbc18c57b900c61bdcd0ce8b6a64586f7b4b,shell_snapshot_cold_256_mib,ms,lower,305
linux-mshv-virtual-machine,2,1,3644cbc18c57b900c61bdcd0ce8b6a64586f7b4b,shell_snapshot_cold_512_mib,ms,lower,310.1
linux-mshv-virtual-machine,2,1,3644cbc18c57b900c61bdcd0ce8b6a64586f7b4b,shell_snapshot_cold_64_mib,ms,lower,296
linux-mshv-virtual-machine,2,1,3644cbc18c57b900c61bdcd0ce8b6a64586f7b4b,shell_snapshot_restore_128_mib,ms,lower,29.7
linux-mshv-virtual-machine,2,1,3644cbc18c57b900c61bdcd0ce8b6a64586f7b4b,shell_snapshot_restore_256_mib,ms,lower,31.3
linux-mshv-virtual-machine,2,1,3644cbc18c57b900c61bdcd0ce8b6a64586f7b4b,shell_snapshot_restore_512_mib,ms,lower,34.7
linux-mshv-virtual-machine,2,1,3644cbc18c57b900c61bdcd0ce8b6a64586f7b4b,shell_snapshot_restore_64_mib,ms,lower,29.5
linux-mshv-virtual-machine,2,1,3644cbc18c57b900c61bdcd0ce8b6a64586f7b4b,virtfs_live_read,MB/s,higher,1200
linux-mshv-virtual-machine,2,1,3644cbc18c57b900c61bdcd0ce8b6a64586f7b4b,virtfs_live_roundtrip,ms,lower,451.7
linux-mshv-virtual-machine,2,1,3644cbc18c57b900c61bdcd0ce8b6a64586f7b4b,virtfs_live_write,MB/s,higher,893.5
linux-mshv-virtual-machine,2,1,3644cbc18c57b900c61bdcd0ce8b6a64586f7b4b,virtio_blk_random_read_iops,ops/s,higher,7285.84787689
linux-mshv-virtual-machine,2,1,3644cbc18c57b900c61bdcd0ce8b6a64586f7b4b,virtio_blk_random_write_iops,ops/s,higher,7310.24762455
linux-mshv-virtual-machine,2,1,3644cbc18c57b900c61bdcd0ce8b6a64586f7b4b,virtio_fs_random_read_iops,ops/s,higher,12264.0786379
linux-mshv-virtual-machine,2,1,3644cbc18c57b900c61bdcd0ce8b6a64586f7b4b,virtio_fs_random_write_iops,ops/s,higher,11268.3077936
linux-mshv-virtual-machine,2,1,3644cbc18c57b900c61bdcd0ce8b6a64586f7b4b,virtio_net_udp_roundtrip_ops,ops/s,higher,6235.30025263
linux-mshv-virtual-machine,2,1,5c86da3dff0267a1771d5954a16ba9807e9504be,cold_start_base,ms,lower,306.8
linux-mshv-virtual-machine,2,1,5c86da3dff0267a1771d5954a16ba9807e9504be,cold_start_clocksource,ms,lower,307.2
linux-mshv-virtual-machine,2,1,5c86da3dff0267a1771d5954a16ba9807e9504be,cold_start_cryptomgr_notests,ms,lower,306.6
linux-mshv-virtual-machine,2,1,5c86da3dff0267a1771d5954a16ba9807e9504be,cold_start_mitigations_off,ms,lower,269.5
linux-mshv-virtual-machine,2,1,5c86da3dff0267a1771d5954a16ba9807e9504be,cold_start_no_timer_check,ms,lower,261.6
linux-mshv-virtual-machine,2,1,5c86da3dff0267a1771d5954a16ba9807e9504be,cold_start_nokaslr,ms,lower,306.7
linux-mshv-virtual-machine,2,1,5c86da3dff0267a1771d5954a16ba9807e9504be,cold_start_random_trust_cpu,ms,lower,306.2
linux-mshv-virtual-machine,2,1,5c86da3dff0267a1771d5954a16ba9807e9504be,cold_start_rcu_expedited,ms,lower,305.7
linux-mshv-virtual-machine,2,1,5c86da3dff0267a1771d5954a16ba9807e9504be,cold_start_tsc_reliable,ms,lower,307.5
linux-mshv-virtual-machine,2,1,5c86da3dff0267a1771d5954a16ba9807e9504be,network_snapshot_cold,ms,lower,314.4
linux-mshv-virtual-machine,2,1,5c86da3dff0267a1771d5954a16ba9807e9504be,network_snapshot_restore,ms,lower,38.7
linux-mshv-virtual-machine,2,1,5c86da3dff0267a1771d5954a16ba9807e9504be,network_snapshot_restore_wall,ms,lower,105.9
linux-mshv-virtual-machine,2,1,5c86da3dff0267a1771d5954a16ba9807e9504be,openvmm_cold_start,ms,lower,223.6961885
linux-mshv-virtual-machine,2,1,5c86da3dff0267a1771d5954a16ba9807e9504be,openvmm_cold_start_guest_exit_teardown,ms,lower,23.744252
linux-mshv-virtual-machine,2,1,5c86da3dff0267a1771d5954a16ba9807e9504be,openvmm_cold_start_peak_rss,MiB,lower,77.703125
linux-mshv-virtual-machine,2,1,5c86da3dff0267a1771d5954a16ba9807e9504be,openvmm_snapshot_generation,ms,lower,4.046256
linux-mshv-virtual-machine,2,1,5c86da3dff0267a1771d5954a16ba9807e9504be,openvmm_snapshot_generation_peak_rss,MiB,lower,80.041015625
linux-mshv-virtual-machine,2,1,5c86da3dff0267a1771d5954a16ba9807e9504be,openvmm_snapshot_restore,ms,lower,31.314653
linux-mshv-virtual-machine,2,1,5c86da3dff0267a1771d5954a16ba9807e9504be,openvmm_snapshot_restore_guest_exit_teardown,ms,lower,8.029911
linux-mshv-virtual-machine,2,1,5c86da3dff0267a1771d5954a16ba9807e9504be,openvmm_snapshot_restore_peak_rss,MiB,lower,55.484375
linux-mshv-virtual-machine,2,1,5c86da3dff0267a1771d5954a16ba9807e9504be,shell_snapshot_cold_128_mib,ms,lower,305.8
linux-mshv-virtual-machine,2,1,5c86da3dff0267a1771d5954a16ba9807e9504be,shell_snapshot_cold_256_mib,ms,lower,312.6
linux-mshv-virtual-machine,2,1,5c86da3dff0267a1771d5954a16ba9807e9504be,shell_snapshot_cold_512_mib,ms,lower,318.9
linux-mshv-virtual-machine,2,1,5c86da3dff0267a1771d5954a16ba9807e9504be,shell_snapshot_cold_64_mib,ms,lower,297.6
linux-mshv-virtual-machine,2,1,5c86da3dff0267a1771d5954a16ba9807e9504be,shell_snapshot_restore_128_mib,ms,lower,32.7
linux-mshv-virtual-machine,2,1,5c86da3dff0267a1771d5954a16ba9807e9504be,shell_snapshot_restore_256_mib,ms,lower,36.4
linux-mshv-virtual-machine,2,1,5c86da3dff0267a1771d5954a16ba9807e9504be,shell_snapshot_restore_512_mib,ms,lower,40.2
linux-mshv-virtual-machine,2,1,5c86da3dff0267a1771d5954a16ba9807e9504be,shell_snapshot_restore_64_mib,ms,lower,32.4
linux-mshv-virtual-machine,2,1,5c86da3dff0267a1771d5954a16ba9807e9504be,virtfs_live_read,MB/s,higher,1100
linux-mshv-virtual-machine,2,1,5c86da3dff0267a1771d5954a16ba9807e9504be,virtfs_live_roundtrip,ms,lower,457.6
linux-mshv-virtual-machine,2,1,5c86da3dff0267a1771d5954a16ba9807e9504be,virtfs_live_write,MB/s,higher,838.5
linux-mshv-virtual-machine,2,1,5c86da3dff0267a1771d5954a16ba9807e9504be,virtio_blk_random_read_iops,ops/s,higher,7437.17057585
linux-mshv-virtual-machine,2,1,5c86da3dff0267a1771d5954a16ba9807e9504be,virtio_blk_random_write_iops,ops/s,higher,7533.60474968
linux-mshv-virtual-machine,2,1,5c86da3dff0267a1771d5954a16ba9807e9504be,virtio_fs_random_read_iops,ops/s,higher,11951.7707758
linux-mshv-virtual-machine,2,1,5c86da3dff0267a1771d5954a16ba9807e9504be,virtio_fs_random_write_iops,ops/s,higher,10405.8638868
linux-mshv-virtual-machine,2,1,5c86da3dff0267a1771d5954a16ba9807e9504be,virtio_net_udp_roundtrip_ops,ops/s,higher,6288.80951659
linux-mshv-virtual-machine,2,1,a1452df7fa3bea9284949f6afc68e6bc2a6b3eb3,cold_start_base,ms,lower,305.1
linux-mshv-virtual-machine,2,1,a1452df7fa3bea9284949f6afc68e6bc2a6b3eb3,cold_start_clocksource,ms,lower,304.9
linux-mshv-virtual-machine,2,1,a1452df7fa3bea9284949f6afc68e6bc2a6b3eb3,cold_start_cryptomgr_notests,ms,lower,305.8
linux-mshv-virtual-machine,2,1,a1452df7fa3bea9284949f6afc68e6bc2a6b3eb3,cold_start_mitigations_off,ms,lower,269.2
linux-mshv-virtual-machine,2,1,a1452df7fa3bea9284949f6afc68e6bc2a6b3eb3,cold_start_no_timer_check,ms,lower,259.5
linux-mshv-virtual-machine,2,1,a1452df7fa3bea9284949f6afc68e6bc2a6b3eb3,cold_start_nokaslr,ms,lower,304.4
linux-mshv-virtual-machine,2,1,a1452df7fa3bea9284949f6afc68e6bc2a6b3eb3,cold_start_random_trust_cpu,ms,lower,306.5
linux-mshv-virtual-machine,2,1,a1452df7fa3bea9284949f6afc68e6bc2a6b3eb3,cold_start_rcu_expedited,ms,lower,306
linux-mshv-virtual-machine,2,1,a1452df7fa3bea9284949f6afc68e6bc2a6b3eb3,cold_start_tsc_reliable,ms,lower,307
linux-mshv-virtual-machine,2,1,a1452df7fa3bea9284949f6afc68e6bc2a6b3eb3,network_snapshot_cold,ms,lower,315.3
linux-mshv-virtual-machine,2,1,a1452df7fa3bea9284949f6afc68e6bc2a6b3eb3,network_snapshot_restore,ms,lower,39.2
linux-mshv-virtual-machine,2,1,a1452df7fa3bea9284949f6afc68e6bc2a6b3eb3,network_snapshot_restore_wall,ms,lower,115.9
linux-mshv-virtual-machine,2,1,a1452df7fa3bea9284949f6afc68e6bc2a6b3eb3,openvmm_cold_start,ms,lower,223.686435
linux-mshv-virtual-machine,2,1,a1452df7fa3bea9284949f6afc68e6bc2a6b3eb3,openvmm_cold_start_guest_exit_teardown,ms,lower,23.9103415
linux-mshv-virtual-machine,2,1,a1452df7fa3bea9284949f6afc68e6bc2a6b3eb3,openvmm_cold_start_peak_rss,MiB,lower,77.703125
linux-mshv-virtual-machine,2,1,a1452df7fa3bea9284949f6afc68e6bc2a6b3eb3,openvmm_snapshot_generation,ms,lower,3.9275485
linux-mshv-virtual-machine,2,1,a1452df7fa3bea9284949f6afc68e6bc2a6b3eb3,openvmm_snapshot_generation_peak_rss,MiB,lower,80.041015625
linux-mshv-virtual-machine,2,1,a1452df7fa3bea9284949f6afc68e6bc2a6b3eb3,openvmm_snapshot_restore,ms,lower,31.475425
linux-mshv-virtual-machine,2,1,a1452df7fa3bea9284949f6afc68e6bc2a6b3eb3,openvmm_snapshot_restore_guest_exit_teardown,ms,lower,7.866856
linux-mshv-virtual-machine,2,1,a1452df7fa3bea9284949f6afc68e6bc2a6b3eb3,openvmm_snapshot_restore_peak_rss,MiB,lower,57.484375
linux-mshv-virtual-machine,2,1,a1452df7fa3bea9284949f6afc68e6bc2a6b3eb3,shell_snapshot_cold_128_mib,ms,lower,307.8
linux-mshv-virtual-machine,2,1,a1452df7fa3bea9284949f6afc68e6bc2a6b3eb3,shell_snapshot_cold_256_mib,ms,lower,312.2
linux-mshv-virtual-machine,2,1,a1452df7fa3bea9284949f6afc68e6bc2a6b3eb3,shell_snapshot_cold_512_mib,ms,lower,316.7
linux-mshv-virtual-machine,2,1,a1452df7fa3bea9284949f6afc68e6bc2a6b3eb3,shell_snapshot_cold_64_mib,ms,lower,298.1
linux-mshv-virtual-machine,2,1,a1452df7fa3bea9284949f6afc68e6bc2a6b3eb3,shell_snapshot_restore_128_mib,ms,lower,32
linux-mshv-virtual-machine,2,1,a1452df7fa3bea9284949f6afc68e6bc2a6b3eb3,shell_snapshot_restore_256_mib,ms,lower,34.5
linux-mshv-virtual-machine,2,1,a1452df7fa3bea9284949f6afc68e6bc2a6b3eb3,shell_snapshot_restore_512_mib,ms,lower,37.5
linux-mshv-virtual-machine,2,1,a1452df7fa3bea9284949f6afc68e6bc2a6b3eb3,shell_snapshot_restore_64_mib,ms,lower,32.2
linux-mshv-virtual-machine,2,1,a1452df7fa3bea9284949f6afc68e6bc2a6b3eb3,virtfs_live_read,MB/s,higher,1100
linux-mshv-virtual-machine,2,1,a1452df7fa3bea9284949f6afc68e6bc2a6b3eb3,virtfs_live_roundtrip,ms,lower,459.3
linux-mshv-virtual-machine,2,1,a1452df7fa3bea9284949f6afc68e6bc2a6b3eb3,virtfs_live_write,MB/s,higher,835.5
linux-mshv-virtual-machine,2,1,a1452df7fa3bea9284949f6afc68e6bc2a6b3eb3,virtio_blk_random_read_iops,ops/s,higher,7621.53133692
linux-mshv-virtual-machine,2,1,a1452df7fa3bea9284949f6afc68e6bc2a6b3eb3,virtio_blk_random_write_iops,ops/s,higher,7632.84921606
linux-mshv-virtual-machine,2,1,a1452df7fa3bea9284949f6afc68e6bc2a6b3eb3,virtio_fs_random_read_iops,ops/s,higher,10799.1098061
linux-mshv-virtual-machine,2,1,a1452df7fa3bea9284949f6afc68e6bc2a6b3eb3,virtio_fs_random_write_iops,ops/s,higher,10905.3277693
linux-mshv-virtual-machine,2,1,a1452df7fa3bea9284949f6afc68e6bc2a6b3eb3,virtio_net_udp_roundtrip_ops,ops/s,higher,6339.94097794
linux-mshv-virtual-machine,2,1,2d3f5c0807b4f40b94552be32975b394b2d71ff7,cold_start_base,ms,lower,306.2
linux-mshv-virtual-machine,2,1,2d3f5c0807b4f40b94552be32975b394b2d71ff7,cold_start_clocksource,ms,lower,306.9
linux-mshv-virtual-machine,2,1,2d3f5c0807b4f40b94552be32975b394b2d71ff7,cold_start_cryptomgr_notests,ms,lower,306.7
linux-mshv-virtual-machine,2,1,2d3f5c0807b4f40b94552be32975b394b2d71ff7,cold_start_mitigations_off,ms,lower,270.3
linux-mshv-virtual-machine,2,1,2d3f5c0807b4f40b94552be32975b394b2d71ff7,cold_start_no_timer_check,ms,lower,259.9
linux-mshv-virtual-machine,2,1,2d3f5c0807b4f40b94552be32975b394b2d71ff7,cold_start_nokaslr,ms,lower,305.8
linux-mshv-virtual-machine,2,1,2d3f5c0807b4f40b94552be32975b394b2d71ff7,cold_start_random_trust_cpu,ms,lower,308
linux-mshv-virtual-machine,2,1,2d3f5c0807b4f40b94552be32975b394b2d71ff7,cold_start_rcu_expedited,ms,lower,306.4
linux-mshv-virtual-machine,2,1,2d3f5c0807b4f40b94552be32975b394b2d71ff7,cold_start_tsc_reliable,ms,lower,305.9
linux-mshv-virtual-machine,2,1,2d3f5c0807b4f40b94552be32975b394b2d71ff7,network_snapshot_cold,ms,lower,316.1
linux-mshv-virtual-machine,2,1,2d3f5c0807b4f40b94552be32975b394b2d71ff7,network_snapshot_restore,ms,lower,40
linux-mshv-virtual-machine,2,1,2d3f5c0807b4f40b94552be32975b394b2d71ff7,network_snapshot_restore_wall,ms,lower,112
linux-mshv-virtual-machine,2,1,2d3f5c0807b4f40b94552be32975b394b2d71ff7,openvmm_cold_start,ms,lower,224.656451
linux-mshv-virtual-machine,2,1,2d3f5c0807b4f40b94552be32975b394b2d71ff7,openvmm_cold_start_guest_exit_teardown,ms,lower,24.0063665
linux-mshv-virtual-machine,2,1,2d3f5c0807b4f40b94552be32975b394b2d71ff7,openvmm_cold_start_peak_rss,MiB,lower,77.703125
linux-mshv-virtual-machine,2,1,2d3f5c0807b4f40b94552be32975b394b2d71ff7,openvmm_snapshot_generation,ms,lower,3.857873
linux-mshv-virtual-machine,2,1,2d3f5c0807b4f40b94552be32975b394b2d71ff7,openvmm_snapshot_generation_peak_rss,MiB,lower,80.044921875
linux-mshv-virtual-machine,2,1,2d3f5c0807b4f40b94552be32975b394b2d71ff7,openvmm_snapshot_restore,ms,lower,31.877831
linux-mshv-virtual-machine,2,1,2d3f5c0807b4f40b94552be32975b394b2d71ff7,openvmm_snapshot_restore_guest_exit_teardown,ms,lower,7.94112
linux-mshv-virtual-machine,2,1,2d3f5c0807b4f40b94552be32975b394b2d71ff7,openvmm_snapshot_restore_peak_rss,MiB,lower,57.484375
linux-mshv-virtual-machine,2,1,2d3f5c0807b4f40b94552be32975b394b2d71ff7,shell_snapshot_cold_128_mib,ms,lower,305.9
linux-mshv-virtual-machine,2,1,2d3f5c0807b4f40b94552be32975b394b2d71ff7,shell_snapshot_cold_256_mib,ms,lower,310.8
linux-mshv-virtual-machine,2,1,2d3f5c0807b4f40b94552be32975b394b2d71ff7,shell_snapshot_cold_512_mib,ms,lower,317.8
linux-mshv-virtual-machine,2,1,2d3f5c0807b4f40b94552be32975b394b2d71ff7,shell_snapshot_cold_64_mib,ms,lower,299.7
linux-mshv-virtual-machine,2,1,2d3f5c0807b4f40b94552be32975b394b2d71ff7,shell_snapshot_restore_128_mib,ms,lower,32.2
linux-mshv-virtual-machine,2,1,2d3f5c0807b4f40b94552be32975b394b2d71ff7,shell_snapshot_restore_256_mib,ms,lower,34.2
linux-mshv-virtual-machine,2,1,2d3f5c0807b4f40b94552be32975b394b2d71ff7,shell_snapshot_restore_512_mib,ms,lower,38.8
linux-mshv-virtual-machine,2,1,2d3f5c0807b4f40b94552be32975b394b2d71ff7,shell_snapshot_restore_64_mib,ms,lower,31.7
linux-mshv-virtual-machine,2,1,2d3f5c0807b4f40b94552be32975b394b2d71ff7,virtfs_live_read,MB/s,higher,1100
linux-mshv-virtual-machine,2,1,2d3f5c0807b4f40b94552be32975b394b2d71ff7,virtfs_live_roundtrip,ms,lower,461.3
linux-mshv-virtual-machine,2,1,2d3f5c0807b4f40b94552be32975b394b2d71ff7,virtfs_live_write,MB/s,higher,841.4
linux-mshv-virtual-machine,2,1,2d3f5c0807b4f40b94552be32975b394b2d71ff7,virtio_blk_random_read_iops,ops/s,higher,7595.17944164
linux-mshv-virtual-machine,2,1,2d3f5c0807b4f40b94552be32975b394b2d71ff7,virtio_blk_random_write_iops,ops/s,higher,7472.70948203
linux-mshv-virtual-machine,2,1,2d3f5c0807b4f40b94552be32975b394b2d71ff7,virtio_fs_random_read_iops,ops/s,higher,11144.5359293
linux-mshv-virtual-machine,2,1,2d3f5c0807b4f40b94552be32975b394b2d71ff7,virtio_fs_random_write_iops,ops/s,higher,11167.957008
linux-mshv-virtual-machine,2,1,2d3f5c0807b4f40b94552be32975b394b2d71ff7,virtio_net_udp_roundtrip_ops,ops/s,higher,6359.0319639
linux-mshv-virtual-machine,2,1,7131135067d5b92ccbc38ff0af698719c54be776,cold_start_base,ms,lower,307.3
linux-mshv-virtual-machine,2,1,7131135067d5b92ccbc38ff0af698719c54be776,cold_start_clocksource,ms,lower,306.9
linux-mshv-virtual-machine,2,1,7131135067d5b92ccbc38ff0af698719c54be776,cold_start_cryptomgr_notests,ms,lower,307.6
linux-mshv-virtual-machine,2,1,7131135067d5b92ccbc38ff0af698719c54be776,cold_start_mitigations_off,ms,lower,269.9
linux-mshv-virtual-machine,2,1,7131135067d5b92ccbc38ff0af698719c54be776,cold_start_no_timer_check,ms,lower,260.4
linux-mshv-virtual-machine,2,1,7131135067d5b92ccbc38ff0af698719c54be776,cold_start_nokaslr,ms,lower,307.2
linux-mshv-virtual-machine,2,1,7131135067d5b92ccbc38ff0af698719c54be776,cold_start_random_trust_cpu,ms,lower,306.4
linux-mshv-virtual-machine,2,1,7131135067d5b92ccbc38ff0af698719c54be776,cold_start_rcu_expedited,ms,lower,305.6
linux-mshv-virtual-machine,2,1,7131135067d5b92ccbc38ff0af698719c54be776,cold_start_tsc_reliable,ms,lower,307.2
linux-mshv-virtual-machine,2,1,7131135067d5b92ccbc38ff0af698719c54be776,network_snapshot_cold,ms,lower,316.4
linux-mshv-virtual-machine,2,1,7131135067d5b92ccbc38ff0af698719c54be776,network_snapshot_restore,ms,lower,39.9
linux-mshv-virtual-machine,2,1,7131135067d5b92ccbc38ff0af698719c54be776,network_snapshot_restore_wall,ms,lower,109.8
linux-mshv-virtual-machine,2,1,7131135067d5b92ccbc38ff0af698719c54be776,openvmm_cold_start,ms,lower,225.749276
linux-mshv-virtual-machine,2,1,7131135067d5b92ccbc38ff0af698719c54be776,openvmm_cold_start_guest_exit_teardown,ms,lower,24.04189
linux-mshv-virtual-machine,2,1,7131135067d5b92ccbc38ff0af698719c54be776,openvmm_cold_start_peak_rss,MiB,lower,77.703125
linux-mshv-virtual-machine,2,1,7131135067d5b92ccbc38ff0af698719c54be776,openvmm_snapshot_generation,ms,lower,4.056515
linux-mshv-virtual-machine,2,1,7131135067d5b92ccbc38ff0af698719c54be776,openvmm_snapshot_generation_peak_rss,MiB,lower,80.01953125
linux-mshv-virtual-machine,2,1,7131135067d5b92ccbc38ff0af698719c54be776,openvmm_snapshot_restore,ms,lower,32.598325
linux-mshv-virtual-machine,2,1,7131135067d5b92ccbc38ff0af698719c54be776,openvmm_snapshot_restore_guest_exit_teardown,ms,lower,8.28693
linux-mshv-virtual-machine,2,1,7131135067d5b92ccbc38ff0af698719c54be776,openvmm_snapshot_restore_peak_rss,MiB,lower,55.421875
linux-mshv-virtual-machine,2,1,7131135067d5b92ccbc38ff0af698719c54be776,shell_snapshot_cold_128_mib,ms,lower,307.6
linux-mshv-virtual-machine,2,1,7131135067d5b92ccbc38ff0af698719c54be776,shell_snapshot_cold_256_mib,ms,lower,312.4
linux-mshv-virtual-machine,2,1,7131135067d5b92ccbc38ff0af698719c54be776,shell_snapshot_cold_512_mib,ms,lower,320.1
linux-mshv-virtual-machine,2,1,7131135067d5b92ccbc38ff0af698719c54be776,shell_snapshot_cold_64_mib,ms,lower,300.6
linux-mshv-virtual-machine,2,1,7131135067d5b92ccbc38ff0af698719c54be776,shell_snapshot_restore_128_mib,ms,lower,33.2
linux-mshv-virtual-machine,2,1,7131135067d5b92ccbc38ff0af698719c54be776,shell_snapshot_restore_256_mib,ms,lower,36.7
linux-mshv-virtual-machine,2,1,7131135067d5b92ccbc38ff0af698719c54be776,shell_snapshot_restore_512_mib,ms,lower,39.3
linux-mshv-virtual-machine,2,1,7131135067d5b92ccbc38ff0af698719c54be776,shell_snapshot_restore_64_mib,ms,lower,33.9
linux-mshv-virtual-machine,2,1,7131135067d5b92ccbc38ff0af698719c54be776,virtfs_live_read,MB/s,higher,1100
linux-mshv-virtual-machine,2,1,7131135067d5b92ccbc38ff0af698719c54be776,virtfs_live_roundtrip,ms,lower,461.7
linux-mshv-virtual-machine,2,1,7131135067d5b92ccbc38ff0af698719c54be776,virtfs_live_write,MB/s,higher,843.6
linux-mshv-virtual-machine,2,1,7131135067d5b92ccbc38ff0af698719c54be776,virtio_blk_random_read_iops,ops/s,higher,7409.21029828
linux-mshv-virtual-machine,2,1,7131135067d5b92ccbc38ff0af698719c54be776,virtio_blk_random_write_iops,ops/s,higher,7650.01605296
linux-mshv-virtual-machine,2,1,7131135067d5b92ccbc38ff0af698719c54be776,virtio_fs_random_read_iops,ops/s,higher,11133.1423236
linux-mshv-virtual-machine,2,1,7131135067d5b92ccbc38ff0af698719c54be776,virtio_fs_random_write_iops,ops/s,higher,11117.7381
linux-mshv-virtual-machine,2,1,7131135067d5b92ccbc38ff0af698719c54be776,virtio_net_udp_roundtrip_ops,ops/s,higher,6194.08780984
linux-mshv-virtual-machine,2,1,e5d97adcfc43261791269bc002a417508b70f75d,cold_start_base,ms,lower,305.1
linux-mshv-virtual-machine,2,1,e5d97adcfc43261791269bc002a417508b70f75d,cold_start_clocksource,ms,lower,306.3
linux-mshv-virtual-machine,2,1,e5d97adcfc43261791269bc002a417508b70f75d,cold_start_cryptomgr_notests,ms,lower,305
linux-mshv-virtual-machine,2,1,e5d97adcfc43261791269bc002a417508b70f75d,cold_start_mitigations_off,ms,lower,269.9
linux-mshv-virtual-machine,2,1,e5d97adcfc43261791269bc002a417508b70f75d,cold_start_no_timer_check,ms,lower,258.1
linux-mshv-virtual-machine,2,1,e5d97adcfc43261791269bc002a417508b70f75d,cold_start_nokaslr,ms,lower,305.1
linux-mshv-virtual-machine,2,1,e5d97adcfc43261791269bc002a417508b70f75d,cold_start_random_trust_cpu,ms,lower,307.1
linux-mshv-virtual-machine,2,1,e5d97adcfc43261791269bc002a417508b70f75d,cold_start_rcu_expedited,ms,lower,307.5
linux-mshv-virtual-machine,2,1,e5d97adcfc43261791269bc002a417508b70f75d,cold_start_tsc_reliable,ms,lower,306
linux-mshv-virtual-machine,2,1,e5d97adcfc43261791269bc002a417508b70f75d,network_snapshot_cold,ms,lower,314.8
linux-mshv-virtual-machine,2,1,e5d97adcfc43261791269bc002a417508b70f75d,network_snapshot_restore,ms,lower,38.8
linux-mshv-virtual-machine,2,1,e5d97adcfc43261791269bc002a417508b70f75d,network_snapshot_restore_wall,ms,lower,113.8
linux-mshv-virtual-machine,2,1,e5d97adcfc43261791269bc002a417508b70f75d,openvmm_cold_start,ms,lower,225.07324
linux-mshv-virtual-machine,2,1,e5d97adcfc43261791269bc002a417508b70f75d,openvmm_cold_start_guest_exit_teardown,ms,lower,24.762853
linux-mshv-virtual-machine,2,1,e5d97adcfc43261791269bc002a417508b70f75d,openvmm_cold_start_peak_rss,MiB,lower,77.625
linux-mshv-virtual-machine,2,1,e5d97adcfc43261791269bc002a417508b70f75d,openvmm_snapshot_generation,ms,lower,3.8256435
linux-mshv-virtual-machine,2,1,e5d97adcfc43261791269bc002a417508b70f75d,openvmm_snapshot_generation_peak_rss,MiB,lower,80.181640625
linux-mshv-virtual-machine,2,1,e5d97adcfc43261791269bc002a417508b70f75d,openvmm_snapshot_restore,ms,lower,30.751791
linux-mshv-virtual-machine,2,1,e5d97adcfc43261791269bc002a417508b70f75d,openvmm_snapshot_restore_guest_exit_teardown,ms,lower,7.9528685
linux-mshv-virtual-machine,2,1,e5d97adcfc43261791269bc002a417508b70f75d,openvmm_snapshot_restore_peak_rss,MiB,lower,57.419921875
linux-mshv-virtual-machine,2,1,e5d97adcfc43261791269bc002a417508b70f75d,shell_snapshot_cold_128_mib,ms,lower,306
linux-mshv-virtual-machine,2,1,e5d97adcfc43261791269bc002a417508b70f75d,shell_snapshot_cold_256_mib,ms,lower,310.9
linux-mshv-virtual-machine,2,1,e5d97adcfc43261791269bc002a417508b70f75d,shell_snapshot_cold_512_mib,ms,lower,316.6
linux-mshv-virtual-machine,2,1,e5d97adcfc43261791269bc002a417508b70f75d,shell_snapshot_cold_64_mib,ms,lower,298.1
linux-mshv-virtual-machine,2,1,e5d97adcfc43261791269bc002a417508b70f75d,shell_snapshot_restore_128_mib,ms,lower,30.9
linux-mshv-virtual-machine,2,1,e5d97adcfc43261791269bc002a417508b70f75d,shell_snapshot_restore_256_mib,ms,lower,34.2
linux-mshv-virtual-machine,2,1,e5d97adcfc43261791269bc002a417508b70f75d,shell_snapshot_restore_512_mib,ms,lower,38.1
linux-mshv-virtual-machine,2,1,e5d97adcfc43261791269bc002a417508b70f75d,shell_snapshot_restore_64_mib,ms,lower,31.7
linux-mshv-virtual-machine,2,1,e5d97adcfc43261791269bc002a417508b70f75d,virtfs_live_read,MB/s,higher,1100
linux-mshv-virtual-machine,2,1,e5d97adcfc43261791269bc002a417508b70f75d,virtfs_live_roundtrip,ms,lower,459.4
linux-mshv-virtual-machine,2,1,e5d97adcfc43261791269bc002a417508b70f75d,virtfs_live_write,MB/s,higher,858.5
linux-mshv-virtual-machine,2,1,e5d97adcfc43261791269bc002a417508b70f75d,virtio_blk_random_read_iops,ops/s,higher,7448.01172028
linux-mshv-virtual-machine,2,1,e5d97adcfc43261791269bc002a417508b70f75d,virtio_blk_random_write_iops,ops/s,higher,7595.5035324
linux-mshv-virtual-machine,2,1,e5d97adcfc43261791269bc002a417508b70f75d,virtio_fs_random_read_iops,ops/s,higher,12244.8078828
linux-mshv-virtual-machine,2,1,e5d97adcfc43261791269bc002a417508b70f75d,virtio_fs_random_write_iops,ops/s,higher,10640.5845544
linux-mshv-virtual-machine,2,1,e5d97adcfc43261791269bc002a417508b70f75d,virtio_net_udp_roundtrip_ops,ops/s,higher,6178.84153513
linux-mshv-virtual-machine,2,1,d561c4300ebe854baba5d154056ead6f9d462047,cold_start_base,ms,lower,305.1
linux-mshv-virtual-machine,2,1,d561c4300ebe854baba5d154056ead6f9d462047,cold_start_clocksource,ms,lower,304.8
linux-mshv-virtual-machine,2,1,d561c4300ebe854baba5d154056ead6f9d462047,cold_start_cryptomgr_notests,ms,lower,310.6
linux-mshv-virtual-machine,2,1,d561c4300ebe854baba5d154056ead6f9d462047,cold_start_mitigations_off,ms,lower,273.8
linux-mshv-virtual-machine,2,1,d561c4300ebe854baba5d154056ead6f9d462047,cold_start_no_timer_check,ms,lower,258.4
linux-mshv-virtual-machine,2,1,d561c4300ebe854baba5d154056ead6f9d462047,cold_start_nokaslr,ms,lower,308.6
linux-mshv-virtual-machine,2,1,d561c4300ebe854baba5d154056ead6f9d462047,cold_start_random_trust_cpu,ms,lower,305.5
linux-mshv-virtual-machine,2,1,d561c4300ebe854baba5d154056ead6f9d462047,cold_start_rcu_expedited,ms,lower,305.6
linux-mshv-virtual-machine,2,1,d561c4300ebe854baba5d154056ead6f9d462047,cold_start_tsc_reliable,ms,lower,304.8
linux-mshv-virtual-machine,2,1,d561c4300ebe854baba5d154056ead6f9d462047,network_snapshot_cold,ms,lower,314.1
linux-mshv-virtual-machine,2,1,d561c4300ebe854baba5d154056ead6f9d462047,network_snapshot_restore,ms,lower,38.4
linux-mshv-virtual-machine,2,1,d561c4300ebe854baba5d154056ead6f9d462047,network_snapshot_restore_wall,ms,lower,113.8
linux-mshv-virtual-machine,2,1,d561c4300ebe854baba5d154056ead6f9d462047,openvmm_cold_start,ms,lower,224.904338
linux-mshv-virtual-machine,2,1,d561c4300ebe854baba5d154056ead6f9d462047,openvmm_cold_start_guest_exit_teardown,ms,lower,24.2406175
linux-mshv-virtual-machine,2,1,d561c4300ebe854baba5d154056ead6f9d462047,openvmm_cold_start_peak_rss,MiB,lower,77.625
linux-mshv-virtual-machine,2,1,d561c4300ebe854baba5d154056ead6f9d462047,openvmm_snapshot_generation,ms,lower,3.7760455
linux-mshv-virtual-machine,2,1,d561c4300ebe854baba5d154056ead6f9d462047,openvmm_snapshot_generation_peak_rss,MiB,lower,80.154296875
linux-mshv-virtual-machine,2,1,d561c4300ebe854baba5d154056ead6f9d462047,openvmm_snapshot_restore,ms,lower,31.491288
linux-mshv-virtual-machine,2,1,d561c4300ebe854baba5d154056ead6f9d462047,openvmm_snapshot_restore_guest_exit_teardown,ms,lower,7.8601475
linux-mshv-virtual-machine,2,1,d561c4300ebe854baba5d154056ead6f9d462047,openvmm_snapshot_restore_peak_rss,MiB,lower,57.421875
linux-mshv-virtual-machine,2,1,d561c4300ebe854baba5d154056ead6f9d462047,shell_snapshot_cold_128_mib,ms,lower,304.7
linux-mshv-virtual-machine,2,1,d561c4300ebe854baba5d154056ead6f9d462047,shell_snapshot_cold_256_mib,ms,lower,311.2
linux-mshv-virtual-machine,2,1,d561c4300ebe854baba5d154056ead6f9d462047,shell_snapshot_cold_512_mib,ms,lower,318.3
linux-mshv-virtual-machine,2,1,d561c4300ebe854baba5d154056ead6f9d462047,shell_snapshot_cold_64_mib,ms,lower,298.3
linux-mshv-virtual-machine,2,1,d561c4300ebe854baba5d154056ead6f9d462047,shell_snapshot_restore_128_mib,ms,lower,30.3
linux-mshv-virtual-machine,2,1,d561c4300ebe854baba5d154056ead6f9d462047,shell_snapshot_restore_256_mib,ms,lower,33.8
linux-mshv-virtual-machine,2,1,d561c4300ebe854baba5d154056ead6f9d462047,shell_snapshot_restore_512_mib,ms,lower,37.5
linux-mshv-virtual-machine,2,1,d561c4300ebe854baba5d154056ead6f9d462047,shell_snapshot_restore_64_mib,ms,lower,30.8
linux-mshv-virtual-machine,2,1,d561c4300ebe854baba5d154056ead6f9d462047,virtfs_live_read,MB/s,higher,1100
linux-mshv-virtual-machine,2,1,d561c4300ebe854baba5d154056ead6f9d462047,virtfs_live_roundtrip,ms,lower,473.5
linux-mshv-virtual-machine,2,1,d561c4300ebe854baba5d154056ead6f9d462047,virtfs_live_write,MB/s,higher,852.4
linux-mshv-virtual-machine,2,1,d561c4300ebe854baba5d154056ead6f9d462047,virtio_blk_random_read_iops,ops/s,higher,7612.12503325
linux-mshv-virtual-machine,2,1,d561c4300ebe854baba5d154056ead6f9d462047,virtio_blk_random_write_iops,ops/s,higher,7378.23199502
linux-mshv-virtual-machine,2,1,d561c4300ebe854baba5d154056ead6f9d462047,virtio_fs_random_read_iops,ops/s,higher,15021.6993237
linux-mshv-virtual-machine,2,1,d561c4300ebe854baba5d154056ead6f9d462047,virtio_fs_random_write_iops,ops/s,higher,12201.6009217
linux-mshv-virtual-machine,2,1,d561c4300ebe854baba5d154056ead6f9d462047,virtio_net_udp_roundtrip_ops,ops/s,higher,6414.27467571
linux-mshv-virtual-machine,2,1,17961dfdeb160ea35cba94ac82c2ffa981f9c5fd,cold_start_base,ms,lower,308.4
linux-mshv-virtual-machine,2,1,17961dfdeb160ea35cba94ac82c2ffa981f9c5fd,cold_start_clocksource,ms,lower,307.3
linux-mshv-virtual-machine,2,1,17961dfdeb160ea35cba94ac82c2ffa981f9c5fd,cold_start_cryptomgr_notests,ms,lower,308.1
linux-mshv-virtual-machine,2,1,17961dfdeb160ea35cba94ac82c2ffa981f9c5fd,cold_start_mitigations_off,ms,lower,272.4
linux-mshv-virtual-machine,2,1,17961dfdeb160ea35cba94ac82c2ffa981f9c5fd,cold_start_no_timer_check,ms,lower,261.8
linux-mshv-virtual-machine,2,1,17961dfdeb160ea35cba94ac82c2ffa981f9c5fd,cold_start_nokaslr,ms,lower,308.4
linux-mshv-virtual-machine,2,1,17961dfdeb160ea35cba94ac82c2ffa981f9c5fd,cold_start_random_trust_cpu,ms,lower,309.9
linux-mshv-virtual-machine,2,1,17961dfdeb160ea35cba94ac82c2ffa981f9c5fd,cold_start_rcu_expedited,ms,lower,308.2
linux-mshv-virtual-machine,2,1,17961dfdeb160ea35cba94ac82c2ffa981f9c5fd,cold_start_tsc_reliable,ms,lower,307.7
linux-mshv-virtual-machine,2,1,17961dfdeb160ea35cba94ac82c2ffa981f9c5fd,network_snapshot_cold,ms,lower,315.6
linux-mshv-virtual-machine,2,1,17961dfdeb160ea35cba94ac82c2ffa981f9c5fd,network_snapshot_restore,ms,lower,40.8
linux-mshv-virtual-machine,2,1,17961dfdeb160ea35cba94ac82c2ffa981f9c5fd,network_snapshot_restore_wall,ms,lower,107.8
linux-mshv-virtual-machine,2,1,17961dfdeb160ea35cba94ac82c2ffa981f9c5fd,openvmm_cold_start,ms,lower,227.043944
linux-mshv-virtual-machine,2,1,17961dfdeb160ea35cba94ac82c2ffa981f9c5fd,openvmm_cold_start_guest_exit_teardown,ms,lower,23.3959665
linux-mshv-virtual-machine,2,1,17961dfdeb160ea35cba94ac82c2ffa981f9c5fd,openvmm_cold_start_peak_rss,MiB,lower,77.625
linux-mshv-virtual-machine,2,1,17961dfdeb160ea35cba94ac82c2ffa981f9c5fd,openvmm_snapshot_generation,ms,lower,4.065476
linux-mshv-virtual-machine,2,1,17961dfdeb160ea35cba94ac82c2ffa981f9c5fd,openvmm_snapshot_generation_peak_rss,MiB,lower,80.15234375
linux-mshv-virtual-machine,2,1,17961dfdeb160ea35cba94ac82c2ffa981f9c5fd,openvmm_snapshot_restore,ms,lower,32.03206
linux-mshv-virtual-machine,2,1,17961dfdeb160ea35cba94ac82c2ffa981f9c5fd,openvmm_snapshot_restore_guest_exit_teardown,ms,lower,7.96639
linux-mshv-virtual-machine,2,1,17961dfdeb160ea35cba94ac82c2ffa981f9c5fd,openvmm_snapshot_restore_peak_rss,MiB,lower,57.421875
linux-mshv-virtual-machine,2,1,17961dfdeb160ea35cba94ac82c2ffa981f9c5fd,shell_snapshot_cold_128_mib,ms,lower,307.5
linux-mshv-virtual-machine,2,1,17961dfdeb160ea35cba94ac82c2ffa981f9c5fd,shell_snapshot_cold_256_mib,ms,lower,313.6
linux-mshv-virtual-machine,2,1,17961dfdeb160ea35cba94ac82c2ffa981f9c5fd,shell_snapshot_cold_512_mib,ms,lower,321
linux-mshv-virtual-machine,2,1,17961dfdeb160ea35cba94ac82c2ffa981f9c5fd,shell_snapshot_cold_64_mib,ms,lower,301
linux-mshv-virtual-machine,2,1,17961dfdeb160ea35cba94ac82c2ffa981f9c5fd,shell_snapshot_restore_128_mib,ms,lower,32.1
linux-mshv-virtual-machine,2,1,17961dfdeb160ea35cba94ac82c2ffa981f9c5fd,shell_snapshot_restore_256_mib,ms,lower,36.6
linux-mshv-virtual-machine,2,1,17961dfdeb160ea35cba94ac82c2ffa981f9c5fd,shell_snapshot_restore_512_mib,ms,lower,40.1
linux-mshv-virtual-machine,2,1,17961dfdeb160ea35cba94ac82c2ffa981f9c5fd,shell_snapshot_restore_64_mib,ms,lower,32.3
linux-mshv-virtual-machine,2,1,17961dfdeb160ea35cba94ac82c2ffa981f9c5fd,virtfs_live_read,MB/s,higher,1100
linux-mshv-virtual-machine,2,1,17961dfdeb160ea35cba94ac82c2ffa981f9c5fd,virtfs_live_roundtrip,ms,lower,463.3
linux-mshv-virtual-machine,2,1,17961dfdeb160ea35cba94ac82c2ffa981f9c5fd,virtfs_live_write,MB/s,higher,836.2
linux-mshv-virtual-machine,2,1,17961dfdeb160ea35cba94ac82c2ffa981f9c5fd,virtio_blk_random_read_iops,ops/s,higher,7448.09574334
linux-mshv-virtual-machine,2,1,17961dfdeb160ea35cba94ac82c2ffa981f9c5fd,virtio_blk_random_write_iops,ops/s,higher,7252.68669072
linux-mshv-virtual-machine,2,1,17961dfdeb160ea35cba94ac82c2ffa981f9c5fd,virtio_fs_random_read_iops,ops/s,higher,10698.3851061
linux-mshv-virtual-machine,2,1,17961dfdeb160ea35cba94ac82c2ffa981f9c5fd,virtio_fs_random_write_iops,ops/s,higher,10955.4031199
linux-mshv-virtual-machine,2,1,17961dfdeb160ea35cba94ac82c2ffa981f9c5fd,virtio_net_udp_roundtrip_ops,ops/s,higher,6312.69241305
linux-mshv-virtual-machine,2,1,c0921961442cfa17fdfff3889bbe17e78cfe3afd,cold_start_base,ms,lower,306.4
linux-mshv-virtual-machine,2,1,c0921961442cfa17fdfff3889bbe17e78cfe3afd,cold_start_clocksource,ms,lower,306.4
linux-mshv-virtual-machine,2,1,c0921961442cfa17fdfff3889bbe17e78cfe3afd,cold_start_cryptomgr_notests,ms,lower,307.5
linux-mshv-virtual-machine,2,1,c0921961442cfa17fdfff3889bbe17e78cfe3afd,cold_start_mitigations_off,ms,lower,270.8
linux-mshv-virtual-machine,2,1,c0921961442cfa17fdfff3889bbe17e78cfe3afd,cold_start_no_timer_check,ms,lower,261
linux-mshv-virtual-machine,2,1,c0921961442cfa17fdfff3889bbe17e78cfe3afd,cold_start_nokaslr,ms,lower,308.1
linux-mshv-virtual-machine,2,1,c0921961442cfa17fdfff3889bbe17e78cfe3afd,cold_start_random_trust_cpu,ms,lower,307.3
linux-mshv-virtual-machine,2,1,c0921961442cfa17fdfff3889bbe17e78cfe3afd,cold_start_rcu_expedited,ms,lower,307.3
linux-mshv-virtual-machine,2,1,c0921961442cfa17fdfff3889bbe17e78cfe3afd,cold_start_tsc_reliable,ms,lower,306.4
linux-mshv-virtual-machine,2,1,c0921961442cfa17fdfff3889bbe17e78cfe3afd,network_snapshot_cold,ms,lower,315.3
linux-mshv-virtual-machine,2,1,c0921961442cfa17fdfff3889bbe17e78cfe3afd,network_snapshot_restore,ms,lower,39.5
linux-mshv-virtual-machine,2,1,c0921961442cfa17fdfff3889bbe17e78cfe3afd,network_snapshot_restore_wall,ms,lower,110
linux-mshv-virtual-machine,2,1,c0921961442cfa17fdfff3889bbe17e78cfe3afd,openvmm_cold_start,ms,lower,224.723893
linux-mshv-virtual-machine,2,1,c0921961442cfa17fdfff3889bbe17e78cfe3afd,openvmm_cold_start_guest_exit_teardown,ms,lower,23.818737
linux-mshv-virtual-machine,2,1,c0921961442cfa17fdfff3889bbe17e78cfe3afd,openvmm_cold_start_peak_rss,MiB,lower,77.625
linux-mshv-virtual-machine,2,1,c0921961442cfa17fdfff3889bbe17e78cfe3afd,openvmm_snapshot_generation,ms,lower,3.943247
linux-mshv-virtual-machine,2,1,c0921961442cfa17fdfff3889bbe17e78cfe3afd,openvmm_snapshot_generation_peak_rss,MiB,lower,80.146484375
linux-mshv-virtual-machine,2,1,c0921961442cfa17fdfff3889bbe17e78cfe3afd,openvmm_snapshot_restore,ms,lower,32.5290135
linux-mshv-virtual-machine,2,1,c0921961442cfa17fdfff3889bbe17e78cfe3afd,openvmm_snapshot_restore_guest_exit_teardown,ms,lower,8.243339
linux-mshv-virtual-machine,2,1,c0921961442cfa17fdfff3889bbe17e78cfe3afd,openvmm_snapshot_restore_peak_rss,MiB,lower,57.421875
linux-mshv-virtual-machine,2,1,c0921961442cfa17fdfff3889bbe17e78cfe3afd,shell_snapshot_cold_128_mib,ms,lower,306.5
linux-mshv-virtual-machine,2,1,c0921961442cfa17fdfff3889bbe17e78cfe3afd,shell_snapshot_cold_256_mib,ms,lower,310.8
linux-mshv-virtual-machine,2,1,c0921961442cfa17fdfff3889bbe17e78cfe3afd,shell_snapshot_cold_512_mib,ms,lower,318.3
linux-mshv-virtual-machine,2,1,c0921961442cfa17fdfff3889bbe17e78cfe3afd,shell_snapshot_cold_64_mib,ms,lower,297.6
linux-mshv-virtual-machine,2,1,c0921961442cfa17fdfff3889bbe17e78cfe3afd,shell_snapshot_restore_128_mib,ms,lower,30
linux-mshv-virtual-machine,2,1,c0921961442cfa17fdfff3889bbe17e78cfe3afd,shell_snapshot_restore_256_mib,ms,lower,34.9
linux-mshv-virtual-machine,2,1,c0921961442cfa17fdfff3889bbe17e78cfe3afd,shell_snapshot_restore_512_mib,ms,lower,39.7
linux-mshv-virtual-machine,2,1,c0921961442cfa17fdfff3889bbe17e78cfe3afd,shell_snapshot_restore_64_mib,ms,lower,31.3
linux-mshv-virtual-machine,2,1,c0921961442cfa17fdfff3889bbe17e78cfe3afd,virtfs_live_read,MB/s,higher,1100
linux-mshv-virtual-machine,2,1,c0921961442cfa17fdfff3889bbe17e78cfe3afd,virtfs_live_roundtrip,ms,lower,463.4
linux-mshv-virtual-machine,2,1,c0921961442cfa17fdfff3889bbe17e78cfe3afd,virtfs_live_write,MB/s,higher,846.8
linux-mshv-virtual-machine,2,1,c0921961442cfa17fdfff3889bbe17e78cfe3afd,virtio_blk_random_read_iops,ops/s,higher,7485.83524051
linux-mshv-virtual-machine,2,1,c0921961442cfa17fdfff3889bbe17e78cfe3afd,virtio_blk_random_write_iops,ops/s,higher,7413.71361312
linux-mshv-virtual-machine,2,1,c0921961442cfa17fdfff3889bbe17e78cfe3afd,virtio_fs_random_read_iops,ops/s,higher,11153.0728631
linux-mshv-virtual-machine,2,1,c0921961442cfa17fdfff3889bbe17e78cfe3afd,virtio_fs_random_write_iops,ops/s,higher,10724.5233126
linux-mshv-virtual-machine,2,1,c0921961442cfa17fdfff3889bbe17e78cfe3afd,virtio_net_udp_roundtrip_ops,ops/s,higher,6277.40877794
linux-mshv-virtual-machine,2,1,b23800654c50168936275815a79b2af068b03317,cold_start_base,ms,lower,302.7
linux-mshv-virtual-machine,2,1,b23800654c50168936275815a79b2af068b03317,cold_start_clocksource,ms,lower,304.5
linux-mshv-virtual-machine,2,1,b23800654c50168936275815a79b2af068b03317,cold_start_cryptomgr_notests,ms,lower,304.8
linux-mshv-virtual-machine,2,1,b23800654c50168936275815a79b2af068b03317,cold_start_mitigations_off,ms,lower,268.4
linux-mshv-virtual-machine,2,1,b23800654c50168936275815a79b2af068b03317,cold_start_no_timer_check,ms,lower,258.2
linux-mshv-virtual-machine,2,1,b23800654c50168936275815a79b2af068b03317,cold_start_nokaslr,ms,lower,304.2
linux-mshv-virtual-machine,2,1,b23800654c50168936275815a79b2af068b03317,cold_start_random_trust_cpu,ms,lower,304.1
linux-mshv-virtual-machine,2,1,b23800654c50168936275815a79b2af068b03317,cold_start_rcu_expedited,ms,lower,304.2
linux-mshv-virtual-machine,2,1,b23800654c50168936275815a79b2af068b03317,cold_start_tsc_reliable,ms,lower,305.8
linux-mshv-virtual-machine,2,1,b23800654c50168936275815a79b2af068b03317,network_snapshot_cold,ms,lower,313.3
linux-mshv-virtual-machine,2,1,b23800654c50168936275815a79b2af068b03317,network_snapshot_restore,ms,lower,39.9
linux-mshv-virtual-machine,2,1,b23800654c50168936275815a79b2af068b03317,network_snapshot_restore_wall,ms,lower,113.9
linux-mshv-virtual-machine,2,1,b23800654c50168936275815a79b2af068b03317,openvmm_cold_start,ms,lower,223.8573735
linux-mshv-virtual-machine,2,1,b23800654c50168936275815a79b2af068b03317,openvmm_cold_start_guest_exit_teardown,ms,lower,24.1736945
linux-mshv-virtual-machine,2,1,b23800654c50168936275815a79b2af068b03317,openvmm_cold_start_peak_rss,MiB,lower,77.625
linux-mshv-virtual-machine,2,1,b23800654c50168936275815a79b2af068b03317,openvmm_snapshot_generation,ms,lower,3.8547385
linux-mshv-virtual-machine,2,1,b23800654c50168936275815a79b2af068b03317,openvmm_snapshot_generation_peak_rss,MiB,lower,80.15234375
linux-mshv-virtual-machine,2,1,b23800654c50168936275815a79b2af068b03317,openvmm_snapshot_restore,ms,lower,31.1595825
linux-mshv-virtual-machine,2,1,b23800654c50168936275815a79b2af068b03317,openvmm_snapshot_restore_guest_exit_teardown,ms,lower,7.8021705
linux-mshv-virtual-machine,2,1,b23800654c50168936275815a79b2af068b03317,openvmm_snapshot_restore_peak_rss,MiB,lower,57.421875
linux-mshv-virtual-machine,2,1,b23800654c50168936275815a79b2af068b03317,shell_snapshot_cold_128_mib,ms,lower,305.2
linux-mshv-virtual-machine,2,1,b23800654c50168936275815a79b2af068b03317,shell_snapshot_cold_256_mib,ms,lower,309.4
linux-mshv-virtual-machine,2,1,b23800654c50168936275815a79b2af068b03317,shell_snapshot_cold_512_mib,ms,lower,317.1
linux-mshv-virtual-machine,2,1,b23800654c50168936275815a79b2af068b03317,shell_snapshot_cold_64_mib,ms,lower,297.3
linux-mshv-virtual-machine,2,1,b23800654c50168936275815a79b2af068b03317,shell_snapshot_restore_128_mib,ms,lower,31.6
linux-mshv-virtual-machine,2,1,b23800654c50168936275815a79b2af068b03317,shell_snapshot_restore_256_mib,ms,lower,35.8
linux-mshv-virtual-machine,2,1,b23800654c50168936275815a79b2af068b03317,shell_snapshot_restore_512_mib,ms,lower,40.3
linux-mshv-virtual-machine,2,1,b23800654c50168936275815a79b2af068b03317,shell_snapshot_restore_64_mib,ms,lower,32.2
linux-mshv-virtual-machine,2,1,b23800654c50168936275815a79b2af068b03317,virtfs_live_read,MB/s,higher,1100
linux-mshv-virtual-machine,2,1,b23800654c50168936275815a79b2af068b03317,virtfs_live_roundtrip,ms,lower,457.3
linux-mshv-virtual-machine,2,1,b23800654c50168936275815a79b2af068b03317,virtfs_live_write,MB/s,higher,847.8
linux-mshv-virtual-machine,2,1,b23800654c50168936275815a79b2af068b03317,virtio_blk_random_read_iops,ops/s,higher,7742.32413444
linux-mshv-virtual-machine,2,1,b23800654c50168936275815a79b2af068b03317,virtio_blk_random_write_iops,ops/s,higher,7343.25758643
linux-mshv-virtual-machine,2,1,b23800654c50168936275815a79b2af068b03317,virtio_fs_random_read_iops,ops/s,higher,11402.7051798
linux-mshv-virtual-machine,2,1,b23800654c50168936275815a79b2af068b03317,virtio_fs_random_write_iops,ops/s,higher,12062.1807503
linux-mshv-virtual-machine,2,1,b23800654c50168936275815a79b2af068b03317,virtio_net_udp_roundtrip_ops,ops/s,higher,6119.38198256
linux-mshv-virtual-machine,2,1,62178bd4d3259532a75a75a09d159a4d798e0c7c,cold_start_base,ms,lower,304.9
linux-mshv-virtual-machine,2,1,62178bd4d3259532a75a75a09d159a4d798e0c7c,cold_start_clocksource,ms,lower,305.1
linux-mshv-virtual-machine,2,1,62178bd4d3259532a75a75a09d159a4d798e0c7c,cold_start_cryptomgr_notests,ms,lower,304
linux-mshv-virtual-machine,2,1,62178bd4d3259532a75a75a09d159a4d798e0c7c,cold_start_mitigations_off,ms,lower,268.3
linux-mshv-virtual-machine,2,1,62178bd4d3259532a75a75a09d159a4d798e0c7c,cold_start_no_timer_check,ms,lower,259.1
linux-mshv-virtual-machine,2,1,62178bd4d3259532a75a75a09d159a4d798e0c7c,cold_start_nokaslr,ms,lower,304.4
linux-mshv-virtual-machine,2,1,62178bd4d3259532a75a75a09d159a4d798e0c7c,cold_start_random_trust_cpu,ms,lower,305.2
linux-mshv-virtual-machine,2,1,62178bd4d3259532a75a75a09d159a4d798e0c7c,cold_start_rcu_expedited,ms,lower,305.1
linux-mshv-virtual-machine,2,1,62178bd4d3259532a75a75a09d159a4d798e0c7c,cold_start_tsc_reliable,ms,lower,304.6
linux-mshv-virtual-machine,2,1,62178bd4d3259532a75a75a09d159a4d798e0c7c,network_snapshot_cold,ms,lower,313.7
linux-mshv-virtual-machine,2,1,62178bd4d3259532a75a75a09d159a4d798e0c7c,network_snapshot_restore,ms,lower,39.9
linux-mshv-virtual-machine,2,1,62178bd4d3259532a75a75a09d159a4d798e0c7c,network_snapshot_restore_wall,ms,lower,109.9
linux-mshv-virtual-machine,2,1,62178bd4d3259532a75a75a09d159a4d798e0c7c,openvmm_cold_start,ms,lower,222.4843325
linux-mshv-virtual-machine,2,1,62178bd4d3259532a75a75a09d159a4d798e0c7c,openvmm_cold_start_guest_exit_teardown,ms,lower,23.7791585
linux-mshv-virtual-machine,2,1,62178bd4d3259532a75a75a09d159a4d798e0c7c,openvmm_cold_start_peak_rss,MiB,lower,77.625
linux-mshv-virtual-machine,2,1,62178bd4d3259532a75a75a09d159a4d798e0c7c,openvmm_snapshot_generation,ms,lower,3.9043565
linux-mshv-virtual-machine,2,1,62178bd4d3259532a75a75a09d159a4d798e0c7c,openvmm_snapshot_generation_peak_rss,MiB,lower,80.15625
linux-mshv-virtual-machine,2,1,62178bd4d3259532a75a75a09d159a4d798e0c7c,openvmm_snapshot_restore,ms,lower,31.416134
linux-mshv-virtual-machine,2,1,62178bd4d3259532a75a75a09d159a4d798e0c7c,openvmm_snapshot_restore_guest_exit_teardown,ms,lower,7.903496
linux-mshv-virtual-machine,2,1,62178bd4d3259532a75a75a09d159a4d798e0c7c,openvmm_snapshot_restore_peak_rss,MiB,lower,57.421875
linux-mshv-virtual-machine,2,1,62178bd4d3259532a75a75a09d159a4d798e0c7c,shell_snapshot_cold_128_mib,ms,lower,305.7
linux-mshv-virtual-machine,2,1,62178bd4d3259532a75a75a09d159a4d798e0c7c,shell_snapshot_cold_256_mib,ms,lower,309.6
linux-mshv-virtual-machine,2,1,62178bd4d3259532a75a75a09d159a4d798e0c7c,shell_snapshot_cold_512_mib,ms,lower,316.6
linux-mshv-virtual-machine,2,1,62178bd4d3259532a75a75a09d159a4d798e0c7c,shell_snapshot_cold_64_mib,ms,lower,298.2
linux-mshv-virtual-machine,2,1,62178bd4d3259532a75a75a09d159a4d798e0c7c,shell_snapshot_restore_128_mib,ms,lower,31.8
linux-mshv-virtual-machine,2,1,62178bd4d3259532a75a75a09d159a4d798e0c7c,shell_snapshot_restore_256_mib,ms,lower,35
linux-mshv-virtual-machine,2,1,62178bd4d3259532a75a75a09d159a4d798e0c7c,shell_snapshot_restore_512_mib,ms,lower,39.9
linux-mshv-virtual-machine,2,1,62178bd4d3259532a75a75a09d159a4d798e0c7c,shell_snapshot_restore_64_mib,ms,lower,30.2
linux-mshv-virtual-machine,2,1,62178bd4d3259532a75a75a09d159a4d798e0c7c,virtfs_live_read,MB/s,higher,1100
linux-mshv-virtual-machine,2,1,62178bd4d3259532a75a75a09d159a4d798e0c7c,virtfs_live_roundtrip,ms,lower,459.4
linux-mshv-virtual-machine,2,1,62178bd4d3259532a75a75a09d159a4d798e0c7c,virtfs_live_write,MB/s,higher,842.4
linux-mshv-virtual-machine,2,1,62178bd4d3259532a75a75a09d159a4d798e0c7c,virtio_blk_random_read_iops,ops/s,higher,7578.97921707
linux-mshv-virtual-machine,2,1,62178bd4d3259532a75a75a09d159a4d798e0c7c,virtio_blk_random_write_iops,ops/s,higher,7415.00675003
linux-mshv-virtual-machine,2,1,62178bd4d3259532a75a75a09d159a4d798e0c7c,virtio_fs_random_read_iops,ops/s,higher,11178.9139118
linux-mshv-virtual-machine,2,1,62178bd4d3259532a75a75a09d159a4d798e0c7c,virtio_fs_random_write_iops,ops/s,higher,11060.4004797
linux-mshv-virtual-machine,2,1,62178bd4d3259532a75a75a09d159a4d798e0c7c,virtio_net_udp_roundtrip_ops,ops/s,higher,6129.70710195
linux-mshv-virtual-machine,2,1,f58f4238a086847b24f43d24fd45450b98114718,cold_start_base,ms,lower,307.8
linux-mshv-virtual-machine,2,1,f58f4238a086847b24f43d24fd45450b98114718,cold_start_clocksource,ms,lower,308.4
linux-mshv-virtual-machine,2,1,f58f4238a086847b24f43d24fd45450b98114718,cold_start_cryptomgr_notests,ms,lower,308.5
linux-mshv-virtual-machine,2,1,f58f4238a086847b24f43d24fd45450b98114718,cold_start_mitigations_off,ms,lower,273.5
linux-mshv-virtual-machine,2,1,f58f4238a086847b24f43d24fd45450b98114718,cold_start_no_timer_check,ms,lower,262.3
linux-mshv-virtual-machine,2,1,f58f4238a086847b24f43d24fd45450b98114718,cold_start_nokaslr,ms,lower,309.5
linux-mshv-virtual-machine,2,1,f58f4238a086847b24f43d24fd45450b98114718,cold_start_random_trust_cpu,ms,lower,307.8
linux-mshv-virtual-machine,2,1,f58f4238a086847b24f43d24fd45450b98114718,cold_start_rcu_expedited,ms,lower,308
linux-mshv-virtual-machine,2,1,f58f4238a086847b24f43d24fd45450b98114718,cold_start_tsc_reliable,ms,lower,308.2
linux-mshv-virtual-machine,2,1,f58f4238a086847b24f43d24fd45450b98114718,network_snapshot_cold,ms,lower,317.3
linux-mshv-virtual-machine,2,1,f58f4238a086847b24f43d24fd45450b98114718,network_snapshot_restore,ms,lower,38.9
linux-mshv-virtual-machine,2,1,f58f4238a086847b24f43d24fd45450b98114718,network_snapshot_restore_wall,ms,lower,111.9
linux-mshv-virtual-machine,2,1,f58f4238a086847b24f43d24fd45450b98114718,openvmm_cold_start,ms,lower,227.2340455
linux-mshv-virtual-machine,2,1,f58f4238a086847b24f43d24fd45450b98114718,openvmm_cold_start_guest_exit_teardown,ms,lower,23.4762335
linux-mshv-virtual-machine,2,1,f58f4238a086847b24f43d24fd45450b98114718,openvmm_cold_start_peak_rss,MiB,lower,77.625
linux-mshv-virtual-machine,2,1,f58f4238a086847b24f43d24fd45450b98114718,openvmm_snapshot_generation,ms,lower,3.7307055
linux-mshv-virtual-machine,2,1,f58f4238a086847b24f43d24fd45450b98114718,openvmm_snapshot_generation_peak_rss,MiB,lower,80.169921875
linux-mshv-virtual-machine,2,1,f58f4238a086847b24f43d24fd45450b98114718,openvmm_snapshot_restore,ms,lower,31.532124
linux-mshv-virtual-machine,2,1,f58f4238a086847b24f43d24fd45450b98114718,openvmm_snapshot_restore_guest_exit_teardown,ms,lower,7.932455
linux-mshv-virtual-machine,2,1,f58f4238a086847b24f43d24fd45450b98114718,openvmm_snapshot_restore_peak_rss,MiB,lower,57.421875
linux-mshv-virtual-machine,2,1,f58f4238a086847b24f43d24fd45450b98114718,shell_snapshot_cold_128_mib,ms,lower,307.6
linux-mshv-virtual-machine,2,1,f58f4238a086847b24f43d24fd45450b98114718,shell_snapshot_cold_256_mib,ms,lower,311.8
linux-mshv-virtual-machine,2,1,f58f4238a086847b24f43d24fd45450b98114718,shell_snapshot_cold_512_mib,ms,lower,318.8
linux-mshv-virtual-machine,2,1,f58f4238a086847b24f43d24fd45450b98114718,shell_snapshot_cold_64_mib,ms,lower,300.5
linux-mshv-virtual-machine,2,1,f58f4238a086847b24f43d24fd45450b98114718,shell_snapshot_restore_128_mib,ms,lower,31.5
linux-mshv-virtual-machine,2,1,f58f4238a086847b24f43d24fd45450b98114718,shell_snapshot_restore_256_mib,ms,lower,34.3
linux-mshv-virtual-machine,2,1,f58f4238a086847b24f43d24fd45450b98114718,shell_snapshot_restore_512_mib,ms,lower,38.2
linux-mshv-virtual-machine,2,1,f58f4238a086847b24f43d24fd45450b98114718,shell_snapshot_restore_64_mib,ms,lower,31.5
linux-mshv-virtual-machine,2,1,f58f4238a086847b24f43d24fd45450b98114718,virtfs_live_read,MB/s,higher,1100
linux-mshv-virtual-machine,2,1,f58f4238a086847b24f43d24fd45450b98114718,virtfs_live_roundtrip,ms,lower,463.4
linux-mshv-virtual-machine,2,1,f58f4238a086847b24f43d24fd45450b98114718,virtfs_live_write,MB/s,higher,848.5
linux-mshv-virtual-machine,2,1,f58f4238a086847b24f43d24fd45450b98114718,virtio_blk_random_read_iops,ops/s,higher,7643.81202768
linux-mshv-virtual-machine,2,1,f58f4238a086847b24f43d24fd45450b98114718,virtio_blk_random_write_iops,ops/s,higher,7434.39432752
linux-mshv-virtual-machine,2,1,f58f4238a086847b24f43d24fd45450b98114718,virtio_fs_random_read_iops,ops/s,higher,11411.2440765
linux-mshv-virtual-machine,2,1,f58f4238a086847b24f43d24fd45450b98114718,virtio_fs_random_write_iops,ops/s,higher,11022.5750069
linux-mshv-virtual-machine,2,1,f58f4238a086847b24f43d24fd45450b98114718,virtio_net_udp_roundtrip_ops,ops/s,higher,7010.83337551
linux-mshv-virtual-machine,2,1,0f167bae7183fcd550dd9b6538b0b5365c52f8f9,cold_start_base,ms,lower,309.1
linux-mshv-virtual-machine,2,1,0f167bae7183fcd550dd9b6538b0b5365c52f8f9,cold_start_clocksource,ms,lower,308.5
linux-mshv-virtual-machine,2,1,0f167bae7183fcd550dd9b6538b0b5365c52f8f9,cold_start_cryptomgr_notests,ms,lower,308.5
linux-mshv-virtual-machine,2,1,0f167bae7183fcd550dd9b6538b0b5365c52f8f9,cold_start_mitigations_off,ms,lower,271.6
linux-mshv-virtual-machine,2,1,0f167bae7183fcd550dd9b6538b0b5365c52f8f9,cold_start_no_timer_check,ms,lower,263
linux-mshv-virtual-machine,2,1,0f167bae7183fcd550dd9b6538b0b5365c52f8f9,cold_start_nokaslr,ms,lower,308
linux-mshv-virtual-machine,2,1,0f167bae7183fcd550dd9b6538b0b5365c52f8f9,cold_start_random_trust_cpu,ms,lower,308.3
linux-mshv-virtual-machine,2,1,0f167bae7183fcd550dd9b6538b0b5365c52f8f9,cold_start_rcu_expedited,ms,lower,308.7
linux-mshv-virtual-machine,2,1,0f167bae7183fcd550dd9b6538b0b5365c52f8f9,cold_start_tsc_reliable,ms,lower,308.2
linux-mshv-virtual-machine,2,1,0f167bae7183fcd550dd9b6538b0b5365c52f8f9,network_snapshot_cold,ms,lower,316.9
linux-mshv-virtual-machine,2,1,0f167bae7183fcd550dd9b6538b0b5365c52f8f9,network_snapshot_restore,ms,lower,36.7
linux-mshv-virtual-machine,2,1,0f167bae7183fcd550dd9b6538b0b5365c52f8f9,network_snapshot_restore_wall,ms,lower,107.8
linux-mshv-virtual-machine,2,1,0f167bae7183fcd550dd9b6538b0b5365c52f8f9,openvmm_cold_start,ms,lower,226.6235445
linux-mshv-virtual-machine,2,1,0f167bae7183fcd550dd9b6538b0b5365c52f8f9,openvmm_cold_start_guest_exit_teardown,ms,lower,23.2925715
linux-mshv-virtual-machine,2,1,0f167bae7183fcd550dd9b6538b0b5365c52f8f9,openvmm_cold_start_peak_rss,MiB,lower,77.625
linux-mshv-virtual-machine,2,1,0f167bae7183fcd550dd9b6538b0b5365c52f8f9,openvmm_snapshot_generation,ms,lower,3.4167875
linux-mshv-virtual-machine,2,1,0f167bae7183fcd550dd9b6538b0b5365c52f8f9,openvmm_snapshot_generation_peak_rss,MiB,lower,80.15625
linux-mshv-virtual-machine,2,1,0f167bae7183fcd550dd9b6538b0b5365c52f8f9,openvmm_snapshot_restore,ms,lower,30.974864
linux-mshv-virtual-machine,2,1,0f167bae7183fcd550dd9b6538b0b5365c52f8f9,openvmm_snapshot_restore_guest_exit_teardown,ms,lower,7.98723
linux-mshv-virtual-machine,2,1,0f167bae7183fcd550dd9b6538b0b5365c52f8f9,openvmm_snapshot_restore_peak_rss,MiB,lower,57.421875
linux-mshv-virtual-machine,2,1,0f167bae7183fcd550dd9b6538b0b5365c52f8f9,shell_snapshot_cold_128_mib,ms,lower,308.2
linux-mshv-virtual-machine,2,1,0f167bae7183fcd550dd9b6538b0b5365c52f8f9,shell_snapshot_cold_256_mib,ms,lower,311.8
linux-mshv-virtual-machine,2,1,0f167bae7183fcd550dd9b6538b0b5365c52f8f9,shell_snapshot_cold_512_mib,ms,lower,319.7
linux-mshv-virtual-machine,2,1,0f167bae7183fcd550dd9b6538b0b5365c52f8f9,shell_snapshot_cold_64_mib,ms,lower,301.7
linux-mshv-virtual-machine,2,1,0f167bae7183fcd550dd9b6538b0b5365c52f8f9,shell_snapshot_restore_128_mib,ms,lower,29.3
linux-mshv-virtual-machine,2,1,0f167bae7183fcd550dd9b6538b0b5365c52f8f9,shell_snapshot_restore_256_mib,ms,lower,33.8
linux-mshv-virtual-machine,2,1,0f167bae7183fcd550dd9b6538b0b5365c52f8f9,shell_snapshot_restore_512_mib,ms,lower,37.6
linux-mshv-virtual-machine,2,1,0f167bae7183fcd550dd9b6538b0b5365c52f8f9,shell_snapshot_restore_64_mib,ms,lower,30.9
linux-mshv-virtual-machine,2,1,0f167bae7183fcd550dd9b6538b0b5365c52f8f9,virtfs_live_read,MB/s,higher,1100
linux-mshv-virtual-machine,2,1,0f167bae7183fcd550dd9b6538b0b5365c52f8f9,virtfs_live_roundtrip,ms,lower,469.3
linux-mshv-virtual-machine,2,1,0f167bae7183fcd550dd9b6538b0b5365c52f8f9,virtfs_live_write,MB/s,higher,877
linux-mshv-virtual-machine,2,1,0f167bae7183fcd550dd9b6538b0b5365c52f8f9,virtio_blk_random_read_iops,ops/s,higher,7235.56675634
linux-mshv-virtual-machine,2,1,0f167bae7183fcd550dd9b6538b0b5365c52f8f9,virtio_blk_random_write_iops,ops/s,higher,7117.65889731
linux-mshv-virtual-machine,2,1,0f167bae7183fcd550dd9b6538b0b5365c52f8f9,virtio_fs_random_read_iops,ops/s,higher,10422.575544
linux-mshv-virtual-machine,2,1,0f167bae7183fcd550dd9b6538b0b5365c52f8f9,virtio_fs_random_write_iops,ops/s,higher,11207.8026005
linux-mshv-virtual-machine,2,1,0f167bae7183fcd550dd9b6538b0b5365c52f8f9,virtio_net_udp_roundtrip_ops,ops/s,higher,6233.84604136
linux-mshv-virtual-machine,2,1,bdce9d6a351deff180a1e2b67c2a3e2c43b8866e,cold_start_base,ms,lower,307.7
linux-mshv-virtual-machine,2,1,bdce9d6a351deff180a1e2b67c2a3e2c43b8866e,cold_start_clocksource,ms,lower,307.2
linux-mshv-virtual-machine,2,1,bdce9d6a351deff180a1e2b67c2a3e2c43b8866e,cold_start_cryptomgr_notests,ms,lower,309.2
linux-mshv-virtual-machine,2,1,bdce9d6a351deff180a1e2b67c2a3e2c43b8866e,cold_start_mitigations_off,ms,lower,274
linux-mshv-virtual-machine,2,1,bdce9d6a351deff180a1e2b67c2a3e2c43b8866e,cold_start_no_timer_check,ms,lower,262.9
linux-mshv-virtual-machine,2,1,bdce9d6a351deff180a1e2b67c2a3e2c43b8866e,cold_start_nokaslr,ms,lower,309.1
linux-mshv-virtual-machine,2,1,bdce9d6a351deff180a1e2b67c2a3e2c43b8866e,cold_start_random_trust_cpu,ms,lower,309.3
linux-mshv-virtual-machine,2,1,bdce9d6a351deff180a1e2b67c2a3e2c43b8866e,cold_start_rcu_expedited,ms,lower,308.1
linux-mshv-virtual-machine,2,1,bdce9d6a351deff180a1e2b67c2a3e2c43b8866e,cold_start_tsc_reliable,ms,lower,308.7
linux-mshv-virtual-machine,2,1,bdce9d6a351deff180a1e2b67c2a3e2c43b8866e,network_snapshot_cold,ms,lower,318.4
linux-mshv-virtual-machine,2,1,bdce9d6a351deff180a1e2b67c2a3e2c43b8866e,network_snapshot_restore,ms,lower,41.7
linux-mshv-virtual-machine,2,1,bdce9d6a351deff180a1e2b67c2a3e2c43b8866e,network_snapshot_restore_wall,ms,lower,115.7
linux-mshv-virtual-machine,2,1,bdce9d6a351deff180a1e2b67c2a3e2c43b8866e,openvmm_cold_start,ms,lower,227.474669
linux-mshv-virtual-machine,2,1,bdce9d6a351deff180a1e2b67c2a3e2c43b8866e,openvmm_cold_start_guest_exit_teardown,ms,lower,24.189324
linux-mshv-virtual-machine,2,1,bdce9d6a351deff180a1e2b67c2a3e2c43b8866e,openvmm_cold_start_peak_rss,MiB,lower,77.625
linux-mshv-virtual-machine,2,1,bdce9d6a351deff180a1e2b67c2a3e2c43b8866e,openvmm_snapshot_generation,ms,lower,3.990229
linux-mshv-virtual-machine,2,1,bdce9d6a351deff180a1e2b67c2a3e2c43b8866e,openvmm_snapshot_generation_peak_rss,MiB,lower,80.15234375
linux-mshv-virtual-machine,2,1,bdce9d6a351deff180a1e2b67c2a3e2c43b8866e,openvmm_snapshot_restore,ms,lower,33.8988875
linux-mshv-virtual-machine,2,1,bdce9d6a351deff180a1e2b67c2a3e2c43b8866e,openvmm_snapshot_restore_guest_exit_teardown,ms,lower,8.1164875
linux-mshv-virtual-machine,2,1,bdce9d6a351deff180a1e2b67c2a3e2c43b8866e,openvmm_snapshot_restore_peak_rss,MiB,lower,57.421875
linux-mshv-virtual-machine,2,1,bdce9d6a351deff180a1e2b67c2a3e2c43b8866e,shell_snapshot_cold_128_mib,ms,lower,309.4
linux-mshv-virtual-machine,2,1,bdce9d6a351deff180a1e2b67c2a3e2c43b8866e,shell_snapshot_cold_256_mib,ms,lower,313.4
linux-mshv-virtual-machine,2,1,bdce9d6a351deff180a1e2b67c2a3e2c43b8866e,shell_snapshot_cold_512_mib,ms,lower,321.7
linux-mshv-virtual-machine,2,1,bdce9d6a351deff180a1e2b67c2a3e2c43b8866e,shell_snapshot_cold_64_mib,ms,lower,300.7
linux-mshv-virtual-machine,2,1,bdce9d6a351deff180a1e2b67c2a3e2c43b8866e,shell_snapshot_restore_128_mib,ms,lower,34.2
linux-mshv-virtual-machine,2,1,bdce9d6a351deff180a1e2b67c2a3e2c43b8866e,shell_snapshot_restore_256_mib,ms,lower,36.6
linux-mshv-virtual-machine,2,1,bdce9d6a351deff180a1e2b67c2a3e2c43b8866e,shell_snapshot_restore_512_mib,ms,lower,41.9
linux-mshv-virtual-machine,2,1,bdce9d6a351deff180a1e2b67c2a3e2c43b8866e,shell_snapshot_restore_64_mib,ms,lower,33.5
linux-mshv-virtual-machine,2,1,bdce9d6a351deff180a1e2b67c2a3e2c43b8866e,virtfs_live_read,MB/s,higher,1100
linux-mshv-virtual-machine,2,1,bdce9d6a351deff180a1e2b67c2a3e2c43b8866e,virtfs_live_roundtrip,ms,lower,463.2
linux-mshv-virtual-machine,2,1,bdce9d6a351deff180a1e2b67c2a3e2c43b8866e,virtfs_live_write,MB/s,higher,826.3
linux-mshv-virtual-machine,2,1,bdce9d6a351deff180a1e2b67c2a3e2c43b8866e,virtio_blk_random_read_iops,ops/s,higher,7464.46671902
linux-mshv-virtual-machine,2,1,bdce9d6a351deff180a1e2b67c2a3e2c43b8866e,virtio_blk_random_write_iops,ops/s,higher,7592.1381978
linux-mshv-virtual-machine,2,1,bdce9d6a351deff180a1e2b67c2a3e2c43b8866e,virtio_fs_random_read_iops,ops/s,higher,11213.0560237
linux-mshv-virtual-machine,2,1,bdce9d6a351deff180a1e2b67c2a3e2c43b8866e,virtio_fs_random_write_iops,ops/s,higher,11010.4748149
linux-mshv-virtual-machine,2,1,bdce9d6a351deff180a1e2b67c2a3e2c43b8866e,virtio_net_udp_roundtrip_ops,ops/s,higher,6158.68463677
linux-mshv-virtual-machine,2,1,5bc9700a23eb79aedbf33e2c353bf9fac38b07cb,cold_start_base,ms,lower,280.8
linux-mshv-virtual-machine,2,1,5bc9700a23eb79aedbf33e2c353bf9fac38b07cb,cold_start_clocksource,ms,lower,282.1
linux-mshv-virtual-machine,2,1,5bc9700a23eb79aedbf33e2c353bf9fac38b07cb,cold_start_cryptomgr_notests,ms,lower,282.6
linux-mshv-virtual-machine,2,1,5bc9700a23eb79aedbf33e2c353bf9fac38b07cb,cold_start_mitigations_off,ms,lower,247.6
linux-mshv-virtual-machine,2,1,5bc9700a23eb79aedbf33e2c353bf9fac38b07cb,cold_start_no_timer_check,ms,lower,238.4
linux-mshv-virtual-machine,2,1,5bc9700a23eb79aedbf33e2c353bf9fac38b07cb,cold_start_nokaslr,ms,lower,282.1
linux-mshv-virtual-machine,2,1,5bc9700a23eb79aedbf33e2c353bf9fac38b07cb,cold_start_random_trust_cpu,ms,lower,282.6
linux-mshv-virtual-machine,2,1,5bc9700a23eb79aedbf33e2c353bf9fac38b07cb,cold_start_rcu_expedited,ms,lower,282.2
linux-mshv-virtual-machine,2,1,5bc9700a23eb79aedbf33e2c353bf9fac38b07cb,cold_start_tsc_reliable,ms,lower,281.6
linux-mshv-virtual-machine,2,1,5bc9700a23eb79aedbf33e2c353bf9fac38b07cb,network_snapshot_cold,ms,lower,288.8
linux-mshv-virtual-machine,2,1,5bc9700a23eb79aedbf33e2c353bf9fac38b07cb,network_snapshot_restore,ms,lower,39.3
linux-mshv-virtual-machine,2,1,5bc9700a23eb79aedbf33e2c353bf9fac38b07cb,network_snapshot_restore_wall,ms,lower,107.9
linux-mshv-virtual-machine,2,1,5bc9700a23eb79aedbf33e2c353bf9fac38b07cb,openvmm_cold_start,ms,lower,203.921761
linux-mshv-virtual-machine,2,1,5bc9700a23eb79aedbf33e2c353bf9fac38b07cb,openvmm_cold_start_guest_exit_teardown,ms,lower,21.30844
linux-mshv-virtual-machine,2,1,5bc9700a23eb79aedbf33e2c353bf9fac38b07cb,openvmm_cold_start_peak_rss,MiB,lower,77.625
linux-mshv-virtual-machine,2,1,5bc9700a23eb79aedbf33e2c353bf9fac38b07cb,openvmm_snapshot_generation,ms,lower,3.7433655
linux-mshv-virtual-machine,2,1,5bc9700a23eb79aedbf33e2c353bf9fac38b07cb,openvmm_snapshot_generation_peak_rss,MiB,lower,80.177734375
linux-mshv-virtual-machine,2,1,5bc9700a23eb79aedbf33e2c353bf9fac38b07cb,openvmm_snapshot_restore,ms,lower,32.6122875
linux-mshv-virtual-machine,2,1,5bc9700a23eb79aedbf33e2c353bf9fac38b07cb,openvmm_snapshot_restore_guest_exit_teardown,ms,lower,7.8287835
linux-mshv-virtual-machine,2,1,5bc9700a23eb79aedbf33e2c353bf9fac38b07cb,openvmm_snapshot_restore_peak_rss,MiB,lower,57.421875
linux-mshv-virtual-machine,2,1,5bc9700a23eb79aedbf33e2c353bf9fac38b07cb,shell_snapshot_cold_128_mib,ms,lower,281.3
linux-mshv-virtual-machine,2,1,5bc9700a23eb79aedbf33e2c353bf9fac38b07cb,shell_snapshot_cold_256_mib,ms,lower,282
linux-mshv-virtual-machine,2,1,5bc9700a23eb79aedbf33e2c353bf9fac38b07cb,shell_snapshot_cold_512_mib,ms,lower,289.9
linux-mshv-virtual-machine,2,1,5bc9700a23eb79aedbf33e2c353bf9fac38b07cb,shell_snapshot_cold_64_mib,ms,lower,274.9
linux-mshv-virtual-machine,2,1,5bc9700a23eb79aedbf33e2c353bf9fac38b07cb,shell_snapshot_restore_128_mib,ms,lower,30
linux-mshv-virtual-machine,2,1,5bc9700a23eb79aedbf33e2c353bf9fac38b07cb,shell_snapshot_restore_256_mib,ms,lower,33
linux-mshv-virtual-machine,2,1,5bc9700a23eb79aedbf33e2c353bf9fac38b07cb,shell_snapshot_restore_512_mib,ms,lower,37.6
linux-mshv-virtual-machine,2,1,5bc9700a23eb79aedbf33e2c353bf9fac38b07cb,shell_snapshot_restore_64_mib,ms,lower,32.6
linux-mshv-virtual-machine,2,1,5bc9700a23eb79aedbf33e2c353bf9fac38b07cb,virtfs_live_read,MB/s,higher,1150
linux-mshv-virtual-machine,2,1,5bc9700a23eb79aedbf33e2c353bf9fac38b07cb,virtfs_live_roundtrip,ms,lower,421.2
linux-mshv-virtual-machine,2,1,5bc9700a23eb79aedbf33e2c353bf9fac38b07cb,virtfs_live_write,MB/s,higher,922.9
linux-mshv-virtual-machine,2,1,5bc9700a23eb79aedbf33e2c353bf9fac38b07cb,virtio_blk_random_read_iops,ops/s,higher,8428.68365339
linux-mshv-virtual-machine,2,1,5bc9700a23eb79aedbf33e2c353bf9fac38b07cb,virtio_blk_random_write_iops,ops/s,higher,8693.86591013
linux-mshv-virtual-machine,2,1,5bc9700a23eb79aedbf33e2c353bf9fac38b07cb,virtio_fs_random_read_iops,ops/s,higher,12136.0904304
linux-mshv-virtual-machine,2,1,5bc9700a23eb79aedbf33e2c353bf9fac38b07cb,virtio_fs_random_write_iops,ops/s,higher,12127.0159557
linux-mshv-virtual-machine,2,1,5bc9700a23eb79aedbf33e2c353bf9fac38b07cb,virtio_net_udp_roundtrip_ops,ops/s,higher,6430.7378337
linux-mshv-virtual-machine,2,1,b2450fef985f8cd18f668dd08698900b1d14e631,cold_start_base,ms,lower,308.9
linux-mshv-virtual-machine,2,1,b2450fef985f8cd18f668dd08698900b1d14e631,cold_start_clocksource,ms,lower,309.3
linux-mshv-virtual-machine,2,1,b2450fef985f8cd18f668dd08698900b1d14e631,cold_start_cryptomgr_notests,ms,lower,310.6
linux-mshv-virtual-machine,2,1,b2450fef985f8cd18f668dd08698900b1d14e631,cold_start_mitigations_off,ms,lower,274.2
linux-mshv-virtual-machine,2,1,b2450fef985f8cd18f668dd08698900b1d14e631,cold_start_no_timer_check,ms,lower,264.8
linux-mshv-virtual-machine,2,1,b2450fef985f8cd18f668dd08698900b1d14e631,cold_start_nokaslr,ms,lower,310.6
linux-mshv-virtual-machine,2,1,b2450fef985f8cd18f668dd08698900b1d14e631,cold_start_random_trust_cpu,ms,lower,310.3
linux-mshv-virtual-machine,2,1,b2450fef985f8cd18f668dd08698900b1d14e631,cold_start_rcu_expedited,ms,lower,310
linux-mshv-virtual-machine,2,1,b2450fef985f8cd18f668dd08698900b1d14e631,cold_start_tsc_reliable,ms,lower,309.4
linux-mshv-virtual-machine,2,1,b2450fef985f8cd18f668dd08698900b1d14e631,network_snapshot_cold,ms,lower,320
linux-mshv-virtual-machine,2,1,b2450fef985f8cd18f668dd08698900b1d14e631,network_snapshot_restore,ms,lower,40.9
linux-mshv-virtual-machine,2,1,b2450fef985f8cd18f668dd08698900b1d14e631,network_snapshot_restore_wall,ms,lower,111.6
linux-mshv-virtual-machine,2,1,b2450fef985f8cd18f668dd08698900b1d14e631,openvmm_cold_start,ms,lower,228.6964335
linux-mshv-virtual-machine,2,1,b2450fef985f8cd18f668dd08698900b1d14e631,openvmm_cold_start_guest_exit_teardown,ms,lower,23.757392
linux-mshv-virtual-machine,2,1,b2450fef985f8cd18f668dd08698900b1d14e631,openvmm_cold_start_peak_rss,MiB,lower,77.625
linux-mshv-virtual-machine,2,1,b2450fef985f8cd18f668dd08698900b1d14e631,openvmm_snapshot_generation,ms,lower,3.9042995
linux-mshv-virtual-machine,2,1,b2450fef985f8cd18f668dd08698900b1d14e631,openvmm_snapshot_generation_peak_rss,MiB,lower,80.166015625
linux-mshv-virtual-machine,2,1,b2450fef985f8cd18f668dd08698900b1d14e631,openvmm_snapshot_restore,ms,lower,32.9488255
linux-mshv-virtual-machine,2,1,b2450fef985f8cd18f668dd08698900b1d14e631,openvmm_snapshot_restore_guest_exit_teardown,ms,lower,8.120296
linux-mshv-virtual-machine,2,1,b2450fef985f8cd18f668dd08698900b1d14e631,openvmm_snapshot_restore_peak_rss,MiB,lower,57.421875
linux-mshv-virtual-machine,2,1,b2450fef985f8cd18f668dd08698900b1d14e631,shell_snapshot_cold_128_mib,ms,lower,309.7
linux-mshv-virtual-machine,2,1,b2450fef985f8cd18f668dd08698900b1d14e631,shell_snapshot_cold_256_mib,ms,lower,315.7
linux-mshv-virtual-machine,2,1,b2450fef985f8cd18f668dd08698900b1d14e631,shell_snapshot_cold_512_mib,ms,lower,323.4
linux-mshv-virtual-machine,2,1,b2450fef985f8cd18f668dd08698900b1d14e631,shell_snapshot_cold_64_mib,ms,lower,301.8
linux-mshv-virtual-machine,2,1,b2450fef985f8cd18f668dd08698900b1d14e631,shell_snapshot_restore_128_mib,ms,lower,31.6
linux-mshv-virtual-machine,2,1,b2450fef985f8cd18f668dd08698900b1d14e631,shell_snapshot_restore_256_mib,ms,lower,35.4
linux-mshv-virtual-machine,2,1,b2450fef985f8cd18f668dd08698900b1d14e631,shell_snapshot_restore_512_mib,ms,lower,39.1
linux-mshv-virtual-machine,2,1,b2450fef985f8cd18f668dd08698900b1d14e631,shell_snapshot_restore_64_mib,ms,lower,32.7
linux-mshv-virtual-machine,2,1,b2450fef985f8cd18f668dd08698900b1d14e631,virtfs_live_read,MB/s,higher,1100
linux-mshv-virtual-machine,2,1,b2450fef985f8cd18f668dd08698900b1d14e631,virtfs_live_roundtrip,ms,lower,467.3
linux-mshv-virtual-machine,2,1,b2450fef985f8cd18f668dd08698900b1d14e631,virtfs_live_write,MB/s,higher,841.6
linux-mshv-virtual-machine,2,1,b2450fef985f8cd18f668dd08698900b1d14e631,virtio_blk_random_read_iops,ops/s,higher,7011.17617701
linux-mshv-virtual-machine,2,1,b2450fef985f8cd18f668dd08698900b1d14e631,virtio_blk_random_write_iops,ops/s,higher,7338.47077072
linux-mshv-virtual-machine,2,1,b2450fef985f8cd18f668dd08698900b1d14e631,virtio_fs_random_read_iops,ops/s,higher,11667.4317642
linux-mshv-virtual-machine,2,1,b2450fef985f8cd18f668dd08698900b1d14e631,virtio_fs_random_write_iops,ops/s,higher,12162.5572866
linux-mshv-virtual-machine,2,1,b2450fef985f8cd18f668dd08698900b1d14e631,virtio_net_udp_roundtrip_ops,ops/s,higher,6217.98049876
linux-mshv-virtual-machine,2,1,49ba8c1974749f3a59f6a44b7c11a5bf23ffd982,cold_start_base,ms,lower,281.2
linux-mshv-virtual-machine,2,1,49ba8c1974749f3a59f6a44b7c11a5bf23ffd982,cold_start_clocksource,ms,lower,281.3
linux-mshv-virtual-machine,2,1,49ba8c1974749f3a59f6a44b7c11a5bf23ffd982,cold_start_cryptomgr_notests,ms,lower,281
linux-mshv-virtual-machine,2,1,49ba8c1974749f3a59f6a44b7c11a5bf23ffd982,cold_start_mitigations_off,ms,lower,247.5
linux-mshv-virtual-machine,2,1,49ba8c1974749f3a59f6a44b7c11a5bf23ffd982,cold_start_no_timer_check,ms,lower,237.7
linux-mshv-virtual-machine,2,1,49ba8c1974749f3a59f6a44b7c11a5bf23ffd982,cold_start_nokaslr,ms,lower,282.7
linux-mshv-virtual-machine,2,1,49ba8c1974749f3a59f6a44b7c11a5bf23ffd982,cold_start_random_trust_cpu,ms,lower,282.7
linux-mshv-virtual-machine,2,1,49ba8c1974749f3a59f6a44b7c11a5bf23ffd982,cold_start_rcu_expedited,ms,lower,281.8
linux-mshv-virtual-machine,2,1,49ba8c1974749f3a59f6a44b7c11a5bf23ffd982,cold_start_tsc_reliable,ms,lower,280.8
linux-mshv-virtual-machine,2,1,49ba8c1974749f3a59f6a44b7c11a5bf23ffd982,network_snapshot_cold,ms,lower,289.4
linux-mshv-virtual-machine,2,1,49ba8c1974749f3a59f6a44b7c11a5bf23ffd982,network_snapshot_restore,ms,lower,39.4
linux-mshv-virtual-machine,2,1,49ba8c1974749f3a59f6a44b7c11a5bf23ffd982,network_snapshot_restore_wall,ms,lower,107.7
linux-mshv-virtual-machine,2,1,49ba8c1974749f3a59f6a44b7c11a5bf23ffd982,openvmm_cold_start,ms,lower,205.077209
linux-mshv-virtual-machine,2,1,49ba8c1974749f3a59f6a44b7c11a5bf23ffd982,openvmm_cold_start_guest_exit_teardown,ms,lower,22.1060425
linux-mshv-virtual-machine,2,1,49ba8c1974749f3a59f6a44b7c11a5bf23ffd982,openvmm_cold_start_peak_rss,MiB,lower,77.625
linux-mshv-virtual-machine,2,1,49ba8c1974749f3a59f6a44b7c11a5bf23ffd982,openvmm_snapshot_generation,ms,lower,3.8784665
linux-mshv-virtual-machine,2,1,49ba8c1974749f3a59f6a44b7c11a5bf23ffd982,openvmm_snapshot_generation_peak_rss,MiB,lower,80.126953125
linux-mshv-virtual-machine,2,1,49ba8c1974749f3a59f6a44b7c11a5bf23ffd982,openvmm_snapshot_restore,ms,lower,32.9323885
linux-mshv-virtual-machine,2,1,49ba8c1974749f3a59f6a44b7c11a5bf23ffd982,openvmm_snapshot_restore_guest_exit_teardown,ms,lower,8.0108335
linux-mshv-virtual-machine,2,1,49ba8c1974749f3a59f6a44b7c11a5bf23ffd982,openvmm_snapshot_restore_peak_rss,MiB,lower,57.421875
linux-mshv-virtual-machine,2,1,49ba8c1974749f3a59f6a44b7c11a5bf23ffd982,shell_snapshot_cold_128_mib,ms,lower,282.2
linux-mshv-virtual-machine,2,1,49ba8c1974749f3a59f6a44b7c11a5bf23ffd982,shell_snapshot_cold_256_mib,ms,lower,288.2
linux-mshv-virtual-machine,2,1,49ba8c1974749f3a59f6a44b7c11a5bf23ffd982,shell_snapshot_cold_512_mib,ms,lower,293.5
linux-mshv-virtual-machine,2,1,49ba8c1974749f3a59f6a44b7c11a5bf23ffd982,shell_snapshot_cold_64_mib,ms,lower,274.1
linux-mshv-virtual-machine,2,1,49ba8c1974749f3a59f6a44b7c11a5bf23ffd982,shell_snapshot_restore_128_mib,ms,lower,32.3
linux-mshv-virtual-machine,2,1,49ba8c1974749f3a59f6a44b7c11a5bf23ffd982,shell_snapshot_restore_256_mib,ms,lower,35.4
linux-mshv-virtual-machine,2,1,49ba8c1974749f3a59f6a44b7c11a5bf23ffd982,shell_snapshot_restore_512_mib,ms,lower,40.1
linux-mshv-virtual-machine,2,1,49ba8c1974749f3a59f6a44b7c11a5bf23ffd982,shell_snapshot_restore_64_mib,ms,lower,33
linux-mshv-virtual-machine,2,1,49ba8c1974749f3a59f6a44b7c11a5bf23ffd982,virtfs_live_read,MB/s,higher,1100
linux-mshv-virtual-machine,2,1,49ba8c1974749f3a59f6a44b7c11a5bf23ffd982,virtfs_live_roundtrip,ms,lower,420.8
linux-mshv-virtual-machine,2,1,49ba8c1974749f3a59f6a44b7c11a5bf23ffd982,virtfs_live_write,MB/s,higher,908.8
linux-mshv-virtual-machine,2,1,49ba8c1974749f3a59f6a44b7c11a5bf23ffd982,virtio_blk_random_read_iops,ops/s,higher,8442.55528981
linux-mshv-virtual-machine,2,1,49ba8c1974749f3a59f6a44b7c11a5bf23ffd982,virtio_blk_random_write_iops,ops/s,higher,8439.41097168
linux-mshv-virtual-machine,2,1,49ba8c1974749f3a59f6a44b7c11a5bf23ffd982,virtio_fs_random_read_iops,ops/s,higher,12079.9111224
linux-mshv-virtual-machine,2,1,49ba8c1974749f3a59f6a44b7c11a5bf23ffd982,virtio_fs_random_write_iops,ops/s,higher,12720.9011169
linux-mshv-virtual-machine,2,1,49ba8c1974749f3a59f6a44b7c11a5bf23ffd982,virtio_net_udp_roundtrip_ops,ops/s,higher,6491.18482155
linux-mshv-virtual-machine,2,1,3f27abcd7f23ba745f8fcc0ec9eacb80195fe032,cold_start_base,ms,lower,281.6
linux-mshv-virtual-machine,2,1,3f27abcd7f23ba745f8fcc0ec9eacb80195fe032,cold_start_clocksource,ms,lower,281
linux-mshv-virtual-machine,2,1,3f27abcd7f23ba745f8fcc0ec9eacb80195fe032,cold_start_cryptomgr_notests,ms,lower,281.5
linux-mshv-virtual-machine,2,1,3f27abcd7f23ba745f8fcc0ec9eacb80195fe032,cold_start_mitigations_off,ms,lower,246.6
linux-mshv-virtual-machine,2,1,3f27abcd7f23ba745f8fcc0ec9eacb80195fe032,cold_start_no_timer_check,ms,lower,236.2
linux-mshv-virtual-machine,2,1,3f27abcd7f23ba745f8fcc0ec9eacb80195fe032,cold_start_nokaslr,ms,lower,281.1
linux-mshv-virtual-machine,2,1,3f27abcd7f23ba745f8fcc0ec9eacb80195fe032,cold_start_random_trust_cpu,ms,lower,281
linux-mshv-virtual-machine,2,1,3f27abcd7f23ba745f8fcc0ec9eacb80195fe032,cold_start_rcu_expedited,ms,lower,282.6
linux-mshv-virtual-machine,2,1,3f27abcd7f23ba745f8fcc0ec9eacb80195fe032,cold_start_tsc_reliable,ms,lower,282.3
linux-mshv-virtual-machine,2,1,3f27abcd7f23ba745f8fcc0ec9eacb80195fe032,network_snapshot_cold,ms,lower,290
linux-mshv-virtual-machine,2,1,3f27abcd7f23ba745f8fcc0ec9eacb80195fe032,network_snapshot_restore,ms,lower,40.3
linux-mshv-virtual-machine,2,1,3f27abcd7f23ba745f8fcc0ec9eacb80195fe032,network_snapshot_restore_wall,ms,lower,109.9
linux-mshv-virtual-machine,2,1,3f27abcd7f23ba745f8fcc0ec9eacb80195fe032,openvmm_cold_start,ms,lower,204.436311
linux-mshv-virtual-machine,2,1,3f27abcd7f23ba745f8fcc0ec9eacb80195fe032,openvmm_cold_start_guest_exit_teardown,ms,lower,21.41699
linux-mshv-virtual-machine,2,1,3f27abcd7f23ba745f8fcc0ec9eacb80195fe032,openvmm_cold_start_peak_rss,MiB,lower,77.828125
linux-mshv-virtual-machine,2,1,3f27abcd7f23ba745f8fcc0ec9eacb80195fe032,openvmm_snapshot_generation,ms,lower,3.7495155
linux-mshv-virtual-machine,2,1,3f27abcd7f23ba745f8fcc0ec9eacb80195fe032,openvmm_snapshot_generation_peak_rss,MiB,lower,80.3515625
linux-mshv-virtual-machine,2,1,3f27abcd7f23ba745f8fcc0ec9eacb80195fe032,openvmm_snapshot_restore,ms,lower,32.9588405
linux-mshv-virtual-machine,2,1,3f27abcd7f23ba745f8fcc0ec9eacb80195fe032,openvmm_snapshot_restore_guest_exit_teardown,ms,lower,8.191085
linux-mshv-virtual-machine,2,1,3f27abcd7f23ba745f8fcc0ec9eacb80195fe032,openvmm_snapshot_restore_peak_rss,MiB,lower,57.734375
linux-mshv-virtual-machine,2,1,3f27abcd7f23ba745f8fcc0ec9eacb80195fe032,shell_snapshot_cold_128_mib,ms,lower,281.7
linux-mshv-virtual-machine,2,1,3f27abcd7f23ba745f8fcc0ec9eacb80195fe032,shell_snapshot_cold_256_mib,ms,lower,285.4
linux-mshv-virtual-machine,2,1,3f27abcd7f23ba745f8fcc0ec9eacb80195fe032,shell_snapshot_cold_512_mib,ms,lower,293.1
linux-mshv-virtual-machine,2,1,3f27abcd7f23ba745f8fcc0ec9eacb80195fe032,shell_snapshot_cold_64_mib,ms,lower,273.9
linux-mshv-virtual-machine,2,1,3f27abcd7f23ba745f8fcc0ec9eacb80195fe032,shell_snapshot_restore_128_mib,ms,lower,32.7
linux-mshv-virtual-machine,2,1,3f27abcd7f23ba745f8fcc0ec9eacb80195fe032,shell_snapshot_restore_256_mib,ms,lower,35.7
linux-mshv-virtual-machine,2,1,3f27abcd7f23ba745f8fcc0ec9eacb80195fe032,shell_snapshot_restore_512_mib,ms,lower,40.3
linux-mshv-virtual-machine,2,1,3f27abcd7f23ba745f8fcc0ec9eacb80195fe032,shell_snapshot_restore_64_mib,ms,lower,33.8
linux-mshv-virtual-machine,2,1,3f27abcd7f23ba745f8fcc0ec9eacb80195fe032,virtfs_live_read,MB/s,higher,1100
linux-mshv-virtual-machine,2,1,3f27abcd7f23ba745f8fcc0ec9eacb80195fe032,virtfs_live_roundtrip,ms,lower,415.4
linux-mshv-virtual-machine,2,1,3f27abcd7f23ba745f8fcc0ec9eacb80195fe032,virtfs_live_write,MB/s,higher,903.5
linux-mshv-virtual-machine,2,1,3f27abcd7f23ba745f8fcc0ec9eacb80195fe032,virtio_blk_random_read_iops,ops/s,higher,8471.89573001
linux-mshv-virtual-machine,2,1,3f27abcd7f23ba745f8fcc0ec9eacb80195fe032,virtio_blk_random_write_iops,ops/s,higher,8380.24194761
linux-mshv-virtual-machine,2,1,3f27abcd7f23ba745f8fcc0ec9eacb80195fe032,virtio_fs_random_read_iops,ops/s,higher,12133.0561717
linux-mshv-virtual-machine,2,1,3f27abcd7f23ba745f8fcc0ec9eacb80195fe032,virtio_fs_random_write_iops,ops/s,higher,11710.8535596
linux-mshv-virtual-machine,2,1,3f27abcd7f23ba745f8fcc0ec9eacb80195fe032,virtio_net_udp_roundtrip_ops,ops/s,higher,6480.2138469
linux-mshv-virtual-machine,2,1,0943f368781cbf6a4dff996c3a0de819e8747b60,cold_start_base,ms,lower,308.5
linux-mshv-virtual-machine,2,1,0943f368781cbf6a4dff996c3a0de819e8747b60,cold_start_clocksource,ms,lower,307.7
linux-mshv-virtual-machine,2,1,0943f368781cbf6a4dff996c3a0de819e8747b60,cold_start_cryptomgr_notests,ms,lower,308.5
linux-mshv-virtual-machine,2,1,0943f368781cbf6a4dff996c3a0de819e8747b60,cold_start_mitigations_off,ms,lower,272.3
linux-mshv-virtual-machine,2,1,0943f368781cbf6a4dff996c3a0de819e8747b60,cold_start_no_timer_check,ms,lower,262.3
linux-mshv-virtual-machine,2,1,0943f368781cbf6a4dff996c3a0de819e8747b60,cold_start_nokaslr,ms,lower,307.6
linux-mshv-virtual-machine,2,1,0943f368781cbf6a4dff996c3a0de819e8747b60,cold_start_random_trust_cpu,ms,lower,307.2
linux-mshv-virtual-machine,2,1,0943f368781cbf6a4dff996c3a0de819e8747b60,cold_start_rcu_expedited,ms,lower,307.8
linux-mshv-virtual-machine,2,1,0943f368781cbf6a4dff996c3a0de819e8747b60,cold_start_tsc_reliable,ms,lower,308.6
linux-mshv-virtual-machine,2,1,0943f368781cbf6a4dff996c3a0de819e8747b60,network_snapshot_cold,ms,lower,315.6
linux-mshv-virtual-machine,2,1,0943f368781cbf6a4dff996c3a0de819e8747b60,network_snapshot_restore,ms,lower,41.7
linux-mshv-virtual-machine,2,1,0943f368781cbf6a4dff996c3a0de819e8747b60,network_snapshot_restore_wall,ms,lower,111.8
linux-mshv-virtual-machine,2,1,0943f368781cbf6a4dff996c3a0de819e8747b60,openvmm_cold_start,ms,lower,227.3421195
linux-mshv-virtual-machine,2,1,0943f368781cbf6a4dff996c3a0de819e8747b60,openvmm_cold_start_guest_exit_teardown,ms,lower,23.666322
linux-mshv-virtual-machine,2,1,0943f368781cbf6a4dff996c3a0de819e8747b60,openvmm_cold_start_peak_rss,MiB,lower,77.828125
linux-mshv-virtual-machine,2,1,0943f368781cbf6a4dff996c3a0de819e8747b60,openvmm_snapshot_generation,ms,lower,3.9950215
linux-mshv-virtual-machine,2,1,0943f368781cbf6a4dff996c3a0de819e8747b60,openvmm_snapshot_generation_peak_rss,MiB,lower,80.419921875
linux-mshv-virtual-machine,2,1,0943f368781cbf6a4dff996c3a0de819e8747b60,openvmm_snapshot_restore,ms,lower,35.520756
linux-mshv-virtual-machine,2,1,0943f368781cbf6a4dff996c3a0de819e8747b60,openvmm_snapshot_restore_guest_exit_teardown,ms,lower,8.8029895
linux-mshv-virtual-machine,2,1,0943f368781cbf6a4dff996c3a0de819e8747b60,openvmm_snapshot_restore_peak_rss,MiB,lower,57.734375
linux-mshv-virtual-machine,2,1,0943f368781cbf6a4dff996c3a0de819e8747b60,shell_snapshot_cold_128_mib,ms,lower,308.2
linux-mshv-virtual-machine,2,1,0943f368781cbf6a4dff996c3a0de819e8747b60,shell_snapshot_cold_256_mib,ms,lower,312.6
linux-mshv-virtual-machine,2,1,0943f368781cbf6a4dff996c3a0de819e8747b60,shell_snapshot_cold_512_mib,ms,lower,319.7
linux-mshv-virtual-machine,2,1,0943f368781cbf6a4dff996c3a0de819e8747b60,shell_snapshot_cold_64_mib,ms,lower,300.2
linux-mshv-virtual-machine,2,1,0943f368781cbf6a4dff996c3a0de819e8747b60,shell_snapshot_restore_128_mib,ms,lower,34.3
linux-mshv-virtual-machine,2,1,0943f368781cbf6a4dff996c3a0de819e8747b60,shell_snapshot_restore_256_mib,ms,lower,37.9
linux-mshv-virtual-machine,2,1,0943f368781cbf6a4dff996c3a0de819e8747b60,shell_snapshot_restore_512_mib,ms,lower,41.2
linux-mshv-virtual-machine,2,1,0943f368781cbf6a4dff996c3a0de819e8747b60,shell_snapshot_restore_64_mib,ms,lower,34
linux-mshv-virtual-machine,2,1,0943f368781cbf6a4dff996c3a0de819e8747b60,virtfs_live_read,MB/s,higher,1100
linux-mshv-virtual-machine,2,1,0943f368781cbf6a4dff996c3a0de819e8747b60,virtfs_live_roundtrip,ms,lower,461.4
linux-mshv-virtual-machine,2,1,0943f368781cbf6a4dff996c3a0de819e8747b60,virtfs_live_write,MB/s,higher,845
linux-mshv-virtual-machine,2,1,0943f368781cbf6a4dff996c3a0de819e8747b60,virtio_blk_random_read_iops,ops/s,higher,7442.29599701
linux-mshv-virtual-machine,2,1,0943f368781cbf6a4dff996c3a0de819e8747b60,virtio_blk_random_write_iops,ops/s,higher,7357.71259258
linux-mshv-virtual-machine,2,1,0943f368781cbf6a4dff996c3a0de819e8747b60,virtio_fs_random_read_iops,ops/s,higher,10692.5448442
linux-mshv-virtual-machine,2,1,0943f368781cbf6a4dff996c3a0de819e8747b60,virtio_fs_random_write_iops,ops/s,higher,11926.2829425
linux-mshv-virtual-machine,2,1,0943f368781cbf6a4dff996c3a0de819e8747b60,virtio_net_udp_roundtrip_ops,ops/s,higher,6435.83013784
linux-mshv-virtual-machine,2,1,950b76afa03a6db9df7c1a881bc574dfdd34e497,cold_start_base,ms,lower,315.3
linux-mshv-virtual-machine,2,1,950b76afa03a6db9df7c1a881bc574dfdd34e497,cold_start_clocksource,ms,lower,314.4
linux-mshv-virtual-machine,2,1,950b76afa03a6db9df7c1a881bc574dfdd34e497,cold_start_cryptomgr_notests,ms,lower,316.1
linux-mshv-virtual-machine,2,1,950b76afa03a6db9df7c1a881bc574dfdd34e497,cold_start_mitigations_off,ms,lower,279.5
linux-mshv-virtual-machine,2,1,950b76afa03a6db9df7c1a881bc574dfdd34e497,cold_start_no_timer_check,ms,lower,269.9
linux-mshv-virtual-machine,2,1,950b76afa03a6db9df7c1a881bc574dfdd34e497,cold_start_nokaslr,ms,lower,315.9
linux-mshv-virtual-machine,2,1,950b76afa03a6db9df7c1a881bc574dfdd34e497,cold_start_random_trust_cpu,ms,lower,315.2
linux-mshv-virtual-machine,2,1,950b76afa03a6db9df7c1a881bc574dfdd34e497,cold_start_rcu_expedited,ms,lower,315.7
linux-mshv-virtual-machine,2,1,950b76afa03a6db9df7c1a881bc574dfdd34e497,cold_start_tsc_reliable,ms,lower,316.4
linux-mshv-virtual-machine,2,1,950b76afa03a6db9df7c1a881bc574dfdd34e497,network_snapshot_cold,ms,lower,324.6
linux-mshv-virtual-machine,2,1,950b76afa03a6db9df7c1a881bc574dfdd34e497,network_snapshot_restore,ms,lower,42
linux-mshv-virtual-machine,2,1,950b76afa03a6db9df7c1a881bc574dfdd34e497,network_snapshot_restore_wall,ms,lower,119.9
linux-mshv-virtual-machine,2,1,950b76afa03a6db9df7c1a881bc574dfdd34e497,openvmm_cold_start,ms,lower,232.9972035
linux-mshv-virtual-machine,2,1,950b76afa03a6db9df7c1a881bc574dfdd34e497,openvmm_cold_start_guest_exit_teardown,ms,lower,24.212668
linux-mshv-virtual-machine,2,1,950b76afa03a6db9df7c1a881bc574dfdd34e497,openvmm_cold_start_peak_rss,MiB,lower,77.828125
linux-mshv-virtual-machine,2,1,950b76afa03a6db9df7c1a881bc574dfdd34e497,openvmm_snapshot_generation,ms,lower,4.168905
linux-mshv-virtual-machine,2,1,950b76afa03a6db9df7c1a881bc574dfdd34e497,openvmm_snapshot_generation_peak_rss,MiB,lower,80.41796875
linux-mshv-virtual-machine,2,1,950b76afa03a6db9df7c1a881bc574dfdd34e497,openvmm_snapshot_restore,ms,lower,34.8123285
linux-mshv-virtual-machine,2,1,950b76afa03a6db9df7c1a881bc574dfdd34e497,openvmm_snapshot_restore_guest_exit_teardown,ms,lower,8.7649915
linux-mshv-virtual-machine,2,1,950b76afa03a6db9df7c1a881bc574dfdd34e497,openvmm_snapshot_restore_peak_rss,MiB,lower,57.734375
linux-mshv-virtual-machine,2,1,950b76afa03a6db9df7c1a881bc574dfdd34e497,shell_snapshot_cold_128_mib,ms,lower,315.6
linux-mshv-virtual-machine,2,1,950b76afa03a6db9df7c1a881bc574dfdd34e497,shell_snapshot_cold_256_mib,ms,lower,320.8
linux-mshv-virtual-machine,2,1,950b76afa03a6db9df7c1a881bc574dfdd34e497,shell_snapshot_cold_512_mib,ms,lower,327.4
linux-mshv-virtual-machine,2,1,950b76afa03a6db9df7c1a881bc574dfdd34e497,shell_snapshot_cold_64_mib,ms,lower,307.9
linux-mshv-virtual-machine,2,1,950b76afa03a6db9df7c1a881bc574dfdd34e497,shell_snapshot_restore_128_mib,ms,lower,35.3
linux-mshv-virtual-machine,2,1,950b76afa03a6db9df7c1a881bc574dfdd34e497,shell_snapshot_restore_256_mib,ms,lower,38.3
linux-mshv-virtual-machine,2,1,950b76afa03a6db9df7c1a881bc574dfdd34e497,shell_snapshot_restore_512_mib,ms,lower,42.1
linux-mshv-virtual-machine,2,1,950b76afa03a6db9df7c1a881bc574dfdd34e497,shell_snapshot_restore_64_mib,ms,lower,35.3
linux-mshv-virtual-machine,2,1,950b76afa03a6db9df7c1a881bc574dfdd34e497,virtfs_live_read,MB/s,higher,1050.9
linux-mshv-virtual-machine,2,1,950b76afa03a6db9df7c1a881bc574dfdd34e497,virtfs_live_roundtrip,ms,lower,475.1
linux-mshv-virtual-machine,2,1,950b76afa03a6db9df7c1a881bc574dfdd34e497,virtfs_live_write,MB/s,higher,820.1
linux-mshv-virtual-machine,2,1,950b76afa03a6db9df7c1a881bc574dfdd34e497,virtio_blk_random_read_iops,ops/s,higher,7342.19358978
linux-mshv-virtual-machine,2,1,950b76afa03a6db9df7c1a881bc574dfdd34e497,virtio_blk_random_write_iops,ops/s,higher,7367.0889543
linux-mshv-virtual-machine,2,1,950b76afa03a6db9df7c1a881bc574dfdd34e497,virtio_fs_random_read_iops,ops/s,higher,10384.8706615
linux-mshv-virtual-machine,2,1,950b76afa03a6db9df7c1a881bc574dfdd34e497,virtio_fs_random_write_iops,ops/s,higher,11065.8572057
linux-mshv-virtual-machine,2,1,950b76afa03a6db9df7c1a881bc574dfdd34e497,virtio_net_udp_roundtrip_ops,ops/s,higher,6116.52056534
linux-mshv-virtual-machine,2,1,6644ecf7e2ad5020658d2ab4e2d5974fed08f801,cold_start_base,ms,lower,296.7
linux-mshv-virtual-machine,2,1,6644ecf7e2ad5020658d2ab4e2d5974fed08f801,cold_start_clocksource,ms,lower,296.4
linux-mshv-virtual-machine,2,1,6644ecf7e2ad5020658d2ab4e2d5974fed08f801,cold_start_cryptomgr_notests,ms,lower,296.9
linux-mshv-virtual-machine,2,1,6644ecf7e2ad5020658d2ab4e2d5974fed08f801,cold_start_mitigations_off,ms,lower,260.6
linux-mshv-virtual-machine,2,1,6644ecf7e2ad5020658d2ab4e2d5974fed08f801,cold_start_no_timer_check,ms,lower,250.4
linux-mshv-virtual-machine,2,1,6644ecf7e2ad5020658d2ab4e2d5974fed08f801,cold_start_nokaslr,ms,lower,298
linux-mshv-virtual-machine,2,1,6644ecf7e2ad5020658d2ab4e2d5974fed08f801,cold_start_random_trust_cpu,ms,lower,295.9
linux-mshv-virtual-machine,2,1,6644ecf7e2ad5020658d2ab4e2d5974fed08f801,cold_start_rcu_expedited,ms,lower,296.9
linux-mshv-virtual-machine,2,1,6644ecf7e2ad5020658d2ab4e2d5974fed08f801,cold_start_tsc_reliable,ms,lower,297.4
linux-mshv-virtual-machine,2,1,6644ecf7e2ad5020658d2ab4e2d5974fed08f801,network_snapshot_cold,ms,lower,305
linux-mshv-virtual-machine,2,1,6644ecf7e2ad5020658d2ab4e2d5974fed08f801,network_snapshot_restore,ms,lower,35
linux-mshv-virtual-machine,2,1,6644ecf7e2ad5020658d2ab4e2d5974fed08f801,network_snapshot_restore_wall,ms,lower,104
linux-mshv-virtual-machine,2,1,6644ecf7e2ad5020658d2ab4e2d5974fed08f801,openvmm_cold_start,ms,lower,214.3267095
linux-mshv-virtual-machine,2,1,6644ecf7e2ad5020658d2ab4e2d5974fed08f801,openvmm_cold_start_guest_exit_teardown,ms,lower,23.5198465
linux-mshv-virtual-machine,2,1,6644ecf7e2ad5020658d2ab4e2d5974fed08f801,openvmm_cold_start_peak_rss,MiB,lower,77.828125
linux-mshv-virtual-machine,2,1,6644ecf7e2ad5020658d2ab4e2d5974fed08f801,openvmm_snapshot_generation,ms,lower,3.709336
linux-mshv-virtual-machine,2,1,6644ecf7e2ad5020658d2ab4e2d5974fed08f801,openvmm_snapshot_generation_peak_rss,MiB,lower,80.3828125
linux-mshv-virtual-machine,2,1,6644ecf7e2ad5020658d2ab4e2d5974fed08f801,openvmm_snapshot_restore,ms,lower,29.641008
linux-mshv-virtual-machine,2,1,6644ecf7e2ad5020658d2ab4e2d5974fed08f801,openvmm_snapshot_restore_guest_exit_teardown,ms,lower,7.646713
linux-mshv-virtual-machine,2,1,6644ecf7e2ad5020658d2ab4e2d5974fed08f801,openvmm_snapshot_restore_peak_rss,MiB,lower,57.734375
linux-mshv-virtual-machine,2,1,6644ecf7e2ad5020658d2ab4e2d5974fed08f801,shell_snapshot_cold_128_mib,ms,lower,297.3
linux-mshv-virtual-machine,2,1,6644ecf7e2ad5020658d2ab4e2d5974fed08f801,shell_snapshot_cold_256_mib,ms,lower,301.8
linux-mshv-virtual-machine,2,1,6644ecf7e2ad5020658d2ab4e2d5974fed08f801,shell_snapshot_cold_512_mib,ms,lower,309.7
linux-mshv-virtual-machine,2,1,6644ecf7e2ad5020658d2ab4e2d5974fed08f801,shell_snapshot_cold_64_mib,ms,lower,289.3
linux-mshv-virtual-machine,2,1,6644ecf7e2ad5020658d2ab4e2d5974fed08f801,shell_snapshot_restore_128_mib,ms,lower,29.1
linux-mshv-virtual-machine,2,1,6644ecf7e2ad5020658d2ab4e2d5974fed08f801,shell_snapshot_restore_256_mib,ms,lower,32.3
linux-mshv-virtual-machine,2,1,6644ecf7e2ad5020658d2ab4e2d5974fed08f801,shell_snapshot_restore_512_mib,ms,lower,36.2
linux-mshv-virtual-machine,2,1,6644ecf7e2ad5020658d2ab4e2d5974fed08f801,shell_snapshot_restore_64_mib,ms,lower,29
linux-mshv-virtual-machine,2,1,6644ecf7e2ad5020658d2ab4e2d5974fed08f801,virtfs_live_read,MB/s,higher,1100
linux-mshv-virtual-machine,2,1,6644ecf7e2ad5020658d2ab4e2d5974fed08f801,virtfs_live_roundtrip,ms,lower,447.4
linux-mshv-virtual-machine,2,1,6644ecf7e2ad5020658d2ab4e2d5974fed08f801,virtfs_live_write,MB/s,higher,864.8
linux-mshv-virtual-machine,2,1,6644ecf7e2ad5020658d2ab4e2d5974fed08f801,virtio_blk_random_read_iops,ops/s,higher,7626.83674573
linux-mshv-virtual-machine,2,1,6644ecf7e2ad5020658d2ab4e2d5974fed08f801,virtio_blk_random_write_iops,ops/s,higher,7420.80319359
linux-mshv-virtual-machine,2,1,6644ecf7e2ad5020658d2ab4e2d5974fed08f801,virtio_fs_random_read_iops,ops/s,higher,11547.9379216
linux-mshv-virtual-machine,2,1,6644ecf7e2ad5020658d2ab4e2d5974fed08f801,virtio_fs_random_write_iops,ops/s,higher,11325.7376218
linux-mshv-virtual-machine,2,1,6644ecf7e2ad5020658d2ab4e2d5974fed08f801,virtio_net_udp_roundtrip_ops,ops/s,higher,6090.202893
linux-mshv-virtual-machine,2,1,2a8fe59577444c6ee50569983776af6e61bdb584,cold_start_base,ms,lower,305.1
linux-mshv-virtual-machine,2,1,2a8fe59577444c6ee50569983776af6e61bdb584,cold_start_clocksource,ms,lower,304.2
linux-mshv-virtual-machine,2,1,2a8fe59577444c6ee50569983776af6e61bdb584,cold_start_cryptomgr_notests,ms,lower,306.5
linux-mshv-virtual-machine,2,1,2a8fe59577444c6ee50569983776af6e61bdb584,cold_start_mitigations_off,ms,lower,271
linux-mshv-virtual-machine,2,1,2a8fe59577444c6ee50569983776af6e61bdb584,cold_start_no_timer_check,ms,lower,259.7
linux-mshv-virtual-machine,2,1,2a8fe59577444c6ee50569983776af6e61bdb584,cold_start_nokaslr,ms,lower,305.9
linux-mshv-virtual-machine,2,1,2a8fe59577444c6ee50569983776af6e61bdb584,cold_start_random_trust_cpu,ms,lower,306.6
linux-mshv-virtual-machine,2,1,2a8fe59577444c6ee50569983776af6e61bdb584,cold_start_rcu_expedited,ms,lower,306.2
linux-mshv-virtual-machine,2,1,2a8fe59577444c6ee50569983776af6e61bdb584,cold_start_tsc_reliable,ms,lower,304.9
linux-mshv-virtual-machine,2,1,2a8fe59577444c6ee50569983776af6e61bdb584,network_snapshot_cold,ms,lower,313.8
linux-mshv-virtual-machine,2,1,2a8fe59577444c6ee50569983776af6e61bdb584,network_snapshot_restore,ms,lower,39.4
linux-mshv-virtual-machine,2,1,2a8fe59577444c6ee50569983776af6e61bdb584,network_snapshot_restore_wall,ms,lower,104
linux-mshv-virtual-machine,2,1,2a8fe59577444c6ee50569983776af6e61bdb584,openvmm_cold_start,ms,lower,223.5859105
linux-mshv-virtual-machine,2,1,2a8fe59577444c6ee50569983776af6e61bdb584,openvmm_cold_start_guest_exit_teardown,ms,lower,23.363536
linux-mshv-virtual-machine,2,1,2a8fe59577444c6ee50569983776af6e61bdb584,openvmm_cold_start_peak_rss,MiB,lower,77.828125
linux-mshv-virtual-machine,2,1,2a8fe59577444c6ee50569983776af6e61bdb584,openvmm_snapshot_generation,ms,lower,3.8579715
linux-mshv-virtual-machine,2,1,2a8fe59577444c6ee50569983776af6e61bdb584,openvmm_snapshot_generation_peak_rss,MiB,lower,80.396484375
linux-mshv-virtual-machine,2,1,2a8fe59577444c6ee50569983776af6e61bdb584,openvmm_snapshot_restore,ms,lower,32.6722355
linux-mshv-virtual-machine,2,1,2a8fe59577444c6ee50569983776af6e61bdb584,openvmm_snapshot_restore_guest_exit_teardown,ms,lower,8.0690575
linux-mshv-virtual-machine,2,1,2a8fe59577444c6ee50569983776af6e61bdb584,openvmm_snapshot_restore_peak_rss,MiB,lower,57.734375
linux-mshv-virtual-machine,2,1,2a8fe59577444c6ee50569983776af6e61bdb584,shell_snapshot_cold_128_mib,ms,lower,305.6
linux-mshv-virtual-machine,2,1,2a8fe59577444c6ee50569983776af6e61bdb584,shell_snapshot_cold_256_mib,ms,lower,310.3
linux-mshv-virtual-machine,2,1,2a8fe59577444c6ee50569983776af6e61bdb584,shell_snapshot_cold_512_mib,ms,lower,317.3
linux-mshv-virtual-machine,2,1,2a8fe59577444c6ee50569983776af6e61bdb584,shell_snapshot_cold_64_mib,ms,lower,298.3
linux-mshv-virtual-machine,2,1,2a8fe59577444c6ee50569983776af6e61bdb584,shell_snapshot_restore_128_mib,ms,lower,31.9
linux-mshv-virtual-machine,2,1,2a8fe59577444c6ee50569983776af6e61bdb584,shell_snapshot_restore_256_mib,ms,lower,35.5
linux-mshv-virtual-machine,2,1,2a8fe59577444c6ee50569983776af6e61bdb584,shell_snapshot_restore_512_mib,ms,lower,39.1
linux-mshv-virtual-machine,2,1,2a8fe59577444c6ee50569983776af6e61bdb584,shell_snapshot_restore_64_mib,ms,lower,31.7
linux-mshv-virtual-machine,2,1,2a8fe59577444c6ee50569983776af6e61bdb584,virtfs_live_read,MB/s,higher,1100
linux-mshv-virtual-machine,2,1,2a8fe59577444c6ee50569983776af6e61bdb584,virtfs_live_roundtrip,ms,lower,459.4
linux-mshv-virtual-machine,2,1,2a8fe59577444c6ee50569983776af6e61bdb584,virtfs_live_write,MB/s,higher,847.4
linux-mshv-virtual-machine,2,1,2a8fe59577444c6ee50569983776af6e61bdb584,virtio_blk_random_read_iops,ops/s,higher,7466.93976462
linux-mshv-virtual-machine,2,1,2a8fe59577444c6ee50569983776af6e61bdb584,virtio_blk_random_write_iops,ops/s,higher,7518.13389135
linux-mshv-virtual-machine,2,1,2a8fe59577444c6ee50569983776af6e61bdb584,virtio_fs_random_read_iops,ops/s,higher,10745.5292709
linux-mshv-virtual-machine,2,1,2a8fe59577444c6ee50569983776af6e61bdb584,virtio_fs_random_write_iops,ops/s,higher,11154.4701478
linux-mshv-virtual-machine,2,1,2a8fe59577444c6ee50569983776af6e61bdb584,virtio_net_udp_roundtrip_ops,ops/s,higher,6179.27280816
linux-mshv-virtual-machine,2,1,9d9165eb97aca47dd8fe745aad1035161fa49380,cold_start_base,ms,lower,300.4
linux-mshv-virtual-machine,2,1,9d9165eb97aca47dd8fe745aad1035161fa49380,cold_start_clocksource,ms,lower,299.3
linux-mshv-virtual-machine,2,1,9d9165eb97aca47dd8fe745aad1035161fa49380,cold_start_cryptomgr_notests,ms,lower,301.1
linux-mshv-virtual-machine,2,1,9d9165eb97aca47dd8fe745aad1035161fa49380,cold_start_mitigations_off,ms,lower,265.3
linux-mshv-virtual-machine,2,1,9d9165eb97aca47dd8fe745aad1035161fa49380,cold_start_no_timer_check,ms,lower,252.5
linux-mshv-virtual-machine,2,1,9d9165eb97aca47dd8fe745aad1035161fa49380,cold_start_nokaslr,ms,lower,300.1
linux-mshv-virtual-machine,2,1,9d9165eb97aca47dd8fe745aad1035161fa49380,cold_start_random_trust_cpu,ms,lower,300.6
linux-mshv-virtual-machine,2,1,9d9165eb97aca47dd8fe745aad1035161fa49380,cold_start_rcu_expedited,ms,lower,299.6
linux-mshv-virtual-machine,2,1,9d9165eb97aca47dd8fe745aad1035161fa49380,cold_start_tsc_reliable,ms,lower,300.8
linux-mshv-virtual-machine,2,1,9d9165eb97aca47dd8fe745aad1035161fa49380,network_snapshot_cold,ms,lower,307.6
linux-mshv-virtual-machine,2,1,9d9165eb97aca47dd8fe745aad1035161fa49380,network_snapshot_restore,ms,lower,36
linux-mshv-virtual-machine,2,1,9d9165eb97aca47dd8fe745aad1035161fa49380,network_snapshot_restore_wall,ms,lower,105.8
linux-mshv-virtual-machine,2,1,9d9165eb97aca47dd8fe745aad1035161fa49380,openvmm_cold_start,ms,lower,216.8441975
linux-mshv-virtual-machine,2,1,9d9165eb97aca47dd8fe745aad1035161fa49380,openvmm_cold_start_guest_exit_teardown,ms,lower,23.237885
linux-mshv-virtual-machine,2,1,9d9165eb97aca47dd8fe745aad1035161fa49380,openvmm_cold_start_peak_rss,MiB,lower,77.828125
linux-mshv-virtual-machine,2,1,9d9165eb97aca47dd8fe745aad1035161fa49380,openvmm_snapshot_generation,ms,lower,3.9038545
linux-mshv-virtual-machine,2,1,9d9165eb97aca47dd8fe745aad1035161fa49380,openvmm_snapshot_generation_peak_rss,MiB,lower,80.419921875
linux-mshv-virtual-machine,2,1,9d9165eb97aca47dd8fe745aad1035161fa49380,openvmm_snapshot_restore,ms,lower,29.9954015
linux-mshv-virtual-machine,2,1,9d9165eb97aca47dd8fe745aad1035161fa49380,openvmm_snapshot_restore_guest_exit_teardown,ms,lower,7.790209
linux-mshv-virtual-machine,2,1,9d9165eb97aca47dd8fe745aad1035161fa49380,openvmm_snapshot_restore_peak_rss,MiB,lower,57.734375
linux-mshv-virtual-machine,2,1,9d9165eb97aca47dd8fe745aad1035161fa49380,shell_snapshot_cold_128_mib,ms,lower,301.1
linux-mshv-virtual-machine,2,1,9d9165eb97aca47dd8fe745aad1035161fa49380,shell_snapshot_cold_256_mib,ms,lower,304.7
linux-mshv-virtual-machine,2,1,9d9165eb97aca47dd8fe745aad1035161fa49380,shell_snapshot_cold_512_mib,ms,lower,313.2
linux-mshv-virtual-machine,2,1,9d9165eb97aca47dd8fe745aad1035161fa49380,shell_snapshot_cold_64_mib,ms,lower,291.4
linux-mshv-virtual-machine,2,1,9d9165eb97aca47dd8fe745aad1035161fa49380,shell_snapshot_restore_128_mib,ms,lower,28.6
linux-mshv-virtual-machine,2,1,9d9165eb97aca47dd8fe745aad1035161fa49380,shell_snapshot_restore_256_mib,ms,lower,33
linux-mshv-virtual-machine,2,1,9d9165eb97aca47dd8fe745aad1035161fa49380,shell_snapshot_restore_512_mib,ms,lower,37.2
linux-mshv-virtual-machine,2,1,9d9165eb97aca47dd8fe745aad1035161fa49380,shell_snapshot_restore_64_mib,ms,lower,29
linux-mshv-virtual-machine,2,1,9d9165eb97aca47dd8fe745aad1035161fa49380,virtfs_live_read,MB/s,higher,1100
linux-mshv-virtual-machine,2,1,9d9165eb97aca47dd8fe745aad1035161fa49380,virtfs_live_roundtrip,ms,lower,447.4
linux-mshv-virtual-machine,2,1,9d9165eb97aca47dd8fe745aad1035161fa49380,virtfs_live_write,MB/s,higher,858.6
linux-mshv-virtual-machine,2,1,9d9165eb97aca47dd8fe745aad1035161fa49380,virtio_blk_random_read_iops,ops/s,higher,7555.24382369
linux-mshv-virtual-machine,2,1,9d9165eb97aca47dd8fe745aad1035161fa49380,virtio_blk_random_write_iops,ops/s,higher,7584.96533085
linux-mshv-virtual-machine,2,1,9d9165eb97aca47dd8fe745aad1035161fa49380,virtio_fs_random_read_iops,ops/s,higher,10821.7030712
linux-mshv-virtual-machine,2,1,9d9165eb97aca47dd8fe745aad1035161fa49380,virtio_fs_random_write_iops,ops/s,higher,10804.3097791
linux-mshv-virtual-machine,2,1,9d9165eb97aca47dd8fe745aad1035161fa49380,virtio_net_udp_roundtrip_ops,ops/s,higher,6101.91904336
linux-mshv-virtual-machine,2,1,41a9b20f53287370d149d54aec3d20d0abcd42d6,cold_start_base,ms,lower,282.2
linux-mshv-virtual-machine,2,1,41a9b20f53287370d149d54aec3d20d0abcd42d6,cold_start_clocksource,ms,lower,282.8
linux-mshv-virtual-machine,2,1,41a9b20f53287370d149d54aec3d20d0abcd42d6,cold_start_cryptomgr_notests,ms,lower,281.5
linux-mshv-virtual-machine,2,1,41a9b20f53287370d149d54aec3d20d0abcd42d6,cold_start_mitigations_off,ms,lower,246.2
linux-mshv-virtual-machine,2,1,41a9b20f53287370d149d54aec3d20d0abcd42d6,cold_start_no_timer_check,ms,lower,239.6
linux-mshv-virtual-machine,2,1,41a9b20f53287370d149d54aec3d20d0abcd42d6,cold_start_nokaslr,ms,lower,281.2
linux-mshv-virtual-machine,2,1,41a9b20f53287370d149d54aec3d20d0abcd42d6,cold_start_random_trust_cpu,ms,lower,282.4
linux-mshv-virtual-machine,2,1,41a9b20f53287370d149d54aec3d20d0abcd42d6,cold_start_rcu_expedited,ms,lower,282
linux-mshv-virtual-machine,2,1,41a9b20f53287370d149d54aec3d20d0abcd42d6,cold_start_tsc_reliable,ms,lower,282.6
linux-mshv-virtual-machine,2,1,41a9b20f53287370d149d54aec3d20d0abcd42d6,network_snapshot_cold,ms,lower,289.7
linux-mshv-virtual-machine,2,1,41a9b20f53287370d149d54aec3d20d0abcd42d6,network_snapshot_restore,ms,lower,40
linux-mshv-virtual-machine,2,1,41a9b20f53287370d149d54aec3d20d0abcd42d6,network_snapshot_restore_wall,ms,lower,109.9
linux-mshv-virtual-machine,2,1,41a9b20f53287370d149d54aec3d20d0abcd42d6,openvmm_cold_start,ms,lower,203.608357
linux-mshv-virtual-machine,2,1,41a9b20f53287370d149d54aec3d20d0abcd42d6,openvmm_cold_start_guest_exit_teardown,ms,lower,21.0699885
linux-mshv-virtual-machine,2,1,41a9b20f53287370d149d54aec3d20d0abcd42d6,openvmm_cold_start_peak_rss,MiB,lower,77.828125
linux-mshv-virtual-machine,2,1,41a9b20f53287370d149d54aec3d20d0abcd42d6,openvmm_snapshot_generation,ms,lower,3.7777165
linux-mshv-virtual-machine,2,1,41a9b20f53287370d149d54aec3d20d0abcd42d6,openvmm_snapshot_generation_peak_rss,MiB,lower,80.427734375
linux-mshv-virtual-machine,2,1,41a9b20f53287370d149d54aec3d20d0abcd42d6,openvmm_snapshot_restore,ms,lower,32.9330885
linux-mshv-virtual-machine,2,1,41a9b20f53287370d149d54aec3d20d0abcd42d6,openvmm_snapshot_restore_guest_exit_teardown,ms,lower,8.123934
linux-mshv-virtual-machine,2,1,41a9b20f53287370d149d54aec3d20d0abcd42d6,openvmm_snapshot_restore_peak_rss,MiB,lower,57.734375
linux-mshv-virtual-machine,2,1,41a9b20f53287370d149d54aec3d20d0abcd42d6,shell_snapshot_cold_128_mib,ms,lower,280.8
linux-mshv-virtual-machine,2,1,41a9b20f53287370d149d54aec3d20d0abcd42d6,shell_snapshot_cold_256_mib,ms,lower,286.2
linux-mshv-virtual-machine,2,1,41a9b20f53287370d149d54aec3d20d0abcd42d6,shell_snapshot_cold_512_mib,ms,lower,295.1
linux-mshv-virtual-machine,2,1,41a9b20f53287370d149d54aec3d20d0abcd42d6,shell_snapshot_cold_64_mib,ms,lower,274.7
linux-mshv-virtual-machine,2,1,41a9b20f53287370d149d54aec3d20d0abcd42d6,shell_snapshot_restore_128_mib,ms,lower,32.4
linux-mshv-virtual-machine,2,1,41a9b20f53287370d149d54aec3d20d0abcd42d6,shell_snapshot_restore_256_mib,ms,lower,35.9
linux-mshv-virtual-machine,2,1,41a9b20f53287370d149d54aec3d20d0abcd42d6,shell_snapshot_restore_512_mib,ms,lower,39.8
linux-mshv-virtual-machine,2,1,41a9b20f53287370d149d54aec3d20d0abcd42d6,shell_snapshot_restore_64_mib,ms,lower,33
linux-mshv-virtual-machine,2,1,41a9b20f53287370d149d54aec3d20d0abcd42d6,virtfs_live_read,MB/s,higher,1100
linux-mshv-virtual-machine,2,1,41a9b20f53287370d149d54aec3d20d0abcd42d6,virtfs_live_roundtrip,ms,lower,429.4
linux-mshv-virtual-machine,2,1,41a9b20f53287370d149d54aec3d20d0abcd42d6,virtfs_live_write,MB/s,higher,902.6
linux-mshv-virtual-machine,2,1,41a9b20f53287370d149d54aec3d20d0abcd42d6,virtio_blk_random_read_iops,ops/s,higher,8517.26927105
linux-mshv-virtual-machine,2,1,41a9b20f53287370d149d54aec3d20d0abcd42d6,virtio_blk_random_write_iops,ops/s,higher,8650.08562081
linux-mshv-virtual-machine,2,1,41a9b20f53287370d149d54aec3d20d0abcd42d6,virtio_fs_random_read_iops,ops/s,higher,12189.7349544
linux-mshv-virtual-machine,2,1,41a9b20f53287370d149d54aec3d20d0abcd42d6,virtio_fs_random_write_iops,ops/s,higher,11870.5584829
linux-mshv-virtual-machine,2,1,41a9b20f53287370d149d54aec3d20d0abcd42d6,virtio_net_udp_roundtrip_ops,ops/s,higher,6499.78118554
linux-mshv-virtual-machine,2,1,c7630757b716ea7f3b5e5e3be63b3ddc4b736689,cold_start_base,ms,lower,316
linux-mshv-virtual-machine,2,1,c7630757b716ea7f3b5e5e3be63b3ddc4b736689,cold_start_clocksource,ms,lower,313.6
linux-mshv-virtual-machine,2,1,c7630757b716ea7f3b5e5e3be63b3ddc4b736689,cold_start_cryptomgr_notests,ms,lower,314.7
linux-mshv-virtual-machine,2,1,c7630757b716ea7f3b5e5e3be63b3ddc4b736689,cold_start_mitigations_off,ms,lower,277.7
linux-mshv-virtual-machine,2,1,c7630757b716ea7f3b5e5e3be63b3ddc4b736689,cold_start_no_timer_check,ms,lower,270.1
linux-mshv-virtual-machine,2,1,c7630757b716ea7f3b5e5e3be63b3ddc4b736689,cold_start_nokaslr,ms,lower,313.4
linux-mshv-virtual-machine,2,1,c7630757b716ea7f3b5e5e3be63b3ddc4b736689,cold_start_random_trust_cpu,ms,lower,315.1
linux-mshv-virtual-machine,2,1,c7630757b716ea7f3b5e5e3be63b3ddc4b736689,cold_start_rcu_expedited,ms,lower,314.5
linux-mshv-virtual-machine,2,1,c7630757b716ea7f3b5e5e3be63b3ddc4b736689,cold_start_tsc_reliable,ms,lower,314.6
linux-mshv-virtual-machine,2,1,c7630757b716ea7f3b5e5e3be63b3ddc4b736689,network_snapshot_cold,ms,lower,323
linux-mshv-virtual-machine,2,1,c7630757b716ea7f3b5e5e3be63b3ddc4b736689,network_snapshot_restore,ms,lower,42.3
linux-mshv-virtual-machine,2,1,c7630757b716ea7f3b5e5e3be63b3ddc4b736689,network_snapshot_restore_wall,ms,lower,114
linux-mshv-virtual-machine,2,1,c7630757b716ea7f3b5e5e3be63b3ddc4b736689,openvmm_cold_start,ms,lower,234.9421505
linux-mshv-virtual-machine,2,1,c7630757b716ea7f3b5e5e3be63b3ddc4b736689,openvmm_cold_start_guest_exit_teardown,ms,lower,24.666853
linux-mshv-virtual-machine,2,1,c7630757b716ea7f3b5e5e3be63b3ddc4b736689,openvmm_cold_start_peak_rss,MiB,lower,77.828125
linux-mshv-virtual-machine,2,1,c7630757b716ea7f3b5e5e3be63b3ddc4b736689,openvmm_snapshot_generation,ms,lower,3.9013975
linux-mshv-virtual-machine,2,1,c7630757b716ea7f3b5e5e3be63b3ddc4b736689,openvmm_snapshot_generation_peak_rss,MiB,lower,80.44140625
linux-mshv-virtual-machine,2,1,c7630757b716ea7f3b5e5e3be63b3ddc4b736689,openvmm_snapshot_restore,ms,lower,35.7486695
linux-mshv-virtual-machine,2,1,c7630757b716ea7f3b5e5e3be63b3ddc4b736689,openvmm_snapshot_restore_guest_exit_teardown,ms,lower,8.694392
linux-mshv-virtual-machine,2,1,c7630757b716ea7f3b5e5e3be63b3ddc4b736689,openvmm_snapshot_restore_peak_rss,MiB,lower,57.734375
linux-mshv-virtual-machine,2,1,c7630757b716ea7f3b5e5e3be63b3ddc4b736689,shell_snapshot_cold_128_mib,ms,lower,316.3
linux-mshv-virtual-machine,2,1,c7630757b716ea7f3b5e5e3be63b3ddc4b736689,shell_snapshot_cold_256_mib,ms,lower,320.3
linux-mshv-virtual-machine,2,1,c7630757b716ea7f3b5e5e3be63b3ddc4b736689,shell_snapshot_cold_512_mib,ms,lower,328.6
linux-mshv-virtual-machine,2,1,c7630757b716ea7f3b5e5e3be63b3ddc4b736689,shell_snapshot_cold_64_mib,ms,lower,307.8
linux-mshv-virtual-machine,2,1,c7630757b716ea7f3b5e5e3be63b3ddc4b736689,shell_snapshot_restore_128_mib,ms,lower,35.4
linux-mshv-virtual-machine,2,1,c7630757b716ea7f3b5e5e3be63b3ddc4b736689,shell_snapshot_restore_256_mib,ms,lower,39
linux-mshv-virtual-machine,2,1,c7630757b716ea7f3b5e5e3be63b3ddc4b736689,shell_snapshot_restore_512_mib,ms,lower,42.1
linux-mshv-virtual-machine,2,1,c7630757b716ea7f3b5e5e3be63b3ddc4b736689,shell_snapshot_restore_64_mib,ms,lower,37.6
linux-mshv-virtual-machine,2,1,c7630757b716ea7f3b5e5e3be63b3ddc4b736689,virtfs_live_read,MB/s,higher,1100
linux-mshv-virtual-machine,2,1,c7630757b716ea7f3b5e5e3be63b3ddc4b736689,virtfs_live_roundtrip,ms,lower,471
linux-mshv-virtual-machine,2,1,c7630757b716ea7f3b5e5e3be63b3ddc4b736689,virtfs_live_write,MB/s,higher,826.2
linux-mshv-virtual-machine,2,1,c7630757b716ea7f3b5e5e3be63b3ddc4b736689,virtio_blk_random_read_iops,ops/s,higher,7420.86185626
linux-mshv-virtual-machine,2,1,c7630757b716ea7f3b5e5e3be63b3ddc4b736689,virtio_blk_random_write_iops,ops/s,higher,7356.56050333
linux-mshv-virtual-machine,2,1,c7630757b716ea7f3b5e5e3be63b3ddc4b736689,virtio_fs_random_read_iops,ops/s,higher,14609.4417754
linux-mshv-virtual-machine,2,1,c7630757b716ea7f3b5e5e3be63b3ddc4b736689,virtio_fs_random_write_iops,ops/s,higher,11176.8521518
linux-mshv-virtual-machine,2,1,c7630757b716ea7f3b5e5e3be63b3ddc4b736689,virtio_net_udp_roundtrip_ops,ops/s,higher,6288.91155986
linux-mshv-virtual-machine,2,1,c09557ad1bd2050cbf95ea991779452e6e99eb2e,cold_start_base,ms,lower,281.8
linux-mshv-virtual-machine,2,1,c09557ad1bd2050cbf95ea991779452e6e99eb2e,cold_start_clocksource,ms,lower,282.1
linux-mshv-virtual-machine,2,1,c09557ad1bd2050cbf95ea991779452e6e99eb2e,cold_start_cryptomgr_notests,ms,lower,283.2
linux-mshv-virtual-machine,2,1,c09557ad1bd2050cbf95ea991779452e6e99eb2e,cold_start_mitigations_off,ms,lower,248
linux-mshv-virtual-machine,2,1,c09557ad1bd2050cbf95ea991779452e6e99eb2e,cold_start_no_timer_check,ms,lower,239
linux-mshv-virtual-machine,2,1,c09557ad1bd2050cbf95ea991779452e6e99eb2e,cold_start_nokaslr,ms,lower,282.7
linux-mshv-virtual-machine,2,1,c09557ad1bd2050cbf95ea991779452e6e99eb2e,cold_start_random_trust_cpu,ms,lower,283.2
linux-mshv-virtual-machine,2,1,c09557ad1bd2050cbf95ea991779452e6e99eb2e,cold_start_rcu_expedited,ms,lower,282.4
linux-mshv-virtual-machine,2,1,c09557ad1bd2050cbf95ea991779452e6e99eb2e,cold_start_tsc_reliable,ms,lower,280.7
linux-mshv-virtual-machine,2,1,c09557ad1bd2050cbf95ea991779452e6e99eb2e,network_snapshot_cold,ms,lower,289
linux-mshv-virtual-machine,2,1,c09557ad1bd2050cbf95ea991779452e6e99eb2e,network_snapshot_restore,ms,lower,39.5
linux-mshv-virtual-machine,2,1,c09557ad1bd2050cbf95ea991779452e6e99eb2e,network_snapshot_restore_wall,ms,lower,107.9
linux-mshv-virtual-machine,2,1,c09557ad1bd2050cbf95ea991779452e6e99eb2e,openvmm_cold_start,ms,lower,203.341199
linux-mshv-virtual-machine,2,1,c09557ad1bd2050cbf95ea991779452e6e99eb2e,openvmm_cold_start_guest_exit_teardown,ms,lower,21.341889
linux-mshv-virtual-machine,2,1,c09557ad1bd2050cbf95ea991779452e6e99eb2e,openvmm_cold_start_peak_rss,MiB,lower,77.828125
linux-mshv-virtual-machine,2,1,c09557ad1bd2050cbf95ea991779452e6e99eb2e,openvmm_snapshot_generation,ms,lower,3.745566
linux-mshv-virtual-machine,2,1,c09557ad1bd2050cbf95ea991779452e6e99eb2e,openvmm_snapshot_generation_peak_rss,MiB,lower,80.44921875
linux-mshv-virtual-machine,2,1,c09557ad1bd2050cbf95ea991779452e6e99eb2e,openvmm_snapshot_restore,ms,lower,33.522641
linux-mshv-virtual-machine,2,1,c09557ad1bd2050cbf95ea991779452e6e99eb2e,openvmm_snapshot_restore_guest_exit_teardown,ms,lower,7.9424835
linux-mshv-virtual-machine,2,1,c09557ad1bd2050cbf95ea991779452e6e99eb2e,openvmm_snapshot_restore_peak_rss,MiB,lower,57.734375
linux-mshv-virtual-machine,2,1,c09557ad1bd2050cbf95ea991779452e6e99eb2e,shell_snapshot_cold_128_mib,ms,lower,282.5
linux-mshv-virtual-machine,2,1,c09557ad1bd2050cbf95ea991779452e6e99eb2e,shell_snapshot_cold_256_mib,ms,lower,286.4
linux-mshv-virtual-machine,2,1,c09557ad1bd2050cbf95ea991779452e6e99eb2e,shell_snapshot_cold_512_mib,ms,lower,289.6
linux-mshv-virtual-machine,2,1,c09557ad1bd2050cbf95ea991779452e6e99eb2e,shell_snapshot_cold_64_mib,ms,lower,274.4
linux-mshv-virtual-machine,2,1,c09557ad1bd2050cbf95ea991779452e6e99eb2e,shell_snapshot_restore_128_mib,ms,lower,32.2
linux-mshv-virtual-machine,2,1,c09557ad1bd2050cbf95ea991779452e6e99eb2e,shell_snapshot_restore_256_mib,ms,lower,34.1
linux-mshv-virtual-machine,2,1,c09557ad1bd2050cbf95ea991779452e6e99eb2e,shell_snapshot_restore_512_mib,ms,lower,37.7
linux-mshv-virtual-machine,2,1,c09557ad1bd2050cbf95ea991779452e6e99eb2e,shell_snapshot_restore_64_mib,ms,lower,33.2
linux-mshv-virtual-machine,2,1,c09557ad1bd2050cbf95ea991779452e6e99eb2e,virtfs_live_read,MB/s,higher,1100
linux-mshv-virtual-machine,2,1,c09557ad1bd2050cbf95ea991779452e6e99eb2e,virtfs_live_roundtrip,ms,lower,423.2
linux-mshv-virtual-machine,2,1,c09557ad1bd2050cbf95ea991779452e6e99eb2e,virtfs_live_write,MB/s,higher,910.4
linux-mshv-virtual-machine,2,1,c09557ad1bd2050cbf95ea991779452e6e99eb2e,virtio_blk_random_read_iops,ops/s,higher,8334.68067028
linux-mshv-virtual-machine,2,1,c09557ad1bd2050cbf95ea991779452e6e99eb2e,virtio_blk_random_write_iops,ops/s,higher,8259.37541565
linux-mshv-virtual-machine,2,1,c09557ad1bd2050cbf95ea991779452e6e99eb2e,virtio_fs_random_read_iops,ops/s,higher,12095.1795705
linux-mshv-virtual-machine,2,1,c09557ad1bd2050cbf95ea991779452e6e99eb2e,virtio_fs_random_write_iops,ops/s,higher,11942.2614014
linux-mshv-virtual-machine,2,1,c09557ad1bd2050cbf95ea991779452e6e99eb2e,virtio_net_udp_roundtrip_ops,ops/s,higher,6666.03659095
linux-mshv-virtual-machine,2,1,46df421b191effd47e70c6b63f36d919c544b5d7,cold_start_base,ms,lower,318.9
linux-mshv-virtual-machine,2,1,46df421b191effd47e70c6b63f36d919c544b5d7,cold_start_clocksource,ms,lower,315.1
linux-mshv-virtual-machine,2,1,46df421b191effd47e70c6b63f36d919c544b5d7,cold_start_cryptomgr_notests,ms,lower,316.5
linux-mshv-virtual-machine,2,1,46df421b191effd47e70c6b63f36d919c544b5d7,cold_start_mitigations_off,ms,lower,280.8
linux-mshv-virtual-machine,2,1,46df421b191effd47e70c6b63f36d919c544b5d7,cold_start_no_timer_check,ms,lower,271.2
linux-mshv-virtual-machine,2,1,46df421b191effd47e70c6b63f36d919c544b5d7,cold_start_nokaslr,ms,lower,317.7
linux-mshv-virtual-machine,2,1,46df421b191effd47e70c6b63f36d919c544b5d7,cold_start_random_trust_cpu,ms,lower,319.1
linux-mshv-virtual-machine,2,1,46df421b191effd47e70c6b63f36d919c544b5d7,cold_start_rcu_expedited,ms,lower,315.7
linux-mshv-virtual-machine,2,1,46df421b191effd47e70c6b63f36d919c544b5d7,cold_start_tsc_reliable,ms,lower,316.2
linux-mshv-virtual-machine,2,1,46df421b191effd47e70c6b63f36d919c544b5d7,network_snapshot_cold,ms,lower,325
linux-mshv-virtual-machine,2,1,46df421b191effd47e70c6b63f36d919c544b5d7,network_snapshot_restore,ms,lower,42.4
linux-mshv-virtual-machine,2,1,46df421b191effd47e70c6b63f36d919c544b5d7,network_snapshot_restore_wall,ms,lower,109.8
linux-mshv-virtual-machine,2,1,46df421b191effd47e70c6b63f36d919c544b5d7,openvmm_cold_start,ms,lower,233.9764105
linux-mshv-virtual-machine,2,1,46df421b191effd47e70c6b63f36d919c544b5d7,openvmm_cold_start_guest_exit_teardown,ms,lower,24.246175
linux-mshv-virtual-machine,2,1,46df421b191effd47e70c6b63f36d919c544b5d7,openvmm_cold_start_peak_rss,MiB,lower,77.828125
linux-mshv-virtual-machine,2,1,46df421b191effd47e70c6b63f36d919c544b5d7,openvmm_snapshot_generation,ms,lower,3.810264
linux-mshv-virtual-machine,2,1,46df421b191effd47e70c6b63f36d919c544b5d7,openvmm_snapshot_generation_peak_rss,MiB,lower,80.44140625
linux-mshv-virtual-machine,2,1,46df421b191effd47e70c6b63f36d919c544b5d7,openvmm_snapshot_restore,ms,lower,37.3589125
linux-mshv-virtual-machine,2,1,46df421b191effd47e70c6b63f36d919c544b5d7,openvmm_snapshot_restore_guest_exit_teardown,ms,lower,9.3092905
linux-mshv-virtual-machine,2,1,46df421b191effd47e70c6b63f36d919c544b5d7,openvmm_snapshot_restore_peak_rss,MiB,lower,57.734375
linux-mshv-virtual-machine,2,1,46df421b191effd47e70c6b63f36d919c544b5d7,shell_snapshot_cold_128_mib,ms,lower,316.5
linux-mshv-virtual-machine,2,1,46df421b191effd47e70c6b63f36d919c544b5d7,shell_snapshot_cold_256_mib,ms,lower,318.3
linux-mshv-virtual-machine,2,1,46df421b191effd47e70c6b63f36d919c544b5d7,shell_snapshot_cold_512_mib,ms,lower,327.7
linux-mshv-virtual-machine,2,1,46df421b191effd47e70c6b63f36d919c544b5d7,shell_snapshot_cold_64_mib,ms,lower,308.7
linux-mshv-virtual-machine,2,1,46df421b191effd47e70c6b63f36d919c544b5d7,shell_snapshot_restore_128_mib,ms,lower,34.2
linux-mshv-virtual-machine,2,1,46df421b191effd47e70c6b63f36d919c544b5d7,shell_snapshot_restore_256_mib,ms,lower,37
linux-mshv-virtual-machine,2,1,46df421b191effd47e70c6b63f36d919c544b5d7,shell_snapshot_restore_512_mib,ms,lower,40.9
linux-mshv-virtual-machine,2,1,46df421b191effd47e70c6b63f36d919c544b5d7,shell_snapshot_restore_64_mib,ms,lower,35.7
linux-mshv-virtual-machine,2,1,46df421b191effd47e70c6b63f36d919c544b5d7,virtfs_live_read,MB/s,higher,1006.5
linux-mshv-virtual-machine,2,1,46df421b191effd47e70c6b63f36d919c544b5d7,virtfs_live_roundtrip,ms,lower,473.2
linux-mshv-virtual-machine,2,1,46df421b191effd47e70c6b63f36d919c544b5d7,virtfs_live_write,MB/s,higher,826.5
linux-mshv-virtual-machine,2,1,46df421b191effd47e70c6b63f36d919c544b5d7,virtio_blk_random_read_iops,ops/s,higher,7235.68779237
linux-mshv-virtual-machine,2,1,46df421b191effd47e70c6b63f36d919c544b5d7,virtio_blk_random_write_iops,ops/s,higher,7332.47766097
linux-mshv-virtual-machine,2,1,46df421b191effd47e70c6b63f36d919c544b5d7,virtio_fs_random_read_iops,ops/s,higher,11077.5910004
linux-mshv-virtual-machine,2,1,46df421b191effd47e70c6b63f36d919c544b5d7,virtio_fs_random_write_iops,ops/s,higher,10408.7851904
linux-mshv-virtual-machine,2,1,46df421b191effd47e70c6b63f36d919c544b5d7,virtio_net_udp_roundtrip_ops,ops/s,higher,6336.55802575
linux-mshv-virtual-machine,2,1,509718e2f797928dba4cc6615580d53cfb02a544,cold_start_base,ms,lower,281.6
linux-mshv-virtual-machine,2,1,509718e2f797928dba4cc6615580d53cfb02a544,cold_start_clocksource,ms,lower,281.2
linux-mshv-virtual-machine,2,1,509718e2f797928dba4cc6615580d53cfb02a544,cold_start_cryptomgr_notests,ms,lower,281.5
linux-mshv-virtual-machine,2,1,509718e2f797928dba4cc6615580d53cfb02a544,cold_start_mitigations_off,ms,lower,246.1
linux-mshv-virtual-machine,2,1,509718e2f797928dba4cc6615580d53cfb02a544,cold_start_no_timer_check,ms,lower,236.6
linux-mshv-virtual-machine,2,1,509718e2f797928dba4cc6615580d53cfb02a544,cold_start_nokaslr,ms,lower,281
linux-mshv-virtual-machine,2,1,509718e2f797928dba4cc6615580d53cfb02a544,cold_start_random_trust_cpu,ms,lower,281.3
linux-mshv-virtual-machine,2,1,509718e2f797928dba4cc6615580d53cfb02a544,cold_start_rcu_expedited,ms,lower,280.2
linux-mshv-virtual-machine,2,1,509718e2f797928dba4cc6615580d53cfb02a544,cold_start_tsc_reliable,ms,lower,280.9
linux-mshv-virtual-machine,2,1,509718e2f797928dba4cc6615580d53cfb02a544,network_snapshot_cold,ms,lower,289.5
linux-mshv-virtual-machine,2,1,509718e2f797928dba4cc6615580d53cfb02a544,network_snapshot_restore,ms,lower,40.1
linux-mshv-virtual-machine,2,1,509718e2f797928dba4cc6615580d53cfb02a544,network_snapshot_restore_wall,ms,lower,107.8
linux-mshv-virtual-machine,2,1,509718e2f797928dba4cc6615580d53cfb02a544,openvmm_cold_start,ms,lower,202.598152
linux-mshv-virtual-machine,2,1,509718e2f797928dba4cc6615580d53cfb02a544,openvmm_cold_start_guest_exit_teardown,ms,lower,21.4498395
linux-mshv-virtual-machine,2,1,509718e2f797928dba4cc6615580d53cfb02a544,openvmm_cold_start_peak_rss,MiB,lower,77.828125
linux-mshv-virtual-machine,2,1,509718e2f797928dba4cc6615580d53cfb02a544,openvmm_snapshot_generation,ms,lower,3.8521165
linux-mshv-virtual-machine,2,1,509718e2f797928dba4cc6615580d53cfb02a544,openvmm_snapshot_generation_peak_rss,MiB,lower,80.419921875
linux-mshv-virtual-machine,2,1,509718e2f797928dba4cc6615580d53cfb02a544,openvmm_snapshot_restore,ms,lower,32.5641875
linux-mshv-virtual-machine,2,1,509718e2f797928dba4cc6615580d53cfb02a544,openvmm_snapshot_restore_guest_exit_teardown,ms,lower,8.064684
linux-mshv-virtual-machine,2,1,509718e2f797928dba4cc6615580d53cfb02a544,openvmm_snapshot_restore_peak_rss,MiB,lower,57.734375
linux-mshv-virtual-machine,2,1,509718e2f797928dba4cc6615580d53cfb02a544,shell_snapshot_cold_128_mib,ms,lower,281
linux-mshv-virtual-machine,2,1,509718e2f797928dba4cc6615580d53cfb02a544,shell_snapshot_cold_256_mib,ms,lower,287.4
linux-mshv-virtual-machine,2,1,509718e2f797928dba4cc6615580d53cfb02a544,shell_snapshot_cold_512_mib,ms,lower,293.1
linux-mshv-virtual-machine,2,1,509718e2f797928dba4cc6615580d53cfb02a544,shell_snapshot_cold_64_mib,ms,lower,274.8
linux-mshv-virtual-machine,2,1,509718e2f797928dba4cc6615580d53cfb02a544,shell_snapshot_restore_128_mib,ms,lower,32.1
linux-mshv-virtual-machine,2,1,509718e2f797928dba4cc6615580d53cfb02a544,shell_snapshot_restore_256_mib,ms,lower,34.9
linux-mshv-virtual-machine,2,1,509718e2f797928dba4cc6615580d53cfb02a544,shell_snapshot_restore_512_mib,ms,lower,39.6
linux-mshv-virtual-machine,2,1,509718e2f797928dba4cc6615580d53cfb02a544,shell_snapshot_restore_64_mib,ms,lower,32.7
linux-mshv-virtual-machine,2,1,509718e2f797928dba4cc6615580d53cfb02a544,virtfs_live_read,MB/s,higher,1100
linux-mshv-virtual-machine,2,1,509718e2f797928dba4cc6615580d53cfb02a544,virtfs_live_roundtrip,ms,lower,425.6
linux-mshv-virtual-machine,2,1,509718e2f797928dba4cc6615580d53cfb02a544,virtfs_live_write,MB/s,higher,908.3
linux-mshv-virtual-machine,2,1,509718e2f797928dba4cc6615580d53cfb02a544,virtio_blk_random_read_iops,ops/s,higher,8426.60532844
linux-mshv-virtual-machine,2,1,509718e2f797928dba4cc6615580d53cfb02a544,virtio_blk_random_write_iops,ops/s,higher,8337.89843149
linux-mshv-virtual-machine,2,1,509718e2f797928dba4cc6615580d53cfb02a544,virtio_fs_random_read_iops,ops/s,higher,11918.8949631
linux-mshv-virtual-machine,2,1,509718e2f797928dba4cc6615580d53cfb02a544,virtio_fs_random_write_iops,ops/s,higher,12163.1170163
linux-mshv-virtual-machine,2,1,509718e2f797928dba4cc6615580d53cfb02a544,virtio_net_udp_roundtrip_ops,ops/s,higher,6571.6736685
linux-mshv-virtual-machine,2,1,40e421c0b965e529aaf23b1e9959ce0cfec48943,cold_start_base,ms,lower,281.4
linux-mshv-virtual-machine,2,1,40e421c0b965e529aaf23b1e9959ce0cfec48943,cold_start_clocksource,ms,lower,281.9
linux-mshv-virtual-machine,2,1,40e421c0b965e529aaf23b1e9959ce0cfec48943,cold_start_cryptomgr_notests,ms,lower,280.9
linux-mshv-virtual-machine,2,1,40e421c0b965e529aaf23b1e9959ce0cfec48943,cold_start_mitigations_off,ms,lower,247.7
linux-mshv-virtual-machine,2,1,40e421c0b965e529aaf23b1e9959ce0cfec48943,cold_start_no_timer_check,ms,lower,236.9
linux-mshv-virtual-machine,2,1,40e421c0b965e529aaf23b1e9959ce0cfec48943,cold_start_nokaslr,ms,lower,281.6
linux-mshv-virtual-machine,2,1,40e421c0b965e529aaf23b1e9959ce0cfec48943,cold_start_random_trust_cpu,ms,lower,281.6
linux-mshv-virtual-machine,2,1,40e421c0b965e529aaf23b1e9959ce0cfec48943,cold_start_rcu_expedited,ms,lower,281
linux-mshv-virtual-machine,2,1,40e421c0b965e529aaf23b1e9959ce0cfec48943,cold_start_tsc_reliable,ms,lower,281.6
linux-mshv-virtual-machine,2,1,40e421c0b965e529aaf23b1e9959ce0cfec48943,network_snapshot_cold,ms,lower,289.3
linux-mshv-virtual-machine,2,1,40e421c0b965e529aaf23b1e9959ce0cfec48943,network_snapshot_restore,ms,lower,40.6
linux-mshv-virtual-machine,2,1,40e421c0b965e529aaf23b1e9959ce0cfec48943,network_snapshot_restore_wall,ms,lower,112
linux-mshv-virtual-machine,2,1,40e421c0b965e529aaf23b1e9959ce0cfec48943,openvmm_cold_start,ms,lower,203.6946065
linux-mshv-virtual-machine,2,1,40e421c0b965e529aaf23b1e9959ce0cfec48943,openvmm_cold_start_guest_exit_teardown,ms,lower,21.50909
linux-mshv-virtual-machine,2,1,40e421c0b965e529aaf23b1e9959ce0cfec48943,openvmm_cold_start_peak_rss,MiB,lower,77.828125
linux-mshv-virtual-machine,2,1,40e421c0b965e529aaf23b1e9959ce0cfec48943,openvmm_snapshot_generation,ms,lower,3.758416
linux-mshv-virtual-machine,2,1,40e421c0b965e529aaf23b1e9959ce0cfec48943,openvmm_snapshot_generation_peak_rss,MiB,lower,80.392578125
linux-mshv-virtual-machine,2,1,40e421c0b965e529aaf23b1e9959ce0cfec48943,openvmm_snapshot_restore,ms,lower,32.373536
linux-mshv-virtual-machine,2,1,40e421c0b965e529aaf23b1e9959ce0cfec48943,openvmm_snapshot_restore_guest_exit_teardown,ms,lower,7.9389335
linux-mshv-virtual-machine,2,1,40e421c0b965e529aaf23b1e9959ce0cfec48943,openvmm_snapshot_restore_peak_rss,MiB,lower,57.734375
linux-mshv-virtual-machine,2,1,40e421c0b965e529aaf23b1e9959ce0cfec48943,shell_snapshot_cold_128_mib,ms,lower,281
linux-mshv-virtual-machine,2,1,40e421c0b965e529aaf23b1e9959ce0cfec48943,shell_snapshot_cold_256_mib,ms,lower,287.1
linux-mshv-virtual-machine,2,1,40e421c0b965e529aaf23b1e9959ce0cfec48943,shell_snapshot_cold_512_mib,ms,lower,294
linux-mshv-virtual-machine,2,1,40e421c0b965e529aaf23b1e9959ce0cfec48943,shell_snapshot_cold_64_mib,ms,lower,274.9
linux-mshv-virtual-machine,2,1,40e421c0b965e529aaf23b1e9959ce0cfec48943,shell_snapshot_restore_128_mib,ms,lower,31.8
linux-mshv-virtual-machine,2,1,40e421c0b965e529aaf23b1e9959ce0cfec48943,shell_snapshot_restore_256_mib,ms,lower,35.6
linux-mshv-virtual-machine,2,1,40e421c0b965e529aaf23b1e9959ce0cfec48943,shell_snapshot_restore_512_mib,ms,lower,39.9
linux-mshv-virtual-machine,2,1,40e421c0b965e529aaf23b1e9959ce0cfec48943,shell_snapshot_restore_64_mib,ms,lower,33.1
linux-mshv-virtual-machine,2,1,40e421c0b965e529aaf23b1e9959ce0cfec48943,virtfs_live_read,MB/s,higher,1100
linux-mshv-virtual-machine,2,1,40e421c0b965e529aaf23b1e9959ce0cfec48943,virtfs_live_roundtrip,ms,lower,422.7
linux-mshv-virtual-machine,2,1,40e421c0b965e529aaf23b1e9959ce0cfec48943,virtfs_live_write,MB/s,higher,908.4
linux-mshv-virtual-machine,2,1,40e421c0b965e529aaf23b1e9959ce0cfec48943,virtio_blk_random_read_iops,ops/s,higher,8163.37858589
linux-mshv-virtual-machine,2,1,40e421c0b965e529aaf23b1e9959ce0cfec48943,virtio_blk_random_write_iops,ops/s,higher,8275.43438427
linux-mshv-virtual-machine,2,1,40e421c0b965e529aaf23b1e9959ce0cfec48943,virtio_fs_random_read_iops,ops/s,higher,12170.8249089
linux-mshv-virtual-machine,2,1,40e421c0b965e529aaf23b1e9959ce0cfec48943,virtio_fs_random_write_iops,ops/s,higher,11781.0722803
linux-mshv-virtual-machine,2,1,40e421c0b965e529aaf23b1e9959ce0cfec48943,virtio_net_udp_roundtrip_ops,ops/s,higher,6464.7977154
linux-mshv-virtual-machine,2,1,7502adbabe864f893e42ee254d942d73565aa4c9,cold_start_base,ms,lower,302
linux-mshv-virtual-machine,2,1,7502adbabe864f893e42ee254d942d73565aa4c9,cold_start_clocksource,ms,lower,302.7
linux-mshv-virtual-machine,2,1,7502adbabe864f893e42ee254d942d73565aa4c9,cold_start_cryptomgr_notests,ms,lower,301.5
linux-mshv-virtual-machine,2,1,7502adbabe864f893e42ee254d942d73565aa4c9,cold_start_mitigations_off,ms,lower,266.6
linux-mshv-virtual-machine,2,1,7502adbabe864f893e42ee254d942d73565aa4c9,cold_start_no_timer_check,ms,lower,255.6
linux-mshv-virtual-machine,2,1,7502adbabe864f893e42ee254d942d73565aa4c9,cold_start_nokaslr,ms,lower,301.2
linux-mshv-virtual-machine,2,1,7502adbabe864f893e42ee254d942d73565aa4c9,cold_start_random_trust_cpu,ms,lower,301.5
linux-mshv-virtual-machine,2,1,7502adbabe864f893e42ee254d942d73565aa4c9,cold_start_rcu_expedited,ms,lower,300.4
linux-mshv-virtual-machine,2,1,7502adbabe864f893e42ee254d942d73565aa4c9,cold_start_tsc_reliable,ms,lower,301.2
linux-mshv-virtual-machine,2,1,7502adbabe864f893e42ee254d942d73565aa4c9,network_snapshot_cold,ms,lower,311.3
linux-mshv-virtual-machine,2,1,7502adbabe864f893e42ee254d942d73565aa4c9,network_snapshot_restore,ms,lower,36.9
linux-mshv-virtual-machine,2,1,7502adbabe864f893e42ee254d942d73565aa4c9,network_snapshot_restore_wall,ms,lower,109.9
linux-mshv-virtual-machine,2,1,7502adbabe864f893e42ee254d942d73565aa4c9,openvmm_cold_start,ms,lower,221.0545545
linux-mshv-virtual-machine,2,1,7502adbabe864f893e42ee254d942d73565aa4c9,openvmm_cold_start_guest_exit_teardown,ms,lower,23.8843655
linux-mshv-virtual-machine,2,1,7502adbabe864f893e42ee254d942d73565aa4c9,openvmm_cold_start_peak_rss,MiB,lower,77.828125
linux-mshv-virtual-machine,2,1,7502adbabe864f893e42ee254d942d73565aa4c9,openvmm_snapshot_generation,ms,lower,3.940201
linux-mshv-virtual-machine,2,1,7502adbabe864f893e42ee254d942d73565aa4c9,openvmm_snapshot_generation_peak_rss,MiB,lower,80.421875
linux-mshv-virtual-machine,2,1,7502adbabe864f893e42ee254d942d73565aa4c9,openvmm_snapshot_restore,ms,lower,32.215363
linux-mshv-virtual-machine,2,1,7502adbabe864f893e42ee254d942d73565aa4c9,openvmm_snapshot_restore_guest_exit_teardown,ms,lower,7.973204
linux-mshv-virtual-machine,2,1,7502adbabe864f893e42ee254d942d73565aa4c9,openvmm_snapshot_restore_peak_rss,MiB,lower,57.734375
linux-mshv-virtual-machine,2,1,7502adbabe864f893e42ee254d942d73565aa4c9,shell_snapshot_cold_128_mib,ms,lower,302.9
linux-mshv-virtual-machine,2,1,7502adbabe864f893e42ee254d942d73565aa4c9,shell_snapshot_cold_256_mib,ms,lower,309.1
linux-mshv-virtual-machine,2,1,7502adbabe864f893e42ee254d942d73565aa4c9,shell_snapshot_cold_512_mib,ms,lower,316.4
linux-mshv-virtual-machine,2,1,7502adbabe864f893e42ee254d942d73565aa4c9,shell_snapshot_cold_64_mib,ms,lower,295
linux-mshv-virtual-machine,2,1,7502adbabe864f893e42ee254d942d73565aa4c9,shell_snapshot_restore_128_mib,ms,lower,32.3
linux-mshv-virtual-machine,2,1,7502adbabe864f893e42ee254d942d73565aa4c9,shell_snapshot_restore_256_mib,ms,lower,35.4
linux-mshv-virtual-machine,2,1,7502adbabe864f893e42ee254d942d73565aa4c9,shell_snapshot_restore_512_mib,ms,lower,39.1
linux-mshv-virtual-machine,2,1,7502adbabe864f893e42ee254d942d73565aa4c9,shell_snapshot_restore_64_mib,ms,lower,30.4
linux-mshv-virtual-machine,2,1,7502adbabe864f893e42ee254d942d73565aa4c9,virtfs_live_read,MB/s,higher,1100
linux-mshv-virtual-machine,2,1,7502adbabe864f893e42ee254d942d73565aa4c9,virtfs_live_roundtrip,ms,lower,447.6
linux-mshv-virtual-machine,2,1,7502adbabe864f893e42ee254d942d73565aa4c9,virtfs_live_write,MB/s,higher,855.2
linux-mshv-virtual-machine,2,1,7502adbabe864f893e42ee254d942d73565aa4c9,virtio_blk_random_read_iops,ops/s,higher,7400.67286554
linux-mshv-virtual-machine,2,1,7502adbabe864f893e42ee254d942d73565aa4c9,virtio_blk_random_write_iops,ops/s,higher,7467.27764095
linux-mshv-virtual-machine,2,1,7502adbabe864f893e42ee254d942d73565aa4c9,virtio_fs_random_read_iops,ops/s,higher,11204.2821548
linux-mshv-virtual-machine,2,1,7502adbabe864f893e42ee254d942d73565aa4c9,virtio_fs_random_write_iops,ops/s,higher,11320.2986903
linux-mshv-virtual-machine,2,1,7502adbabe864f893e42ee254d942d73565aa4c9,virtio_net_udp_roundtrip_ops,ops/s,higher,6334.57515295
linux-mshv-virtual-machine,2,1,8e5cf740245d8782798adc4fc374c6e0bfae1a01,cold_start_base,ms,lower,317.6
linux-mshv-virtual-machine,2,1,8e5cf740245d8782798adc4fc374c6e0bfae1a01,cold_start_clocksource,ms,lower,316.6
linux-mshv-virtual-machine,2,1,8e5cf740245d8782798adc4fc374c6e0bfae1a01,cold_start_cryptomgr_notests,ms,lower,323.4
linux-mshv-virtual-machine,2,1,8e5cf740245d8782798adc4fc374c6e0bfae1a01,cold_start_mitigations_off,ms,lower,282.1
linux-mshv-virtual-machine,2,1,8e5cf740245d8782798adc4fc374c6e0bfae1a01,cold_start_no_timer_check,ms,lower,272.1
linux-mshv-virtual-machine,2,1,8e5cf740245d8782798adc4fc374c6e0bfae1a01,cold_start_nokaslr,ms,lower,319.4
linux-mshv-virtual-machine,2,1,8e5cf740245d8782798adc4fc374c6e0bfae1a01,cold_start_random_trust_cpu,ms,lower,322.8
linux-mshv-virtual-machine,2,1,8e5cf740245d8782798adc4fc374c6e0bfae1a01,cold_start_rcu_expedited,ms,lower,318.2
linux-mshv-virtual-machine,2,1,8e5cf740245d8782798adc4fc374c6e0bfae1a01,cold_start_tsc_reliable,ms,lower,316.2
linux-mshv-virtual-machine,2,1,8e5cf740245d8782798adc4fc374c6e0bfae1a01,network_snapshot_cold,ms,lower,323.8
linux-mshv-virtual-machine,2,1,8e5cf740245d8782798adc4fc374c6e0bfae1a01,network_snapshot_restore,ms,lower,41.9
linux-mshv-virtual-machine,2,1,8e5cf740245d8782798adc4fc374c6e0bfae1a01,network_snapshot_restore_wall,ms,lower,123.7
linux-mshv-virtual-machine,2,1,8e5cf740245d8782798adc4fc374c6e0bfae1a01,openvmm_cold_start,ms,lower,237.702944
linux-mshv-virtual-machine,2,1,8e5cf740245d8782798adc4fc374c6e0bfae1a01,openvmm_cold_start_guest_exit_teardown,ms,lower,25.3557455
linux-mshv-virtual-machine,2,1,8e5cf740245d8782798adc4fc374c6e0bfae1a01,openvmm_cold_start_peak_rss,MiB,lower,77.82421875
linux-mshv-virtual-machine,2,1,8e5cf740245d8782798adc4fc374c6e0bfae1a01,openvmm_snapshot_generation,ms,lower,4.1568005
linux-mshv-virtual-machine,2,1,8e5cf740245d8782798adc4fc374c6e0bfae1a01,openvmm_snapshot_generation_peak_rss,MiB,lower,80.423828125
linux-mshv-virtual-machine,2,1,8e5cf740245d8782798adc4fc374c6e0bfae1a01,openvmm_snapshot_restore,ms,lower,35.838873
linux-mshv-virtual-machine,2,1,8e5cf740245d8782798adc4fc374c6e0bfae1a01,openvmm_snapshot_restore_guest_exit_teardown,ms,lower,9.425038
linux-mshv-virtual-machine,2,1,8e5cf740245d8782798adc4fc374c6e0bfae1a01,openvmm_snapshot_restore_peak_rss,MiB,lower,57.734375
linux-mshv-virtual-machine,2,1,8e5cf740245d8782798adc4fc374c6e0bfae1a01,shell_snapshot_cold_128_mib,ms,lower,319.7
linux-mshv-virtual-machine,2,1,8e5cf740245d8782798adc4fc374c6e0bfae1a01,shell_snapshot_cold_256_mib,ms,lower,322.2
linux-mshv-virtual-machine,2,1,8e5cf740245d8782798adc4fc374c6e0bfae1a01,shell_snapshot_cold_512_mib,ms,lower,329.5
linux-mshv-virtual-machine,2,1,8e5cf740245d8782798adc4fc374c6e0bfae1a01,shell_snapshot_cold_64_mib,ms,lower,310.6
linux-mshv-virtual-machine,2,1,8e5cf740245d8782798adc4fc374c6e0bfae1a01,shell_snapshot_restore_128_mib,ms,lower,35.7
linux-mshv-virtual-machine,2,1,8e5cf740245d8782798adc4fc374c6e0bfae1a01,shell_snapshot_restore_256_mib,ms,lower,37.5
linux-mshv-virtual-machine,2,1,8e5cf740245d8782798adc4fc374c6e0bfae1a01,shell_snapshot_restore_512_mib,ms,lower,41.2
linux-mshv-virtual-machine,2,1,8e5cf740245d8782798adc4fc374c6e0bfae1a01,shell_snapshot_restore_64_mib,ms,lower,35.9
linux-mshv-virtual-machine,2,1,8e5cf740245d8782798adc4fc374c6e0bfae1a01,virtfs_live_read,MB/s,higher,1100
linux-mshv-virtual-machine,2,1,8e5cf740245d8782798adc4fc374c6e0bfae1a01,virtfs_live_roundtrip,ms,lower,479.5
linux-mshv-virtual-machine,2,1,8e5cf740245d8782798adc4fc374c6e0bfae1a01,virtfs_live_write,MB/s,higher,822.6
linux-mshv-virtual-machine,2,1,8e5cf740245d8782798adc4fc374c6e0bfae1a01,virtio_blk_random_read_iops,ops/s,higher,7407.2022472
linux-mshv-virtual-machine,2,1,8e5cf740245d8782798adc4fc374c6e0bfae1a01,virtio_blk_random_write_iops,ops/s,higher,7430.28263353
linux-mshv-virtual-machine,2,1,8e5cf740245d8782798adc4fc374c6e0bfae1a01,virtio_fs_random_read_iops,ops/s,higher,10345.7863583
linux-mshv-virtual-machine,2,1,8e5cf740245d8782798adc4fc374c6e0bfae1a01,virtio_fs_random_write_iops,ops/s,higher,10112.9309212
linux-mshv-virtual-machine,2,1,8e5cf740245d8782798adc4fc374c6e0bfae1a01,virtio_net_udp_roundtrip_ops,ops/s,higher,5945.37398209
linux-mshv-virtual-machine,2,1,a900cab90515a39f1ee3e1e4a64234c8937fefe7,cold_start_base,ms,lower,298.7
linux-mshv-virtual-machine,2,1,a900cab90515a39f1ee3e1e4a64234c8937fefe7,cold_start_clocksource,ms,lower,297.4
linux-mshv-virtual-machine,2,1,a900cab90515a39f1ee3e1e4a64234c8937fefe7,cold_start_cryptomgr_notests,ms,lower,299
linux-mshv-virtual-machine,2,1,a900cab90515a39f1ee3e1e4a64234c8937fefe7,cold_start_mitigations_off,ms,lower,262.6
linux-mshv-virtual-machine,2,1,a900cab90515a39f1ee3e1e4a64234c8937fefe7,cold_start_no_timer_check,ms,lower,251.4
linux-mshv-virtual-machine,2,1,a900cab90515a39f1ee3e1e4a64234c8937fefe7,cold_start_nokaslr,ms,lower,299.1
linux-mshv-virtual-machine,2,1,a900cab90515a39f1ee3e1e4a64234c8937fefe7,cold_start_random_trust_cpu,ms,lower,299.9
linux-mshv-virtual-machine,2,1,a900cab90515a39f1ee3e1e4a64234c8937fefe7,cold_start_rcu_expedited,ms,lower,298
linux-mshv-virtual-machine,2,1,a900cab90515a39f1ee3e1e4a64234c8937fefe7,cold_start_tsc_reliable,ms,lower,298.1
linux-mshv-virtual-machine,2,1,a900cab90515a39f1ee3e1e4a64234c8937fefe7,network_snapshot_cold,ms,lower,307.3
linux-mshv-virtual-machine,2,1,a900cab90515a39f1ee3e1e4a64234c8937fefe7,network_snapshot_restore,ms,lower,35.2
linux-mshv-virtual-machine,2,1,a900cab90515a39f1ee3e1e4a64234c8937fefe7,network_snapshot_restore_wall,ms,lower,101.9
linux-mshv-virtual-machine,2,1,a900cab90515a39f1ee3e1e4a64234c8937fefe7,openvmm_cold_start,ms,lower,215.893846
linux-mshv-virtual-machine,2,1,a900cab90515a39f1ee3e1e4a64234c8937fefe7,openvmm_cold_start_guest_exit_teardown,ms,lower,23.321234
linux-mshv-virtual-machine,2,1,a900cab90515a39f1ee3e1e4a64234c8937fefe7,openvmm_cold_start_peak_rss,MiB,lower,77.82421875
linux-mshv-virtual-machine,2,1,a900cab90515a39f1ee3e1e4a64234c8937fefe7,openvmm_snapshot_generation,ms,lower,3.7708725
linux-mshv-virtual-machine,2,1,a900cab90515a39f1ee3e1e4a64234c8937fefe7,openvmm_snapshot_generation_peak_rss,MiB,lower,80.357421875
linux-mshv-virtual-machine,2,1,a900cab90515a39f1ee3e1e4a64234c8937fefe7,openvmm_snapshot_restore,ms,lower,30.237985
linux-mshv-virtual-machine,2,1,a900cab90515a39f1ee3e1e4a64234c8937fefe7,openvmm_snapshot_restore_guest_exit_teardown,ms,lower,7.748958
linux-mshv-virtual-machine,2,1,a900cab90515a39f1ee3e1e4a64234c8937fefe7,openvmm_snapshot_restore_peak_rss,MiB,lower,57.734375
linux-mshv-virtual-machine,2,1,a900cab90515a39f1ee3e1e4a64234c8937fefe7,shell_snapshot_cold_128_mib,ms,lower,301.2
linux-mshv-virtual-machine,2,1,a900cab90515a39f1ee3e1e4a64234c8937fefe7,shell_snapshot_cold_256_mib,ms,lower,302.3
linux-mshv-virtual-machine,2,1,a900cab90515a39f1ee3e1e4a64234c8937fefe7,shell_snapshot_cold_512_mib,ms,lower,312.5
linux-mshv-virtual-machine,2,1,a900cab90515a39f1ee3e1e4a64234c8937fefe7,shell_snapshot_cold_64_mib,ms,lower,291.3
linux-mshv-virtual-machine,2,1,a900cab90515a39f1ee3e1e4a64234c8937fefe7,shell_snapshot_restore_128_mib,ms,lower,29
linux-mshv-virtual-machine,2,1,a900cab90515a39f1ee3e1e4a64234c8937fefe7,shell_snapshot_restore_256_mib,ms,lower,36
linux-mshv-virtual-machine,2,1,a900cab90515a39f1ee3e1e4a64234c8937fefe7,shell_snapshot_restore_512_mib,ms,lower,36.3
linux-mshv-virtual-machine,2,1,a900cab90515a39f1ee3e1e4a64234c8937fefe7,shell_snapshot_restore_64_mib,ms,lower,29
linux-mshv-virtual-machine,2,1,a900cab90515a39f1ee3e1e4a64234c8937fefe7,virtfs_live_read,MB/s,higher,1100
linux-mshv-virtual-machine,2,1,a900cab90515a39f1ee3e1e4a64234c8937fefe7,virtfs_live_roundtrip,ms,lower,451.3
linux-mshv-virtual-machine,2,1,a900cab90515a39f1ee3e1e4a64234c8937fefe7,virtfs_live_write,MB/s,higher,861.4
linux-mshv-virtual-machine,2,1,a900cab90515a39f1ee3e1e4a64234c8937fefe7,virtio_blk_random_read_iops,ops/s,higher,7437.35236115
linux-mshv-virtual-machine,2,1,a900cab90515a39f1ee3e1e4a64234c8937fefe7,virtio_blk_random_write_iops,ops/s,higher,7477.78852536
linux-mshv-virtual-machine,2,1,a900cab90515a39f1ee3e1e4a64234c8937fefe7,virtio_fs_random_read_iops,ops/s,higher,11235.5472661
linux-mshv-virtual-machine,2,1,a900cab90515a39f1ee3e1e4a64234c8937fefe7,virtio_fs_random_write_iops,ops/s,higher,10704.6520889
linux-mshv-virtual-machine,2,1,a900cab90515a39f1ee3e1e4a64234c8937fefe7,virtio_net_udp_roundtrip_ops,ops/s,higher,6233.37528484
linux-mshv-virtual-machine,2,1,edd0be2ce9a2f487f6759b8370f6c288c478b602,cold_start_base,ms,lower,313.8
linux-mshv-virtual-machine,2,1,edd0be2ce9a2f487f6759b8370f6c288c478b602,cold_start_clocksource,ms,lower,315.3
linux-mshv-virtual-machine,2,1,edd0be2ce9a2f487f6759b8370f6c288c478b602,cold_start_cryptomgr_notests,ms,lower,314.8
linux-mshv-virtual-machine,2,1,edd0be2ce9a2f487f6759b8370f6c288c478b602,cold_start_mitigations_off,ms,lower,280.6
linux-mshv-virtual-machine,2,1,edd0be2ce9a2f487f6759b8370f6c288c478b602,cold_start_no_timer_check,ms,lower,268.3
linux-mshv-virtual-machine,2,1,edd0be2ce9a2f487f6759b8370f6c288c478b602,cold_start_nokaslr,ms,lower,316.2
linux-mshv-virtual-machine,2,1,edd0be2ce9a2f487f6759b8370f6c288c478b602,cold_start_random_trust_cpu,ms,lower,317.9
linux-mshv-virtual-machine,2,1,edd0be2ce9a2f487f6759b8370f6c288c478b602,cold_start_rcu_expedited,ms,lower,315.9
linux-mshv-virtual-machine,2,1,edd0be2ce9a2f487f6759b8370f6c288c478b602,cold_start_tsc_reliable,ms,lower,317.6
linux-mshv-virtual-machine,2,1,edd0be2ce9a2f487f6759b8370f6c288c478b602,network_snapshot_cold,ms,lower,323.7
linux-mshv-virtual-machine,2,1,edd0be2ce9a2f487f6759b8370f6c288c478b602,network_snapshot_restore,ms,lower,41.4
linux-mshv-virtual-machine,2,1,edd0be2ce9a2f487f6759b8370f6c288c478b602,network_snapshot_restore_wall,ms,lower,123.8
linux-mshv-virtual-machine,2,1,edd0be2ce9a2f487f6759b8370f6c288c478b602,openvmm_cold_start,ms,lower,235.2025445
linux-mshv-virtual-machine,2,1,edd0be2ce9a2f487f6759b8370f6c288c478b602,openvmm_cold_start_guest_exit_teardown,ms,lower,24.749231
linux-mshv-virtual-machine,2,1,edd0be2ce9a2f487f6759b8370f6c288c478b602,openvmm_cold_start_peak_rss,MiB,lower,77.828125
linux-mshv-virtual-machine,2,1,edd0be2ce9a2f487f6759b8370f6c288c478b602,openvmm_snapshot_generation,ms,lower,4.094172
linux-mshv-virtual-machine,2,1,edd0be2ce9a2f487f6759b8370f6c288c478b602,openvmm_snapshot_generation_peak_rss,MiB,lower,80.43359375
linux-mshv-virtual-machine,2,1,edd0be2ce9a2f487f6759b8370f6c288c478b602,openvmm_snapshot_restore,ms,lower,35.4274955
linux-mshv-virtual-machine,2,1,edd0be2ce9a2f487f6759b8370f6c288c478b602,openvmm_snapshot_restore_guest_exit_teardown,ms,lower,9.0569345
linux-mshv-virtual-machine,2,1,edd0be2ce9a2f487f6759b8370f6c288c478b602,openvmm_snapshot_restore_peak_rss,MiB,lower,57.734375
linux-mshv-virtual-machine,2,1,edd0be2ce9a2f487f6759b8370f6c288c478b602,shell_snapshot_cold_128_mib,ms,lower,314.3
linux-mshv-virtual-machine,2,1,edd0be2ce9a2f487f6759b8370f6c288c478b602,shell_snapshot_cold_256_mib,ms,lower,320.7
linux-mshv-virtual-machine,2,1,edd0be2ce9a2f487f6759b8370f6c288c478b602,shell_snapshot_cold_512_mib,ms,lower,328.3
linux-mshv-virtual-machine,2,1,edd0be2ce9a2f487f6759b8370f6c288c478b602,shell_snapshot_cold_64_mib,ms,lower,307.2
linux-mshv-virtual-machine,2,1,edd0be2ce9a2f487f6759b8370f6c288c478b602,shell_snapshot_restore_128_mib,ms,lower,33.3
linux-mshv-virtual-machine,2,1,edd0be2ce9a2f487f6759b8370f6c288c478b602,shell_snapshot_restore_256_mib,ms,lower,37.7
linux-mshv-virtual-machine,2,1,edd0be2ce9a2f487f6759b8370f6c288c478b602,shell_snapshot_restore_512_mib,ms,lower,41.7
linux-mshv-virtual-machine,2,1,edd0be2ce9a2f487f6759b8370f6c288c478b602,shell_snapshot_restore_64_mib,ms,lower,34.5
linux-mshv-virtual-machine,2,1,edd0be2ce9a2f487f6759b8370f6c288c478b602,virtfs_live_read,MB/s,higher,1100
linux-mshv-virtual-machine,2,1,edd0be2ce9a2f487f6759b8370f6c288c478b602,virtfs_live_roundtrip,ms,lower,473.4
linux-mshv-virtual-machine,2,1,edd0be2ce9a2f487f6759b8370f6c288c478b602,virtfs_live_write,MB/s,higher,817.7
linux-mshv-virtual-machine,2,1,edd0be2ce9a2f487f6759b8370f6c288c478b602,virtio_blk_random_read_iops,ops/s,higher,7258.34361208
linux-mshv-virtual-machine,2,1,edd0be2ce9a2f487f6759b8370f6c288c478b602,virtio_blk_random_write_iops,ops/s,higher,7306.02139352
linux-mshv-virtual-machine,2,1,edd0be2ce9a2f487f6759b8370f6c288c478b602,virtio_fs_random_read_iops,ops/s,higher,10401.2402826
linux-mshv-virtual-machine,2,1,edd0be2ce9a2f487f6759b8370f6c288c478b602,virtio_fs_random_write_iops,ops/s,higher,10453.9383596
linux-mshv-virtual-machine,2,1,edd0be2ce9a2f487f6759b8370f6c288c478b602,virtio_net_udp_roundtrip_ops,ops/s,higher,5843.72087979
linux-mshv-virtual-machine,2,1,62ffbb4d1fc210dfdd8d86f46e114b62a57ccf0f,cold_start_base,ms,lower,314.7
linux-mshv-virtual-machine,2,1,62ffbb4d1fc210dfdd8d86f46e114b62a57ccf0f,cold_start_clocksource,ms,lower,314.3
linux-mshv-virtual-machine,2,1,62ffbb4d1fc210dfdd8d86f46e114b62a57ccf0f,cold_start_cryptomgr_notests,ms,lower,313.7
linux-mshv-virtual-machine,2,1,62ffbb4d1fc210dfdd8d86f46e114b62a57ccf0f,cold_start_mitigations_off,ms,lower,277.6
linux-mshv-virtual-machine,2,1,62ffbb4d1fc210dfdd8d86f46e114b62a57ccf0f,cold_start_no_timer_check,ms,lower,269.1
linux-mshv-virtual-machine,2,1,62ffbb4d1fc210dfdd8d86f46e114b62a57ccf0f,cold_start_nokaslr,ms,lower,314.3
linux-mshv-virtual-machine,2,1,62ffbb4d1fc210dfdd8d86f46e114b62a57ccf0f,cold_start_random_trust_cpu,ms,lower,313.4
linux-mshv-virtual-machine,2,1,62ffbb4d1fc210dfdd8d86f46e114b62a57ccf0f,cold_start_rcu_expedited,ms,lower,313.9
linux-mshv-virtual-machine,2,1,62ffbb4d1fc210dfdd8d86f46e114b62a57ccf0f,cold_start_tsc_reliable,ms,lower,312.8
linux-mshv-virtual-machine,2,1,62ffbb4d1fc210dfdd8d86f46e114b62a57ccf0f,network_snapshot_cold,ms,lower,321.3
linux-mshv-virtual-machine,2,1,62ffbb4d1fc210dfdd8d86f46e114b62a57ccf0f,network_snapshot_restore,ms,lower,40.9
linux-mshv-virtual-machine,2,1,62ffbb4d1fc210dfdd8d86f46e114b62a57ccf0f,network_snapshot_restore_wall,ms,lower,116
linux-mshv-virtual-machine,2,1,62ffbb4d1fc210dfdd8d86f46e114b62a57ccf0f,openvmm_cold_start,ms,lower,233.55264
linux-mshv-virtual-machine,2,1,62ffbb4d1fc210dfdd8d86f46e114b62a57ccf0f,openvmm_cold_start_guest_exit_teardown,ms,lower,24.783372
linux-mshv-virtual-machine,2,1,62ffbb4d1fc210dfdd8d86f46e114b62a57ccf0f,openvmm_cold_start_peak_rss,MiB,lower,77.828125
linux-mshv-virtual-machine,2,1,62ffbb4d1fc210dfdd8d86f46e114b62a57ccf0f,openvmm_snapshot_generation,ms,lower,3.980758
linux-mshv-virtual-machine,2,1,62ffbb4d1fc210dfdd8d86f46e114b62a57ccf0f,openvmm_snapshot_generation_peak_rss,MiB,lower,80.4296875
linux-mshv-virtual-machine,2,1,62ffbb4d1fc210dfdd8d86f46e114b62a57ccf0f,openvmm_snapshot_restore,ms,lower,34.6995735
linux-mshv-virtual-machine,2,1,62ffbb4d1fc210dfdd8d86f46e114b62a57ccf0f,openvmm_snapshot_restore_guest_exit_teardown,ms,lower,8.8933205
linux-mshv-virtual-machine,2,1,62ffbb4d1fc210dfdd8d86f46e114b62a57ccf0f,openvmm_snapshot_restore_peak_rss,MiB,lower,57.734375
linux-mshv-virtual-machine,2,1,62ffbb4d1fc210dfdd8d86f46e114b62a57ccf0f,shell_snapshot_cold_128_mib,ms,lower,311.9
linux-mshv-virtual-machine,2,1,62ffbb4d1fc210dfdd8d86f46e114b62a57ccf0f,shell_snapshot_cold_256_mib,ms,lower,314.4
linux-mshv-virtual-machine,2,1,62ffbb4d1fc210dfdd8d86f46e114b62a57ccf0f,shell_snapshot_cold_512_mib,ms,lower,322.9
linux-mshv-virtual-machine,2,1,62ffbb4d1fc210dfdd8d86f46e114b62a57ccf0f,shell_snapshot_cold_64_mib,ms,lower,306.5
linux-mshv-virtual-machine,2,1,62ffbb4d1fc210dfdd8d86f46e114b62a57ccf0f,shell_snapshot_restore_128_mib,ms,lower,33.6
linux-mshv-virtual-machine,2,1,62ffbb4d1fc210dfdd8d86f46e114b62a57ccf0f,shell_snapshot_restore_256_mib,ms,lower,37
linux-mshv-virtual-machine,2,1,62ffbb4d1fc210dfdd8d86f46e114b62a57ccf0f,shell_snapshot_restore_512_mib,ms,lower,40.3
linux-mshv-virtual-machine,2,1,62ffbb4d1fc210dfdd8d86f46e114b62a57ccf0f,shell_snapshot_restore_64_mib,ms,lower,35.3
linux-mshv-virtual-machine,2,1,62ffbb4d1fc210dfdd8d86f46e114b62a57ccf0f,virtfs_live_read,MB/s,higher,1100
linux-mshv-virtual-machine,2,1,62ffbb4d1fc210dfdd8d86f46e114b62a57ccf0f,virtfs_live_roundtrip,ms,lower,475.3
linux-mshv-virtual-machine,2,1,62ffbb4d1fc210dfdd8d86f46e114b62a57ccf0f,virtfs_live_write,MB/s,higher,838.4
linux-mshv-virtual-machine,2,1,62ffbb4d1fc210dfdd8d86f46e114b62a57ccf0f,virtio_blk_random_read_iops,ops/s,higher,7173.92115072
linux-mshv-virtual-machine,2,1,62ffbb4d1fc210dfdd8d86f46e114b62a57ccf0f,virtio_blk_random_write_iops,ops/s,higher,7083.49841517
linux-mshv-virtual-machine,2,1,62ffbb4d1fc210dfdd8d86f46e114b62a57ccf0f,virtio_fs_random_read_iops,ops/s,higher,10695.2015707
linux-mshv-virtual-machine,2,1,62ffbb4d1fc210dfdd8d86f46e114b62a57ccf0f,virtio_fs_random_write_iops,ops/s,higher,11634.7017192
linux-mshv-virtual-machine,2,1,62ffbb4d1fc210dfdd8d86f46e114b62a57ccf0f,virtio_net_udp_roundtrip_ops,ops/s,higher,6152.34466058
linux-mshv-virtual-machine,2,1,caed7fad98837ac64310b5835370a47161e98058,cold_start_base,ms,lower,281.2
linux-mshv-virtual-machine,2,1,caed7fad98837ac64310b5835370a47161e98058,cold_start_clocksource,ms,lower,281.3
linux-mshv-virtual-machine,2,1,caed7fad98837ac64310b5835370a47161e98058,cold_start_cryptomgr_notests,ms,lower,281.7
linux-mshv-virtual-machine,2,1,caed7fad98837ac64310b5835370a47161e98058,cold_start_mitigations_off,ms,lower,246.5
linux-mshv-virtual-machine,2,1,caed7fad98837ac64310b5835370a47161e98058,cold_start_no_timer_check,ms,lower,237.2
linux-mshv-virtual-machine,2,1,caed7fad98837ac64310b5835370a47161e98058,cold_start_nokaslr,ms,lower,281.6
linux-mshv-virtual-machine,2,1,caed7fad98837ac64310b5835370a47161e98058,cold_start_random_trust_cpu,ms,lower,280.8
linux-mshv-virtual-machine,2,1,caed7fad98837ac64310b5835370a47161e98058,cold_start_rcu_expedited,ms,lower,282
linux-mshv-virtual-machine,2,1,caed7fad98837ac64310b5835370a47161e98058,cold_start_tsc_reliable,ms,lower,281.2
linux-mshv-virtual-machine,2,1,caed7fad98837ac64310b5835370a47161e98058,network_snapshot_cold,ms,lower,290.1
linux-mshv-virtual-machine,2,1,caed7fad98837ac64310b5835370a47161e98058,network_snapshot_restore,ms,lower,39.2
linux-mshv-virtual-machine,2,1,caed7fad98837ac64310b5835370a47161e98058,network_snapshot_restore_wall,ms,lower,111.5
linux-mshv-virtual-machine,2,1,caed7fad98837ac64310b5835370a47161e98058,openvmm_cold_start,ms,lower,203.4137525
linux-mshv-virtual-machine,2,1,caed7fad98837ac64310b5835370a47161e98058,openvmm_cold_start_guest_exit_teardown,ms,lower,21.47569
linux-mshv-virtual-machine,2,1,caed7fad98837ac64310b5835370a47161e98058,openvmm_cold_start_peak_rss,MiB,lower,77.828125
linux-mshv-virtual-machine,2,1,caed7fad98837ac64310b5835370a47161e98058,openvmm_snapshot_generation,ms,lower,4.000067
linux-mshv-virtual-machine,2,1,caed7fad98837ac64310b5835370a47161e98058,openvmm_snapshot_generation_peak_rss,MiB,lower,80.41796875
linux-mshv-virtual-machine,2,1,caed7fad98837ac64310b5835370a47161e98058,openvmm_snapshot_restore,ms,lower,32.3561355
linux-mshv-virtual-machine,2,1,caed7fad98837ac64310b5835370a47161e98058,openvmm_snapshot_restore_guest_exit_teardown,ms,lower,7.8020825
linux-mshv-virtual-machine,2,1,caed7fad98837ac64310b5835370a47161e98058,openvmm_snapshot_restore_peak_rss,MiB,lower,57.734375
linux-mshv-virtual-machine,2,1,caed7fad98837ac64310b5835370a47161e98058,shell_snapshot_cold_128_mib,ms,lower,280.3
linux-mshv-virtual-machine,2,1,caed7fad98837ac64310b5835370a47161e98058,shell_snapshot_cold_256_mib,ms,lower,284.5
linux-mshv-virtual-machine,2,1,caed7fad98837ac64310b5835370a47161e98058,shell_snapshot_cold_512_mib,ms,lower,293.3
linux-mshv-virtual-machine,2,1,caed7fad98837ac64310b5835370a47161e98058,shell_snapshot_cold_64_mib,ms,lower,273.8
linux-mshv-virtual-machine,2,1,caed7fad98837ac64310b5835370a47161e98058,shell_snapshot_restore_128_mib,ms,lower,32.2
linux-mshv-virtual-machine,2,1,caed7fad98837ac64310b5835370a47161e98058,shell_snapshot_restore_256_mib,ms,lower,35.4
linux-mshv-virtual-machine,2,1,caed7fad98837ac64310b5835370a47161e98058,shell_snapshot_restore_512_mib,ms,lower,39.4
linux-mshv-virtual-machine,2,1,caed7fad98837ac64310b5835370a47161e98058,shell_snapshot_restore_64_mib,ms,lower,31.1
linux-mshv-virtual-machine,2,1,caed7fad98837ac64310b5835370a47161e98058,virtfs_live_read,MB/s,higher,1100
linux-mshv-virtual-machine,2,1,caed7fad98837ac64310b5835370a47161e98058,virtfs_live_roundtrip,ms,lower,415.4
linux-mshv-virtual-machine,2,1,caed7fad98837ac64310b5835370a47161e98058,virtfs_live_write,MB/s,higher,919.5
linux-mshv-virtual-machine,2,1,caed7fad98837ac64310b5835370a47161e98058,virtio_blk_random_read_iops,ops/s,higher,8679.87030102
linux-mshv-virtual-machine,2,1,caed7fad98837ac64310b5835370a47161e98058,virtio_blk_random_write_iops,ops/s,higher,8562.71370533
linux-mshv-virtual-machine,2,1,caed7fad98837ac64310b5835370a47161e98058,virtio_fs_random_read_iops,ops/s,higher,11868.3076905
linux-mshv-virtual-machine,2,1,caed7fad98837ac64310b5835370a47161e98058,virtio_fs_random_write_iops,ops/s,higher,12029.7414405
linux-mshv-virtual-machine,2,1,caed7fad98837ac64310b5835370a47161e98058,virtio_net_udp_roundtrip_ops,ops/s,higher,6501.37976928
linux-mshv-virtual-machine,2,1,4fff1a9e49f70f48aa64c009b0366649fee99798,cold_start_base,ms,lower,281.3
linux-mshv-virtual-machine,2,1,4fff1a9e49f70f48aa64c009b0366649fee99798,cold_start_clocksource,ms,lower,281.9
linux-mshv-virtual-machine,2,1,4fff1a9e49f70f48aa64c009b0366649fee99798,cold_start_cryptomgr_notests,ms,lower,281.8
linux-mshv-virtual-machine,2,1,4fff1a9e49f70f48aa64c009b0366649fee99798,cold_start_mitigations_off,ms,lower,246.6
linux-mshv-virtual-machine,2,1,4fff1a9e49f70f48aa64c009b0366649fee99798,cold_start_no_timer_check,ms,lower,237.2
linux-mshv-virtual-machine,2,1,4fff1a9e49f70f48aa64c009b0366649fee99798,cold_start_nokaslr,ms,lower,281.2
linux-mshv-virtual-machine,2,1,4fff1a9e49f70f48aa64c009b0366649fee99798,cold_start_random_trust_cpu,ms,lower,282.3
linux-mshv-virtual-machine,2,1,4fff1a9e49f70f48aa64c009b0366649fee99798,cold_start_rcu_expedited,ms,lower,280.6
linux-mshv-virtual-machine,2,1,4fff1a9e49f70f48aa64c009b0366649fee99798,cold_start_tsc_reliable,ms,lower,281.7
linux-mshv-virtual-machine,2,1,4fff1a9e49f70f48aa64c009b0366649fee99798,network_snapshot_cold,ms,lower,289.7
linux-mshv-virtual-machine,2,1,4fff1a9e49f70f48aa64c009b0366649fee99798,network_snapshot_restore,ms,lower,39.1
linux-mshv-virtual-machine,2,1,4fff1a9e49f70f48aa64c009b0366649fee99798,network_snapshot_restore_wall,ms,lower,107.8
linux-mshv-virtual-machine,2,1,4fff1a9e49f70f48aa64c009b0366649fee99798,openvmm_cold_start,ms,lower,203.9989025
linux-mshv-virtual-machine,2,1,4fff1a9e49f70f48aa64c009b0366649fee99798,openvmm_cold_start_guest_exit_teardown,ms,lower,21.264139
linux-mshv-virtual-machine,2,1,4fff1a9e49f70f48aa64c009b0366649fee99798,openvmm_cold_start_peak_rss,MiB,lower,77.828125
linux-mshv-virtual-machine,2,1,4fff1a9e49f70f48aa64c009b0366649fee99798,openvmm_snapshot_generation,ms,lower,3.9968165
linux-mshv-virtual-machine,2,1,4fff1a9e49f70f48aa64c009b0366649fee99798,openvmm_snapshot_generation_peak_rss,MiB,lower,80.419921875
linux-mshv-virtual-machine,2,1,4fff1a9e49f70f48aa64c009b0366649fee99798,openvmm_snapshot_restore,ms,lower,32.5962875
linux-mshv-virtual-machine,2,1,4fff1a9e49f70f48aa64c009b0366649fee99798,openvmm_snapshot_restore_guest_exit_teardown,ms,lower,7.8560835
linux-mshv-virtual-machine,2,1,4fff1a9e49f70f48aa64c009b0366649fee99798,openvmm_snapshot_restore_peak_rss,MiB,lower,57.734375
linux-mshv-virtual-machine,2,1,4fff1a9e49f70f48aa64c009b0366649fee99798,shell_snapshot_cold_128_mib,ms,lower,281.4
linux-mshv-virtual-machine,2,1,4fff1a9e49f70f48aa64c009b0366649fee99798,shell_snapshot_cold_256_mib,ms,lower,285.8
linux-mshv-virtual-machine,2,1,4fff1a9e49f70f48aa64c009b0366649fee99798,shell_snapshot_cold_512_mib,ms,lower,292.8
linux-mshv-virtual-machine,2,1,4fff1a9e49f70f48aa64c009b0366649fee99798,shell_snapshot_cold_64_mib,ms,lower,274.3
linux-mshv-virtual-machine,2,1,4fff1a9e49f70f48aa64c009b0366649fee99798,shell_snapshot_restore_128_mib,ms,lower,31.8
linux-mshv-virtual-machine,2,1,4fff1a9e49f70f48aa64c009b0366649fee99798,shell_snapshot_restore_256_mib,ms,lower,35.5
linux-mshv-virtual-machine,2,1,4fff1a9e49f70f48aa64c009b0366649fee99798,shell_snapshot_restore_512_mib,ms,lower,39.9
linux-mshv-virtual-machine,2,1,4fff1a9e49f70f48aa64c009b0366649fee99798,shell_snapshot_restore_64_mib,ms,lower,33.5
linux-mshv-virtual-machine,2,1,4fff1a9e49f70f48aa64c009b0366649fee99798,virtfs_live_read,MB/s,higher,1100
linux-mshv-virtual-machine,2,1,4fff1a9e49f70f48aa64c009b0366649fee99798,virtfs_live_roundtrip,ms,lower,419.3
linux-mshv-virtual-machine,2,1,4fff1a9e49f70f48aa64c009b0366649fee99798,virtfs_live_write,MB/s,higher,901.9
linux-mshv-virtual-machine,2,1,4fff1a9e49f70f48aa64c009b0366649fee99798,virtio_blk_random_read_iops,ops/s,higher,8342.58292113
linux-mshv-virtual-machine,2,1,4fff1a9e49f70f48aa64c009b0366649fee99798,virtio_blk_random_write_iops,ops/s,higher,8406.07914874
linux-mshv-virtual-machine,2,1,4fff1a9e49f70f48aa64c009b0366649fee99798,virtio_fs_random_read_iops,ops/s,higher,12227.8662268
linux-mshv-virtual-machine,2,1,4fff1a9e49f70f48aa64c009b0366649fee99798,virtio_fs_random_write_iops,ops/s,higher,12187.4147509
linux-mshv-virtual-machine,2,1,4fff1a9e49f70f48aa64c009b0366649fee99798,virtio_net_udp_roundtrip_ops,ops/s,higher,6378.64163643
linux-mshv-virtual-machine,2,1,717345a61ce212b103603864d37b0d3e26acb61c,cold_start_base,ms,lower,281.1
linux-mshv-virtual-machine,2,1,717345a61ce212b103603864d37b0d3e26acb61c,cold_start_clocksource,ms,lower,280.6
linux-mshv-virtual-machine,2,1,717345a61ce212b103603864d37b0d3e26acb61c,cold_start_cryptomgr_notests,ms,lower,280.8
linux-mshv-virtual-machine,2,1,717345a61ce212b103603864d37b0d3e26acb61c,cold_start_mitigations_off,ms,lower,247.3
linux-mshv-virtual-machine,2,1,717345a61ce212b103603864d37b0d3e26acb61c,cold_start_no_timer_check,ms,lower,237.7
linux-mshv-virtual-machine,2,1,717345a61ce212b103603864d37b0d3e26acb61c,cold_start_nokaslr,ms,lower,281.2
linux-mshv-virtual-machine,2,1,717345a61ce212b103603864d37b0d3e26acb61c,cold_start_random_trust_cpu,ms,lower,281.8
linux-mshv-virtual-machine,2,1,717345a61ce212b103603864d37b0d3e26acb61c,cold_start_rcu_expedited,ms,lower,281.5
linux-mshv-virtual-machine,2,1,717345a61ce212b103603864d37b0d3e26acb61c,cold_start_tsc_reliable,ms,lower,281.5
linux-mshv-virtual-machine,2,1,717345a61ce212b103603864d37b0d3e26acb61c,network_snapshot_cold,ms,lower,288.9
linux-mshv-virtual-machine,2,1,717345a61ce212b103603864d37b0d3e26acb61c,network_snapshot_restore,ms,lower,39.6
linux-mshv-virtual-machine,2,1,717345a61ce212b103603864d37b0d3e26acb61c,network_snapshot_restore_wall,ms,lower,109.9
linux-mshv-virtual-machine,2,1,717345a61ce212b103603864d37b0d3e26acb61c,openvmm_cold_start,ms,lower,203.221268
linux-mshv-virtual-machine,2,1,717345a61ce212b103603864d37b0d3e26acb61c,openvmm_cold_start_guest_exit_teardown,ms,lower,21.01994
linux-mshv-virtual-machine,2,1,717345a61ce212b103603864d37b0d3e26acb61c,openvmm_cold_start_peak_rss,MiB,lower,77.828125
linux-mshv-virtual-machine,2,1,717345a61ce212b103603864d37b0d3e26acb61c,openvmm_snapshot_generation,ms,lower,3.767816
linux-mshv-virtual-machine,2,1,717345a61ce212b103603864d37b0d3e26acb61c,openvmm_snapshot_generation_peak_rss,MiB,lower,80.419921875
linux-mshv-virtual-machine,2,1,717345a61ce212b103603864d37b0d3e26acb61c,openvmm_snapshot_restore,ms,lower,32.2822385
linux-mshv-virtual-machine,2,1,717345a61ce212b103603864d37b0d3e26acb61c,openvmm_snapshot_restore_guest_exit_teardown,ms,lower,7.9251835
linux-mshv-virtual-machine,2,1,717345a61ce212b103603864d37b0d3e26acb61c,openvmm_snapshot_restore_peak_rss,MiB,lower,57.734375
linux-mshv-virtual-machine,2,1,717345a61ce212b103603864d37b0d3e26acb61c,shell_snapshot_cold_128_mib,ms,lower,281.3
linux-mshv-virtual-machine,2,1,717345a61ce212b103603864d37b0d3e26acb61c,shell_snapshot_cold_256_mib,ms,lower,286
linux-mshv-virtual-machine,2,1,717345a61ce212b103603864d37b0d3e26acb61c,shell_snapshot_cold_512_mib,ms,lower,292.6
linux-mshv-virtual-machine,2,1,717345a61ce212b103603864d37b0d3e26acb61c,shell_snapshot_cold_64_mib,ms,lower,274.2
linux-mshv-virtual-machine,2,1,717345a61ce212b103603864d37b0d3e26acb61c,shell_snapshot_restore_128_mib,ms,lower,32
linux-mshv-virtual-machine,2,1,717345a61ce212b103603864d37b0d3e26acb61c,shell_snapshot_restore_256_mib,ms,lower,35.3
linux-mshv-virtual-machine,2,1,717345a61ce212b103603864d37b0d3e26acb61c,shell_snapshot_restore_512_mib,ms,lower,39.8
linux-mshv-virtual-machine,2,1,717345a61ce212b103603864d37b0d3e26acb61c,shell_snapshot_restore_64_mib,ms,lower,32
linux-mshv-virtual-machine,2,1,717345a61ce212b103603864d37b0d3e26acb61c,virtfs_live_read,MB/s,higher,1100
linux-mshv-virtual-machine,2,1,717345a61ce212b103603864d37b0d3e26acb61c,virtfs_live_roundtrip,ms,lower,421.4
linux-mshv-virtual-machine,2,1,717345a61ce212b103603864d37b0d3e26acb61c,virtfs_live_write,MB/s,higher,916.8
linux-mshv-virtual-machine,2,1,717345a61ce212b103603864d37b0d3e26acb61c,virtio_blk_random_read_iops,ops/s,higher,8577.54018843
linux-mshv-virtual-machine,2,1,717345a61ce212b103603864d37b0d3e26acb61c,virtio_blk_random_write_iops,ops/s,higher,8635.92722418
linux-mshv-virtual-machine,2,1,717345a61ce212b103603864d37b0d3e26acb61c,virtio_fs_random_read_iops,ops/s,higher,12080.0427861
linux-mshv-virtual-machine,2,1,717345a61ce212b103603864d37b0d3e26acb61c,virtio_fs_random_write_iops,ops/s,higher,11722.9603375
linux-mshv-virtual-machine,2,1,717345a61ce212b103603864d37b0d3e26acb61c,virtio_net_udp_roundtrip_ops,ops/s,higher,6514.2765883
linux-mshv-virtual-machine,2,1,09eaec2e21f710b91b5c18305470783019e4f1af,cold_start_base,ms,lower,314.9
linux-mshv-virtual-machine,2,1,09eaec2e21f710b91b5c18305470783019e4f1af,cold_start_clocksource,ms,lower,314.5
linux-mshv-virtual-machine,2,1,09eaec2e21f710b91b5c18305470783019e4f1af,cold_start_cryptomgr_notests,ms,lower,315.6
linux-mshv-virtual-machine,2,1,09eaec2e21f710b91b5c18305470783019e4f1af,cold_start_mitigations_off,ms,lower,278.7
linux-mshv-virtual-machine,2,1,09eaec2e21f710b91b5c18305470783019e4f1af,cold_start_no_timer_check,ms,lower,270.1
linux-mshv-virtual-machine,2,1,09eaec2e21f710b91b5c18305470783019e4f1af,cold_start_nokaslr,ms,lower,314.5
linux-mshv-virtual-machine,2,1,09eaec2e21f710b91b5c18305470783019e4f1af,cold_start_random_trust_cpu,ms,lower,314.9
linux-mshv-virtual-machine,2,1,09eaec2e21f710b91b5c18305470783019e4f1af,cold_start_rcu_expedited,ms,lower,314.7
linux-mshv-virtual-machine,2,1,09eaec2e21f710b91b5c18305470783019e4f1af,cold_start_tsc_reliable,ms,lower,314.9
linux-mshv-virtual-machine,2,1,09eaec2e21f710b91b5c18305470783019e4f1af,network_snapshot_cold,ms,lower,323.3
linux-mshv-virtual-machine,2,1,09eaec2e21f710b91b5c18305470783019e4f1af,network_snapshot_restore,ms,lower,42.3
linux-mshv-virtual-machine,2,1,09eaec2e21f710b91b5c18305470783019e4f1af,network_snapshot_restore_wall,ms,lower,119.8
linux-mshv-virtual-machine,2,1,09eaec2e21f710b91b5c18305470783019e4f1af,openvmm_cold_start,ms,lower,234.85306
linux-mshv-virtual-machine,2,1,09eaec2e21f710b91b5c18305470783019e4f1af,openvmm_cold_start_guest_exit_teardown,ms,lower,24.3312875
linux-mshv-virtual-machine,2,1,09eaec2e21f710b91b5c18305470783019e4f1af,openvmm_cold_start_peak_rss,MiB,lower,77.828125
linux-mshv-virtual-machine,2,1,09eaec2e21f710b91b5c18305470783019e4f1af,openvmm_snapshot_generation,ms,lower,4.1560715
linux-mshv-virtual-machine,2,1,09eaec2e21f710b91b5c18305470783019e4f1af,openvmm_snapshot_generation_peak_rss,MiB,lower,80.41796875
linux-mshv-virtual-machine,2,1,09eaec2e21f710b91b5c18305470783019e4f1af,openvmm_snapshot_restore,ms,lower,35.908058
linux-mshv-virtual-machine,2,1,09eaec2e21f710b91b5c18305470783019e4f1af,openvmm_snapshot_restore_guest_exit_teardown,ms,lower,8.9733645
linux-mshv-virtual-machine,2,1,09eaec2e21f710b91b5c18305470783019e4f1af,openvmm_snapshot_restore_peak_rss,MiB,lower,57.734375
linux-mshv-virtual-machine,2,1,09eaec2e21f710b91b5c18305470783019e4f1af,shell_snapshot_cold_128_mib,ms,lower,315.4
linux-mshv-virtual-machine,2,1,09eaec2e21f710b91b5c18305470783019e4f1af,shell_snapshot_cold_256_mib,ms,lower,319.9
linux-mshv-virtual-machine,2,1,09eaec2e21f710b91b5c18305470783019e4f1af,shell_snapshot_cold_512_mib,ms,lower,327.3
linux-mshv-virtual-machine,2,1,09eaec2e21f710b91b5c18305470783019e4f1af,shell_snapshot_cold_64_mib,ms,lower,308.2
linux-mshv-virtual-machine,2,1,09eaec2e21f710b91b5c18305470783019e4f1af,shell_snapshot_restore_128_mib,ms,lower,35
linux-mshv-virtual-machine,2,1,09eaec2e21f710b91b5c18305470783019e4f1af,shell_snapshot_restore_256_mib,ms,lower,38.7
linux-mshv-virtual-machine,2,1,09eaec2e21f710b91b5c18305470783019e4f1af,shell_snapshot_restore_512_mib,ms,lower,42.4
linux-mshv-virtual-machine,2,1,09eaec2e21f710b91b5c18305470783019e4f1af,shell_snapshot_restore_64_mib,ms,lower,36.1
linux-mshv-virtual-machine,2,1,09eaec2e21f710b91b5c18305470783019e4f1af,virtfs_live_read,MB/s,higher,1060.6
linux-mshv-virtual-machine,2,1,09eaec2e21f710b91b5c18305470783019e4f1af,virtfs_live_roundtrip,ms,lower,471.2
linux-mshv-virtual-machine,2,1,09eaec2e21f710b91b5c18305470783019e4f1af,virtfs_live_write,MB/s,higher,813.2
linux-mshv-virtual-machine,2,1,09eaec2e21f710b91b5c18305470783019e4f1af,virtio_blk_random_read_iops,ops/s,higher,7367.22247023
linux-mshv-virtual-machine,2,1,09eaec2e21f710b91b5c18305470783019e4f1af,virtio_blk_random_write_iops,ops/s,higher,7240.25148498
linux-mshv-virtual-machine,2,1,09eaec2e21f710b91b5c18305470783019e4f1af,virtio_fs_random_read_iops,ops/s,higher,10451.7750984
linux-mshv-virtual-machine,2,1,09eaec2e21f710b91b5c18305470783019e4f1af,virtio_fs_random_write_iops,ops/s,higher,10859.1763009
linux-mshv-virtual-machine,2,1,09eaec2e21f710b91b5c18305470783019e4f1af,virtio_net_udp_roundtrip_ops,ops/s,higher,6194.73381138
linux-mshv-virtual-machine,2,1,73072b528706739af535e2025fbacdb39e297563,cold_start_base,ms,lower,311.7
linux-mshv-virtual-machine,2,1,73072b528706739af535e2025fbacdb39e297563,cold_start_clocksource,ms,lower,315.1
linux-mshv-virtual-machine,2,1,73072b528706739af535e2025fbacdb39e297563,cold_start_cryptomgr_notests,ms,lower,311.8
linux-mshv-virtual-machine,2,1,73072b528706739af535e2025fbacdb39e297563,cold_start_mitigations_off,ms,lower,277.9
linux-mshv-virtual-machine,2,1,73072b528706739af535e2025fbacdb39e297563,cold_start_no_timer_check,ms,lower,273.7
linux-mshv-virtual-machine,2,1,73072b528706739af535e2025fbacdb39e297563,cold_start_nokaslr,ms,lower,314.4
linux-mshv-virtual-machine,2,1,73072b528706739af535e2025fbacdb39e297563,cold_start_random_trust_cpu,ms,lower,315.8
linux-mshv-virtual-machine,2,1,73072b528706739af535e2025fbacdb39e297563,cold_start_rcu_expedited,ms,lower,316.9
linux-mshv-virtual-machine,2,1,73072b528706739af535e2025fbacdb39e297563,cold_start_tsc_reliable,ms,lower,320.6
linux-mshv-virtual-machine,2,1,73072b528706739af535e2025fbacdb39e297563,network_snapshot_cold,ms,lower,322.4
linux-mshv-virtual-machine,2,1,73072b528706739af535e2025fbacdb39e297563,network_snapshot_restore,ms,lower,40.5
linux-mshv-virtual-machine,2,1,73072b528706739af535e2025fbacdb39e297563,network_snapshot_restore_wall,ms,lower,120
linux-mshv-virtual-machine,2,1,73072b528706739af535e2025fbacdb39e297563,openvmm_cold_start,ms,lower,229.7776725
linux-mshv-virtual-machine,2,1,73072b528706739af535e2025fbacdb39e297563,openvmm_cold_start_guest_exit_teardown,ms,lower,24.649581
linux-mshv-virtual-machine,2,1,73072b528706739af535e2025fbacdb39e297563,openvmm_cold_start_peak_rss,MiB,lower,77.828125
linux-mshv-virtual-machine,2,1,73072b528706739af535e2025fbacdb39e297563,openvmm_snapshot_generation,ms,lower,3.8202635
linux-mshv-virtual-machine,2,1,73072b528706739af535e2025fbacdb39e297563,openvmm_snapshot_generation_peak_rss,MiB,lower,80.421875
linux-mshv-virtual-machine,2,1,73072b528706739af535e2025fbacdb39e297563,openvmm_snapshot_restore,ms,lower,35.164113
linux-mshv-virtual-machine,2,1,73072b528706739af535e2025fbacdb39e297563,openvmm_snapshot_restore_guest_exit_teardown,ms,lower,9.0250415
linux-mshv-virtual-machine,2,1,73072b528706739af535e2025fbacdb39e297563,openvmm_snapshot_restore_peak_rss,MiB,lower,57.734375
linux-mshv-virtual-machine,2,1,73072b528706739af535e2025fbacdb39e297563,shell_snapshot_cold_128_mib,ms,lower,311.3
linux-mshv-virtual-machine,2,1,73072b528706739af535e2025fbacdb39e297563,shell_snapshot_cold_256_mib,ms,lower,315.4
linux-mshv-virtual-machine,2,1,73072b528706739af535e2025fbacdb39e297563,shell_snapshot_cold_512_mib,ms,lower,322.5
linux-mshv-virtual-machine,2,1,73072b528706739af535e2025fbacdb39e297563,shell_snapshot_cold_64_mib,ms,lower,302.3
linux-mshv-virtual-machine,2,1,73072b528706739af535e2025fbacdb39e297563,shell_snapshot_restore_128_mib,ms,lower,33.5
linux-mshv-virtual-machine,2,1,73072b528706739af535e2025fbacdb39e297563,shell_snapshot_restore_256_mib,ms,lower,36.7
linux-mshv-virtual-machine,2,1,73072b528706739af535e2025fbacdb39e297563,shell_snapshot_restore_512_mib,ms,lower,41.9
linux-mshv-virtual-machine,2,1,73072b528706739af535e2025fbacdb39e297563,shell_snapshot_restore_64_mib,ms,lower,33.5
linux-mshv-virtual-machine,2,1,73072b528706739af535e2025fbacdb39e297563,virtfs_live_read,MB/s,higher,1100
linux-mshv-virtual-machine,2,1,73072b528706739af535e2025fbacdb39e297563,virtfs_live_roundtrip,ms,lower,467.1
linux-mshv-virtual-machine,2,1,73072b528706739af535e2025fbacdb39e297563,virtfs_live_write,MB/s,higher,830.3
linux-mshv-virtual-machine,2,1,73072b528706739af535e2025fbacdb39e297563,virtio_blk_random_read_iops,ops/s,higher,7382.06569588
linux-mshv-virtual-machine,2,1,73072b528706739af535e2025fbacdb39e297563,virtio_blk_random_write_iops,ops/s,higher,7505.02984308
linux-mshv-virtual-machine,2,1,73072b528706739af535e2025fbacdb39e297563,virtio_fs_random_read_iops,ops/s,higher,11615.5413651
linux-mshv-virtual-machine,2,1,73072b528706739af535e2025fbacdb39e297563,virtio_fs_random_write_iops,ops/s,higher,11208.1969076
linux-mshv-virtual-machine,2,1,73072b528706739af535e2025fbacdb39e297563,virtio_net_udp_roundtrip_ops,ops/s,higher,6007.57835341
linux-mshv-virtual-machine,2,1,d82403bfc83c242c461a8ac692796e53f76aa15b,cold_start_base,ms,lower,317.5
linux-mshv-virtual-machine,2,1,d82403bfc83c242c461a8ac692796e53f76aa15b,cold_start_clocksource,ms,lower,317.9
linux-mshv-virtual-machine,2,1,d82403bfc83c242c461a8ac692796e53f76aa15b,cold_start_cryptomgr_notests,ms,lower,316.5
linux-mshv-virtual-machine,2,1,d82403bfc83c242c461a8ac692796e53f76aa15b,cold_start_mitigations_off,ms,lower,280
linux-mshv-virtual-machine,2,1,d82403bfc83c242c461a8ac692796e53f76aa15b,cold_start_no_timer_check,ms,lower,270.4
linux-mshv-virtual-machine,2,1,d82403bfc83c242c461a8ac692796e53f76aa15b,cold_start_nokaslr,ms,lower,316.1
linux-mshv-virtual-machine,2,1,d82403bfc83c242c461a8ac692796e53f76aa15b,cold_start_random_trust_cpu,ms,lower,316.1
linux-mshv-virtual-machine,2,1,d82403bfc83c242c461a8ac692796e53f76aa15b,cold_start_rcu_expedited,ms,lower,315.4
linux-mshv-virtual-machine,2,1,d82403bfc83c242c461a8ac692796e53f76aa15b,cold_start_tsc_reliable,ms,lower,316.3
linux-mshv-virtual-machine,2,1,d82403bfc83c242c461a8ac692796e53f76aa15b,network_snapshot_cold,ms,lower,324.7
linux-mshv-virtual-machine,2,1,d82403bfc83c242c461a8ac692796e53f76aa15b,network_snapshot_restore,ms,lower,42.9
linux-mshv-virtual-machine,2,1,d82403bfc83c242c461a8ac692796e53f76aa15b,network_snapshot_restore_wall,ms,lower,117.8
linux-mshv-virtual-machine,2,1,d82403bfc83c242c461a8ac692796e53f76aa15b,openvmm_cold_start,ms,lower,235.478225
linux-mshv-virtual-machine,2,1,d82403bfc83c242c461a8ac692796e53f76aa15b,openvmm_cold_start_guest_exit_teardown,ms,lower,24.550646
linux-mshv-virtual-machine,2,1,d82403bfc83c242c461a8ac692796e53f76aa15b,openvmm_cold_start_peak_rss,MiB,lower,77.828125
linux-mshv-virtual-machine,2,1,d82403bfc83c242c461a8ac692796e53f76aa15b,openvmm_snapshot_generation,ms,lower,4.082274
linux-mshv-virtual-machine,2,1,d82403bfc83c242c461a8ac692796e53f76aa15b,openvmm_snapshot_generation_peak_rss,MiB,lower,80.44921875
linux-mshv-virtual-machine,2,1,d82403bfc83c242c461a8ac692796e53f76aa15b,openvmm_snapshot_restore,ms,lower,36.1345595
linux-mshv-virtual-machine,2,1,d82403bfc83c242c461a8ac692796e53f76aa15b,openvmm_snapshot_restore_guest_exit_teardown,ms,lower,8.96223
linux-mshv-virtual-machine,2,1,d82403bfc83c242c461a8ac692796e53f76aa15b,openvmm_snapshot_restore_peak_rss,MiB,lower,57.734375
linux-mshv-virtual-machine,2,1,d82403bfc83c242c461a8ac692796e53f76aa15b,shell_snapshot_cold_128_mib,ms,lower,316.2
linux-mshv-virtual-machine,2,1,d82403bfc83c242c461a8ac692796e53f76aa15b,shell_snapshot_cold_256_mib,ms,lower,321.2
linux-mshv-virtual-machine,2,1,d82403bfc83c242c461a8ac692796e53f76aa15b,shell_snapshot_cold_512_mib,ms,lower,329.3
linux-mshv-virtual-machine,2,1,d82403bfc83c242c461a8ac692796e53f76aa15b,shell_snapshot_cold_64_mib,ms,lower,307.4
linux-mshv-virtual-machine,2,1,d82403bfc83c242c461a8ac692796e53f76aa15b,shell_snapshot_restore_128_mib,ms,lower,35.5
linux-mshv-virtual-machine,2,1,d82403bfc83c242c461a8ac692796e53f76aa15b,shell_snapshot_restore_256_mib,ms,lower,39.3
linux-mshv-virtual-machine,2,1,d82403bfc83c242c461a8ac692796e53f76aa15b,shell_snapshot_restore_512_mib,ms,lower,42.4
linux-mshv-virtual-machine,2,1,d82403bfc83c242c461a8ac692796e53f76aa15b,shell_snapshot_restore_64_mib,ms,lower,36.2
linux-mshv-virtual-machine,2,1,d82403bfc83c242c461a8ac692796e53f76aa15b,virtfs_live_read,MB/s,higher,1000
linux-mshv-virtual-machine,2,1,d82403bfc83c242c461a8ac692796e53f76aa15b,virtfs_live_roundtrip,ms,lower,469.4
linux-mshv-virtual-machine,2,1,d82403bfc83c242c461a8ac692796e53f76aa15b,virtfs_live_write,MB/s,higher,815.9
linux-mshv-virtual-machine,2,1,d82403bfc83c242c461a8ac692796e53f76aa15b,virtio_blk_random_read_iops,ops/s,higher,7245.09360926
linux-mshv-virtual-machine,2,1,d82403bfc83c242c461a8ac692796e53f76aa15b,virtio_blk_random_write_iops,ops/s,higher,7319.66187172
linux-mshv-virtual-machine,2,1,d82403bfc83c242c461a8ac692796e53f76aa15b,virtio_fs_random_read_iops,ops/s,higher,11051.2167504
linux-mshv-virtual-machine,2,1,d82403bfc83c242c461a8ac692796e53f76aa15b,virtio_fs_random_write_iops,ops/s,higher,11189.5539047
linux-mshv-virtual-machine,2,1,d82403bfc83c242c461a8ac692796e53f76aa15b,virtio_net_udp_roundtrip_ops,ops/s,higher,6336.57488726
linux-mshv-virtual-machine,2,1,3b2234f896a10faf9448b5d8c7265573a6683f6f,cold_start_base,ms,lower,315.6
linux-mshv-virtual-machine,2,1,3b2234f896a10faf9448b5d8c7265573a6683f6f,cold_start_clocksource,ms,lower,316.1
linux-mshv-virtual-machine,2,1,3b2234f896a10faf9448b5d8c7265573a6683f6f,cold_start_cryptomgr_notests,ms,lower,317.1
linux-mshv-virtual-machine,2,1,3b2234f896a10faf9448b5d8c7265573a6683f6f,cold_start_mitigations_off,ms,lower,280.4
linux-mshv-virtual-machine,2,1,3b2234f896a10faf9448b5d8c7265573a6683f6f,cold_start_no_timer_check,ms,lower,270.8
linux-mshv-virtual-machine,2,1,3b2234f896a10faf9448b5d8c7265573a6683f6f,cold_start_nokaslr,ms,lower,316.1
linux-mshv-virtual-machine,2,1,3b2234f896a10faf9448b5d8c7265573a6683f6f,cold_start_random_trust_cpu,ms,lower,315.6
linux-mshv-virtual-machine,2,1,3b2234f896a10faf9448b5d8c7265573a6683f6f,cold_start_rcu_expedited,ms,lower,315.7
linux-mshv-virtual-machine,2,1,3b2234f896a10faf9448b5d8c7265573a6683f6f,cold_start_tsc_reliable,ms,lower,316.5
linux-mshv-virtual-machine,2,1,3b2234f896a10faf9448b5d8c7265573a6683f6f,network_snapshot_cold,ms,lower,324.2
linux-mshv-virtual-machine,2,1,3b2234f896a10faf9448b5d8c7265573a6683f6f,network_snapshot_restore,ms,lower,42.9
linux-mshv-virtual-machine,2,1,3b2234f896a10faf9448b5d8c7265573a6683f6f,network_snapshot_restore_wall,ms,lower,121.9
linux-mshv-virtual-machine,2,1,3b2234f896a10faf9448b5d8c7265573a6683f6f,openvmm_cold_start,ms,lower,235.3266415
linux-mshv-virtual-machine,2,1,3b2234f896a10faf9448b5d8c7265573a6683f6f,openvmm_cold_start_guest_exit_teardown,ms,lower,25.384618
linux-mshv-virtual-machine,2,1,3b2234f896a10faf9448b5d8c7265573a6683f6f,openvmm_cold_start_peak_rss,MiB,lower,77.828125
linux-mshv-virtual-machine,2,1,3b2234f896a10faf9448b5d8c7265573a6683f6f,openvmm_snapshot_generation,ms,lower,4.025713
linux-mshv-virtual-machine,2,1,3b2234f896a10faf9448b5d8c7265573a6683f6f,openvmm_snapshot_generation_peak_rss,MiB,lower,80.44921875
linux-mshv-virtual-machine,2,1,3b2234f896a10faf9448b5d8c7265573a6683f6f,openvmm_snapshot_restore,ms,lower,37.312821
linux-mshv-virtual-machine,2,1,3b2234f896a10faf9448b5d8c7265573a6683f6f,openvmm_snapshot_restore_guest_exit_teardown,ms,lower,9.3840645
linux-mshv-virtual-machine,2,1,3b2234f896a10faf9448b5d8c7265573a6683f6f,openvmm_snapshot_restore_peak_rss,MiB,lower,57.734375
linux-mshv-virtual-machine,2,1,3b2234f896a10faf9448b5d8c7265573a6683f6f,shell_snapshot_cold_128_mib,ms,lower,316.4
linux-mshv-virtual-machine,2,1,3b2234f896a10faf9448b5d8c7265573a6683f6f,shell_snapshot_cold_256_mib,ms,lower,320.9
linux-mshv-virtual-machine,2,1,3b2234f896a10faf9448b5d8c7265573a6683f6f,shell_snapshot_cold_512_mib,ms,lower,327.4
linux-mshv-virtual-machine,2,1,3b2234f896a10faf9448b5d8c7265573a6683f6f,shell_snapshot_cold_64_mib,ms,lower,308.3
linux-mshv-virtual-machine,2,1,3b2234f896a10faf9448b5d8c7265573a6683f6f,shell_snapshot_restore_128_mib,ms,lower,35.4
linux-mshv-virtual-machine,2,1,3b2234f896a10faf9448b5d8c7265573a6683f6f,shell_snapshot_restore_256_mib,ms,lower,39.4
linux-mshv-virtual-machine,2,1,3b2234f896a10faf9448b5d8c7265573a6683f6f,shell_snapshot_restore_512_mib,ms,lower,40.9
linux-mshv-virtual-machine,2,1,3b2234f896a10faf9448b5d8c7265573a6683f6f,shell_snapshot_restore_64_mib,ms,lower,36
linux-mshv-virtual-machine,2,1,3b2234f896a10faf9448b5d8c7265573a6683f6f,virtfs_live_read,MB/s,higher,1000
linux-mshv-virtual-machine,2,1,3b2234f896a10faf9448b5d8c7265573a6683f6f,virtfs_live_roundtrip,ms,lower,473.4
linux-mshv-virtual-machine,2,1,3b2234f896a10faf9448b5d8c7265573a6683f6f,virtfs_live_write,MB/s,higher,813.5
linux-mshv-virtual-machine,2,1,3b2234f896a10faf9448b5d8c7265573a6683f6f,virtio_blk_random_read_iops,ops/s,higher,7215.72578047
linux-mshv-virtual-machine,2,1,3b2234f896a10faf9448b5d8c7265573a6683f6f,virtio_blk_random_write_iops,ops/s,higher,7088.12412909
linux-mshv-virtual-machine,2,1,3b2234f896a10faf9448b5d8c7265573a6683f6f,virtio_fs_random_read_iops,ops/s,higher,10191.5925781
linux-mshv-virtual-machine,2,1,3b2234f896a10faf9448b5d8c7265573a6683f6f,virtio_fs_random_write_iops,ops/s,higher,10412.2473615
linux-mshv-virtual-machine,2,1,3b2234f896a10faf9448b5d8c7265573a6683f6f,virtio_net_udp_roundtrip_ops,ops/s,higher,6295.63670848
linux-mshv-virtual-machine,2,1,1af67a449d612d17bbfeb98e37374adb1fd997b2,cold_start_base,ms,lower,315.7
linux-mshv-virtual-machine,2,1,1af67a449d612d17bbfeb98e37374adb1fd997b2,cold_start_clocksource,ms,lower,316.3
linux-mshv-virtual-machine,2,1,1af67a449d612d17bbfeb98e37374adb1fd997b2,cold_start_cryptomgr_notests,ms,lower,315
linux-mshv-virtual-machine,2,1,1af67a449d612d17bbfeb98e37374adb1fd997b2,cold_start_mitigations_off,ms,lower,278.2
linux-mshv-virtual-machine,2,1,1af67a449d612d17bbfeb98e37374adb1fd997b2,cold_start_no_timer_check,ms,lower,271.3
linux-mshv-virtual-machine,2,1,1af67a449d612d17bbfeb98e37374adb1fd997b2,cold_start_nokaslr,ms,lower,315.8
linux-mshv-virtual-machine,2,1,1af67a449d612d17bbfeb98e37374adb1fd997b2,cold_start_random_trust_cpu,ms,lower,315.5
linux-mshv-virtual-machine,2,1,1af67a449d612d17bbfeb98e37374adb1fd997b2,cold_start_rcu_expedited,ms,lower,315.4
linux-mshv-virtual-machine,2,1,1af67a449d612d17bbfeb98e37374adb1fd997b2,cold_start_tsc_reliable,ms,lower,317.1
linux-mshv-virtual-machine,2,1,1af67a449d612d17bbfeb98e37374adb1fd997b2,network_snapshot_cold,ms,lower,324.5
linux-mshv-virtual-machine,2,1,1af67a449d612d17bbfeb98e37374adb1fd997b2,network_snapshot_restore,ms,lower,42.4
linux-mshv-virtual-machine,2,1,1af67a449d612d17bbfeb98e37374adb1fd997b2,network_snapshot_restore_wall,ms,lower,115.9
linux-mshv-virtual-machine,2,1,1af67a449d612d17bbfeb98e37374adb1fd997b2,openvmm_cold_start,ms,lower,235.680733
linux-mshv-virtual-machine,2,1,1af67a449d612d17bbfeb98e37374adb1fd997b2,openvmm_cold_start_guest_exit_teardown,ms,lower,24.6037605
linux-mshv-virtual-machine,2,1,1af67a449d612d17bbfeb98e37374adb1fd997b2,openvmm_cold_start_peak_rss,MiB,lower,77.828125
linux-mshv-virtual-machine,2,1,1af67a449d612d17bbfeb98e37374adb1fd997b2,openvmm_snapshot_generation,ms,lower,4.108512
linux-mshv-virtual-machine,2,1,1af67a449d612d17bbfeb98e37374adb1fd997b2,openvmm_snapshot_generation_peak_rss,MiB,lower,80.419921875
linux-mshv-virtual-machine,2,1,1af67a449d612d17bbfeb98e37374adb1fd997b2,openvmm_snapshot_restore,ms,lower,35.368584
linux-mshv-virtual-machine,2,1,1af67a449d612d17bbfeb98e37374adb1fd997b2,openvmm_snapshot_restore_guest_exit_teardown,ms,lower,8.9473905
linux-mshv-virtual-machine,2,1,1af67a449d612d17bbfeb98e37374adb1fd997b2,openvmm_snapshot_restore_peak_rss,MiB,lower,55.734375
linux-mshv-virtual-machine,2,1,1af67a449d612d17bbfeb98e37374adb1fd997b2,shell_snapshot_cold_128_mib,ms,lower,316.8
linux-mshv-virtual-machine,2,1,1af67a449d612d17bbfeb98e37374adb1fd997b2,shell_snapshot_cold_256_mib,ms,lower,320.4
linux-mshv-virtual-machine,2,1,1af67a449d612d17bbfeb98e37374adb1fd997b2,shell_snapshot_cold_512_mib,ms,lower,329.2
linux-mshv-virtual-machine,2,1,1af67a449d612d17bbfeb98e37374adb1fd997b2,shell_snapshot_cold_64_mib,ms,lower,308.1
linux-mshv-virtual-machine,2,1,1af67a449d612d17bbfeb98e37374adb1fd997b2,shell_snapshot_restore_128_mib,ms,lower,35.2
linux-mshv-virtual-machine,2,1,1af67a449d612d17bbfeb98e37374adb1fd997b2,shell_snapshot_restore_256_mib,ms,lower,38.2
linux-mshv-virtual-machine,2,1,1af67a449d612d17bbfeb98e37374adb1fd997b2,shell_snapshot_restore_512_mib,ms,lower,43
linux-mshv-virtual-machine,2,1,1af67a449d612d17bbfeb98e37374adb1fd997b2,shell_snapshot_restore_64_mib,ms,lower,35.9
linux-mshv-virtual-machine,2,1,1af67a449d612d17bbfeb98e37374adb1fd997b2,virtfs_live_read,MB/s,higher,1000
linux-mshv-virtual-machine,2,1,1af67a449d612d17bbfeb98e37374adb1fd997b2,virtfs_live_roundtrip,ms,lower,475.6
linux-mshv-virtual-machine,2,1,1af67a449d612d17bbfeb98e37374adb1fd997b2,virtfs_live_write,MB/s,higher,815.1
linux-mshv-virtual-machine,2,1,1af67a449d612d17bbfeb98e37374adb1fd997b2,virtio_blk_random_read_iops,ops/s,higher,7200.80825179
linux-mshv-virtual-machine,2,1,1af67a449d612d17bbfeb98e37374adb1fd997b2,virtio_blk_random_write_iops,ops/s,higher,7298.04098023
linux-mshv-virtual-machine,2,1,1af67a449d612d17bbfeb98e37374adb1fd997b2,virtio_fs_random_read_iops,ops/s,higher,10676.586401
linux-mshv-virtual-machine,2,1,1af67a449d612d17bbfeb98e37374adb1fd997b2,virtio_fs_random_write_iops,ops/s,higher,10981.6679097
linux-mshv-virtual-machine,2,1,1af67a449d612d17bbfeb98e37374adb1fd997b2,virtio_net_udp_roundtrip_ops,ops/s,higher,6361.670928
linux-mshv-virtual-machine,2,1,b7ab25b84ba95e5d8731ef0c9a91f3a440f014e7,cold_start_base,ms,lower,311.7
linux-mshv-virtual-machine,2,1,b7ab25b84ba95e5d8731ef0c9a91f3a440f014e7,cold_start_clocksource,ms,lower,310.5
linux-mshv-virtual-machine,2,1,b7ab25b84ba95e5d8731ef0c9a91f3a440f014e7,cold_start_cryptomgr_notests,ms,lower,308.2
linux-mshv-virtual-machine,2,1,b7ab25b84ba95e5d8731ef0c9a91f3a440f014e7,cold_start_mitigations_off,ms,lower,273.5
linux-mshv-virtual-machine,2,1,b7ab25b84ba95e5d8731ef0c9a91f3a440f014e7,cold_start_no_timer_check,ms,lower,263.9
linux-mshv-virtual-machine,2,1,b7ab25b84ba95e5d8731ef0c9a91f3a440f014e7,cold_start_nokaslr,ms,lower,310
linux-mshv-virtual-machine,2,1,b7ab25b84ba95e5d8731ef0c9a91f3a440f014e7,cold_start_random_trust_cpu,ms,lower,309.9
linux-mshv-virtual-machine,2,1,b7ab25b84ba95e5d8731ef0c9a91f3a440f014e7,cold_start_rcu_expedited,ms,lower,309.7
linux-mshv-virtual-machine,2,1,b7ab25b84ba95e5d8731ef0c9a91f3a440f014e7,cold_start_tsc_reliable,ms,lower,309.6
linux-mshv-virtual-machine,2,1,b7ab25b84ba95e5d8731ef0c9a91f3a440f014e7,network_snapshot_cold,ms,lower,314.7
linux-mshv-virtual-machine,2,1,b7ab25b84ba95e5d8731ef0c9a91f3a440f014e7,network_snapshot_restore,ms,lower,41
linux-mshv-virtual-machine,2,1,b7ab25b84ba95e5d8731ef0c9a91f3a440f014e7,network_snapshot_restore_wall,ms,lower,106.1
linux-mshv-virtual-machine,2,1,b7ab25b84ba95e5d8731ef0c9a91f3a440f014e7,openvmm_cold_start,ms,lower,229.6717455
linux-mshv-virtual-machine,2,1,b7ab25b84ba95e5d8731ef0c9a91f3a440f014e7,openvmm_cold_start_guest_exit_teardown,ms,lower,24.67721
linux-mshv-virtual-machine,2,1,b7ab25b84ba95e5d8731ef0c9a91f3a440f014e7,openvmm_cold_start_peak_rss,MiB,lower,77.828125
linux-mshv-virtual-machine,2,1,b7ab25b84ba95e5d8731ef0c9a91f3a440f014e7,openvmm_snapshot_generation,ms,lower,4.1277995
linux-mshv-virtual-machine,2,1,b7ab25b84ba95e5d8731ef0c9a91f3a440f014e7,openvmm_snapshot_generation_peak_rss,MiB,lower,80.44921875
linux-mshv-virtual-machine,2,1,b7ab25b84ba95e5d8731ef0c9a91f3a440f014e7,openvmm_snapshot_restore,ms,lower,35.745697
linux-mshv-virtual-machine,2,1,b7ab25b84ba95e5d8731ef0c9a91f3a440f014e7,openvmm_snapshot_restore_guest_exit_teardown,ms,lower,8.965486
linux-mshv-virtual-machine,2,1,b7ab25b84ba95e5d8731ef0c9a91f3a440f014e7,openvmm_snapshot_restore_peak_rss,MiB,lower,57.734375
linux-mshv-virtual-machine,2,1,b7ab25b84ba95e5d8731ef0c9a91f3a440f014e7,shell_snapshot_cold_128_mib,ms,lower,309.8
linux-mshv-virtual-machine,2,1,b7ab25b84ba95e5d8731ef0c9a91f3a440f014e7,shell_snapshot_cold_256_mib,ms,lower,312.5
linux-mshv-virtual-machine,2,1,b7ab25b84ba95e5d8731ef0c9a91f3a440f014e7,shell_snapshot_cold_512_mib,ms,lower,317.4
linux-mshv-virtual-machine,2,1,b7ab25b84ba95e5d8731ef0c9a91f3a440f014e7,shell_snapshot_cold_64_mib,ms,lower,300.7
linux-mshv-virtual-machine,2,1,b7ab25b84ba95e5d8731ef0c9a91f3a440f014e7,shell_snapshot_restore_128_mib,ms,lower,33.9
linux-mshv-virtual-machine,2,1,b7ab25b84ba95e5d8731ef0c9a91f3a440f014e7,shell_snapshot_restore_256_mib,ms,lower,36.7
linux-mshv-virtual-machine,2,1,b7ab25b84ba95e5d8731ef0c9a91f3a440f014e7,shell_snapshot_restore_512_mib,ms,lower,38.7
linux-mshv-virtual-machine,2,1,b7ab25b84ba95e5d8731ef0c9a91f3a440f014e7,shell_snapshot_restore_64_mib,ms,lower,35
linux-mshv-virtual-machine,2,1,b7ab25b84ba95e5d8731ef0c9a91f3a440f014e7,virtfs_live_read,MB/s,higher,1100
linux-mshv-virtual-machine,2,1,b7ab25b84ba95e5d8731ef0c9a91f3a440f014e7,virtfs_live_roundtrip,ms,lower,461.4
linux-mshv-virtual-machine,2,1,b7ab25b84ba95e5d8731ef0c9a91f3a440f014e7,virtfs_live_write,MB/s,higher,838
linux-mshv-virtual-machine,2,1,b7ab25b84ba95e5d8731ef0c9a91f3a440f014e7,virtio_blk_random_read_iops,ops/s,higher,7410.31198887
linux-mshv-virtual-machine,2,1,b7ab25b84ba95e5d8731ef0c9a91f3a440f014e7,virtio_blk_random_write_iops,ops/s,higher,7497.24113178
linux-mshv-virtual-machine,2,1,b7ab25b84ba95e5d8731ef0c9a91f3a440f014e7,virtio_fs_random_read_iops,ops/s,higher,10729.0164498
linux-mshv-virtual-machine,2,1,b7ab25b84ba95e5d8731ef0c9a91f3a440f014e7,virtio_fs_random_write_iops,ops/s,higher,11340.3218326
linux-mshv-virtual-machine,2,1,b7ab25b84ba95e5d8731ef0c9a91f3a440f014e7,virtio_net_udp_roundtrip_ops,ops/s,higher,6130.81240408
linux-mshv-virtual-machine,2,1,ac9bb60a668aea99210dbf5f38fc5a19ec19a0c2,cold_start_base,ms,lower,310.8
linux-mshv-virtual-machine,2,1,ac9bb60a668aea99210dbf5f38fc5a19ec19a0c2,cold_start_clocksource,ms,lower,310.4
linux-mshv-virtual-machine,2,1,ac9bb60a668aea99210dbf5f38fc5a19ec19a0c2,cold_start_cryptomgr_notests,ms,lower,311.2
linux-mshv-virtual-machine,2,1,ac9bb60a668aea99210dbf5f38fc5a19ec19a0c2,cold_start_mitigations_off,ms,lower,275.1
linux-mshv-virtual-machine,2,1,ac9bb60a668aea99210dbf5f38fc5a19ec19a0c2,cold_start_no_timer_check,ms,lower,264.3
linux-mshv-virtual-machine,2,1,ac9bb60a668aea99210dbf5f38fc5a19ec19a0c2,cold_start_nokaslr,ms,lower,310.4
linux-mshv-virtual-machine,2,1,ac9bb60a668aea99210dbf5f38fc5a19ec19a0c2,cold_start_random_trust_cpu,ms,lower,311.2
linux-mshv-virtual-machine,2,1,ac9bb60a668aea99210dbf5f38fc5a19ec19a0c2,cold_start_rcu_expedited,ms,lower,310.7
linux-mshv-virtual-machine,2,1,ac9bb60a668aea99210dbf5f38fc5a19ec19a0c2,cold_start_tsc_reliable,ms,lower,310.5
linux-mshv-virtual-machine,2,1,ac9bb60a668aea99210dbf5f38fc5a19ec19a0c2,network_snapshot_cold,ms,lower,318.7
linux-mshv-virtual-machine,2,1,ac9bb60a668aea99210dbf5f38fc5a19ec19a0c2,network_snapshot_restore,ms,lower,40.5
linux-mshv-virtual-machine,2,1,ac9bb60a668aea99210dbf5f38fc5a19ec19a0c2,network_snapshot_restore_wall,ms,lower,116
linux-mshv-virtual-machine,2,1,ac9bb60a668aea99210dbf5f38fc5a19ec19a0c2,openvmm_cold_start,ms,lower,230.9598245
linux-mshv-virtual-machine,2,1,ac9bb60a668aea99210dbf5f38fc5a19ec19a0c2,openvmm_cold_start_guest_exit_teardown,ms,lower,24.0817265
linux-mshv-virtual-machine,2,1,ac9bb60a668aea99210dbf5f38fc5a19ec19a0c2,openvmm_cold_start_peak_rss,MiB,lower,77.75
linux-mshv-virtual-machine,2,1,ac9bb60a668aea99210dbf5f38fc5a19ec19a0c2,openvmm_snapshot_generation,ms,lower,3.8649155
linux-mshv-virtual-machine,2,1,ac9bb60a668aea99210dbf5f38fc5a19ec19a0c2,openvmm_snapshot_generation_peak_rss,MiB,lower,80.25
linux-mshv-virtual-machine,2,1,ac9bb60a668aea99210dbf5f38fc5a19ec19a0c2,openvmm_snapshot_restore,ms,lower,34.1489665
linux-mshv-virtual-machine,2,1,ac9bb60a668aea99210dbf5f38fc5a19ec19a0c2,openvmm_snapshot_restore_guest_exit_teardown,ms,lower,8.665535
linux-mshv-virtual-machine,2,1,ac9bb60a668aea99210dbf5f38fc5a19ec19a0c2,openvmm_snapshot_restore_peak_rss,MiB,lower,57.544921875
linux-mshv-virtual-machine,2,1,ac9bb60a668aea99210dbf5f38fc5a19ec19a0c2,shell_snapshot_cold_128_mib,ms,lower,308.4
linux-mshv-virtual-machine,2,1,ac9bb60a668aea99210dbf5f38fc5a19ec19a0c2,shell_snapshot_cold_256_mib,ms,lower,312
linux-mshv-virtual-machine,2,1,ac9bb60a668aea99210dbf5f38fc5a19ec19a0c2,shell_snapshot_cold_512_mib,ms,lower,319.5
linux-mshv-virtual-machine,2,1,ac9bb60a668aea99210dbf5f38fc5a19ec19a0c2,shell_snapshot_cold_64_mib,ms,lower,303.1
linux-mshv-virtual-machine,2,1,ac9bb60a668aea99210dbf5f38fc5a19ec19a0c2,shell_snapshot_restore_128_mib,ms,lower,33
linux-mshv-virtual-machine,2,1,ac9bb60a668aea99210dbf5f38fc5a19ec19a0c2,shell_snapshot_restore_256_mib,ms,lower,36.7
linux-mshv-virtual-machine,2,1,ac9bb60a668aea99210dbf5f38fc5a19ec19a0c2,shell_snapshot_restore_512_mib,ms,lower,40
linux-mshv-virtual-machine,2,1,ac9bb60a668aea99210dbf5f38fc5a19ec19a0c2,shell_snapshot_restore_64_mib,ms,lower,34.9
linux-mshv-virtual-machine,2,1,ac9bb60a668aea99210dbf5f38fc5a19ec19a0c2,virtfs_live_read,MB/s,higher,1100
linux-mshv-virtual-machine,2,1,ac9bb60a668aea99210dbf5f38fc5a19ec19a0c2,virtfs_live_roundtrip,ms,lower,463.4
linux-mshv-virtual-machine,2,1,ac9bb60a668aea99210dbf5f38fc5a19ec19a0c2,virtfs_live_write,MB/s,higher,851.5
linux-mshv-virtual-machine,2,1,ac9bb60a668aea99210dbf5f38fc5a19ec19a0c2,virtio_blk_random_read_iops,ops/s,higher,7382.24223431
linux-mshv-virtual-machine,2,1,ac9bb60a668aea99210dbf5f38fc5a19ec19a0c2,virtio_blk_random_write_iops,ops/s,higher,7471.61675061
linux-mshv-virtual-machine,2,1,ac9bb60a668aea99210dbf5f38fc5a19ec19a0c2,virtio_fs_random_read_iops,ops/s,higher,10648.5691232
linux-mshv-virtual-machine,2,1,ac9bb60a668aea99210dbf5f38fc5a19ec19a0c2,virtio_fs_random_write_iops,ops/s,higher,10766.7566699
linux-mshv-virtual-machine,2,1,ac9bb60a668aea99210dbf5f38fc5a19ec19a0c2,virtio_net_udp_roundtrip_ops,ops/s,higher,6123.94258271
linux-mshv-virtual-machine,2,1,b8912df369e34d9591d8d65ac71f507365a4555c,cold_start_base,ms,lower,302.7
linux-mshv-virtual-machine,2,1,b8912df369e34d9591d8d65ac71f507365a4555c,cold_start_clocksource,ms,lower,303.2
linux-mshv-virtual-machine,2,1,b8912df369e34d9591d8d65ac71f507365a4555c,cold_start_cryptomgr_notests,ms,lower,303.6
linux-mshv-virtual-machine,2,1,b8912df369e34d9591d8d65ac71f507365a4555c,cold_start_mitigations_off,ms,lower,269.1
linux-mshv-virtual-machine,2,1,b8912df369e34d9591d8d65ac71f507365a4555c,cold_start_no_timer_check,ms,lower,256.8
linux-mshv-virtual-machine,2,1,b8912df369e34d9591d8d65ac71f507365a4555c,cold_start_nokaslr,ms,lower,302.2
linux-mshv-virtual-machine,2,1,b8912df369e34d9591d8d65ac71f507365a4555c,cold_start_random_trust_cpu,ms,lower,303.4
linux-mshv-virtual-machine,2,1,b8912df369e34d9591d8d65ac71f507365a4555c,cold_start_rcu_expedited,ms,lower,303.9
linux-mshv-virtual-machine,2,1,b8912df369e34d9591d8d65ac71f507365a4555c,cold_start_tsc_reliable,ms,lower,301.6
linux-mshv-virtual-machine,2,1,b8912df369e34d9591d8d65ac71f507365a4555c,network_snapshot_cold,ms,lower,312.4
linux-mshv-virtual-machine,2,1,b8912df369e34d9591d8d65ac71f507365a4555c,network_snapshot_restore,ms,lower,38.5
linux-mshv-virtual-machine,2,1,b8912df369e34d9591d8d65ac71f507365a4555c,network_snapshot_restore_wall,ms,lower,111.9
linux-mshv-virtual-machine,2,1,b8912df369e34d9591d8d65ac71f507365a4555c,openvmm_cold_start,ms,lower,220.605442
linux-mshv-virtual-machine,2,1,b8912df369e34d9591d8d65ac71f507365a4555c,openvmm_cold_start_guest_exit_teardown,ms,lower,23.791364
linux-mshv-virtual-machine,2,1,b8912df369e34d9591d8d65ac71f507365a4555c,openvmm_cold_start_peak_rss,MiB,lower,77.75
linux-mshv-virtual-machine,2,1,b8912df369e34d9591d8d65ac71f507365a4555c,openvmm_snapshot_generation,ms,lower,3.7051305
linux-mshv-virtual-machine,2,1,b8912df369e34d9591d8d65ac71f507365a4555c,openvmm_snapshot_generation_peak_rss,MiB,lower,80.337890625
linux-mshv-virtual-machine,2,1,b8912df369e34d9591d8d65ac71f507365a4555c,openvmm_snapshot_restore,ms,lower,33.6576255
linux-mshv-virtual-machine,2,1,b8912df369e34d9591d8d65ac71f507365a4555c,openvmm_snapshot_restore_guest_exit_teardown,ms,lower,8.3873565
linux-mshv-virtual-machine,2,1,b8912df369e34d9591d8d65ac71f507365a4555c,openvmm_snapshot_restore_peak_rss,MiB,lower,57.546875
linux-mshv-virtual-machine,2,1,b8912df369e34d9591d8d65ac71f507365a4555c,shell_snapshot_cold_128_mib,ms,lower,304.2
linux-mshv-virtual-machine,2,1,b8912df369e34d9591d8d65ac71f507365a4555c,shell_snapshot_cold_256_mib,ms,lower,308.4
linux-mshv-virtual-machine,2,1,b8912df369e34d9591d8d65ac71f507365a4555c,shell_snapshot_cold_512_mib,ms,lower,315.3
linux-mshv-virtual-machine,2,1,b8912df369e34d9591d8d65ac71f507365a4555c,shell_snapshot_cold_64_mib,ms,lower,296.8
linux-mshv-virtual-machine,2,1,b8912df369e34d9591d8d65ac71f507365a4555c,shell_snapshot_restore_128_mib,ms,lower,31.6
linux-mshv-virtual-machine,2,1,b8912df369e34d9591d8d65ac71f507365a4555c,shell_snapshot_restore_256_mib,ms,lower,35.2
linux-mshv-virtual-machine,2,1,b8912df369e34d9591d8d65ac71f507365a4555c,shell_snapshot_restore_512_mib,ms,lower,38.7
linux-mshv-virtual-machine,2,1,b8912df369e34d9591d8d65ac71f507365a4555c,shell_snapshot_restore_64_mib,ms,lower,32.6
linux-mshv-virtual-machine,2,1,b8912df369e34d9591d8d65ac71f507365a4555c,virtfs_live_read,MB/s,higher,1100
linux-mshv-virtual-machine,2,1,b8912df369e34d9591d8d65ac71f507365a4555c,virtfs_live_roundtrip,ms,lower,453.5
linux-mshv-virtual-machine,2,1,b8912df369e34d9591d8d65ac71f507365a4555c,virtfs_live_write,MB/s,higher,854.6
linux-mshv-virtual-machine,2,1,b8912df369e34d9591d8d65ac71f507365a4555c,virtio_blk_random_read_iops,ops/s,higher,7378.24273393
linux-mshv-virtual-machine,2,1,b8912df369e34d9591d8d65ac71f507365a4555c,virtio_blk_random_write_iops,ops/s,higher,7149.34158446
linux-mshv-virtual-machine,2,1,b8912df369e34d9591d8d65ac71f507365a4555c,virtio_fs_random_read_iops,ops/s,higher,10913.6205443
linux-mshv-virtual-machine,2,1,b8912df369e34d9591d8d65ac71f507365a4555c,virtio_fs_random_write_iops,ops/s,higher,13319.6517497
linux-mshv-virtual-machine,2,1,b8912df369e34d9591d8d65ac71f507365a4555c,virtio_net_udp_roundtrip_ops,ops/s,higher,6202.61215523
linux-mshv-virtual-machine,2,1,cbaf6c43acae7413064ac917e78fadb3641d3bfe,cold_start_base,ms,lower,303.4
linux-mshv-virtual-machine,2,1,cbaf6c43acae7413064ac917e78fadb3641d3bfe,cold_start_clocksource,ms,lower,303.4
linux-mshv-virtual-machine,2,1,cbaf6c43acae7413064ac917e78fadb3641d3bfe,cold_start_cryptomgr_notests,ms,lower,303.1
linux-mshv-virtual-machine,2,1,cbaf6c43acae7413064ac917e78fadb3641d3bfe,cold_start_mitigations_off,ms,lower,267.2
linux-mshv-virtual-machine,2,1,cbaf6c43acae7413064ac917e78fadb3641d3bfe,cold_start_no_timer_check,ms,lower,257.2
linux-mshv-virtual-machine,2,1,cbaf6c43acae7413064ac917e78fadb3641d3bfe,cold_start_nokaslr,ms,lower,303.1
linux-mshv-virtual-machine,2,1,cbaf6c43acae7413064ac917e78fadb3641d3bfe,cold_start_random_trust_cpu,ms,lower,304
linux-mshv-virtual-machine,2,1,cbaf6c43acae7413064ac917e78fadb3641d3bfe,cold_start_rcu_expedited,ms,lower,302.2
linux-mshv-virtual-machine,2,1,cbaf6c43acae7413064ac917e78fadb3641d3bfe,cold_start_tsc_reliable,ms,lower,303.7
linux-mshv-virtual-machine,2,1,cbaf6c43acae7413064ac917e78fadb3641d3bfe,network_snapshot_cold,ms,lower,309.2
linux-mshv-virtual-machine,2,1,cbaf6c43acae7413064ac917e78fadb3641d3bfe,network_snapshot_restore,ms,lower,38.1
linux-mshv-virtual-machine,2,1,cbaf6c43acae7413064ac917e78fadb3641d3bfe,network_snapshot_restore_wall,ms,lower,116.1
linux-mshv-virtual-machine,2,1,cbaf6c43acae7413064ac917e78fadb3641d3bfe,openvmm_cold_start,ms,lower,223.543739
linux-mshv-virtual-machine,2,1,cbaf6c43acae7413064ac917e78fadb3641d3bfe,openvmm_cold_start_guest_exit_teardown,ms,lower,25.119891
linux-mshv-virtual-machine,2,1,cbaf6c43acae7413064ac917e78fadb3641d3bfe,openvmm_cold_start_peak_rss,MiB,lower,77.75
linux-mshv-virtual-machine,2,1,cbaf6c43acae7413064ac917e78fadb3641d3bfe,openvmm_snapshot_generation,ms,lower,3.8443965
linux-mshv-virtual-machine,2,1,cbaf6c43acae7413064ac917e78fadb3641d3bfe,openvmm_snapshot_generation_peak_rss,MiB,lower,80.359375
linux-mshv-virtual-machine,2,1,cbaf6c43acae7413064ac917e78fadb3641d3bfe,openvmm_snapshot_restore,ms,lower,32.2358895
linux-mshv-virtual-machine,2,1,cbaf6c43acae7413064ac917e78fadb3641d3bfe,openvmm_snapshot_restore_guest_exit_teardown,ms,lower,8.187095
linux-mshv-virtual-machine,2,1,cbaf6c43acae7413064ac917e78fadb3641d3bfe,openvmm_snapshot_restore_peak_rss,MiB,lower,57.546875
linux-mshv-virtual-machine,2,1,cbaf6c43acae7413064ac917e78fadb3641d3bfe,shell_snapshot_cold_128_mib,ms,lower,302.6
linux-mshv-virtual-machine,2,1,cbaf6c43acae7413064ac917e78fadb3641d3bfe,shell_snapshot_cold_256_mib,ms,lower,308.6
linux-mshv-virtual-machine,2,1,cbaf6c43acae7413064ac917e78fadb3641d3bfe,shell_snapshot_cold_512_mib,ms,lower,315.9
linux-mshv-virtual-machine,2,1,cbaf6c43acae7413064ac917e78fadb3641d3bfe,shell_snapshot_restore_128_mib,ms,lower,31.3
linux-mshv-virtual-machine,2,1,cbaf6c43acae7413064ac917e78fadb3641d3bfe,shell_snapshot_restore_256_mib,ms,lower,35.6
linux-mshv-virtual-machine,2,1,cbaf6c43acae7413064ac917e78fadb3641d3bfe,shell_snapshot_restore_512_mib,ms,lower,38.1
linux-mshv-virtual-machine,2,1,cbaf6c43acae7413064ac917e78fadb3641d3bfe,virtfs_live_read,MB/s,higher,1100
linux-mshv-virtual-machine,2,1,cbaf6c43acae7413064ac917e78fadb3641d3bfe,virtfs_live_roundtrip,ms,lower,451.5
linux-mshv-virtual-machine,2,1,cbaf6c43acae7413064ac917e78fadb3641d3bfe,virtfs_live_write,MB/s,higher,847.7
linux-mshv-virtual-machine,2,1,cbaf6c43acae7413064ac917e78fadb3641d3bfe,virtio_blk_random_read_iops,ops/s,higher,7443.5008124
linux-mshv-virtual-machine,2,1,cbaf6c43acae7413064ac917e78fadb3641d3bfe,virtio_blk_random_write_iops,ops/s,higher,7453.31141297
linux-mshv-virtual-machine,2,1,cbaf6c43acae7413064ac917e78fadb3641d3bfe,virtio_fs_random_read_iops,ops/s,higher,11079.3237707
linux-mshv-virtual-machine,2,1,cbaf6c43acae7413064ac917e78fadb3641d3bfe,virtio_fs_random_write_iops,ops/s,higher,11392.0534296
linux-mshv-virtual-machine,2,1,cbaf6c43acae7413064ac917e78fadb3641d3bfe,virtio_net_udp_roundtrip_ops,ops/s,higher,6186.8085692
linux-mshv-virtual-machine,2,1,58fc6421db6dc1f7430babd8dda2309d7161f3c9,cold_start_base,ms,lower,317.7
linux-mshv-virtual-machine,2,1,58fc6421db6dc1f7430babd8dda2309d7161f3c9,cold_start_clocksource,ms,lower,318.6
linux-mshv-virtual-machine,2,1,58fc6421db6dc1f7430babd8dda2309d7161f3c9,cold_start_cryptomgr_notests,ms,lower,317.2
linux-mshv-virtual-machine,2,1,58fc6421db6dc1f7430babd8dda2309d7161f3c9,cold_start_mitigations_off,ms,lower,281.4
linux-mshv-virtual-machine,2,1,58fc6421db6dc1f7430babd8dda2309d7161f3c9,cold_start_no_timer_check,ms,lower,273.6
linux-mshv-virtual-machine,2,1,58fc6421db6dc1f7430babd8dda2309d7161f3c9,cold_start_nokaslr,ms,lower,316.7
linux-mshv-virtual-machine,2,1,58fc6421db6dc1f7430babd8dda2309d7161f3c9,cold_start_random_trust_cpu,ms,lower,318.9
linux-mshv-virtual-machine,2,1,58fc6421db6dc1f7430babd8dda2309d7161f3c9,cold_start_rcu_expedited,ms,lower,317.9
linux-mshv-virtual-machine,2,1,58fc6421db6dc1f7430babd8dda2309d7161f3c9,cold_start_tsc_reliable,ms,lower,319.4
linux-mshv-virtual-machine,2,1,58fc6421db6dc1f7430babd8dda2309d7161f3c9,network_snapshot_cold,ms,lower,325.8
linux-mshv-virtual-machine,2,1,58fc6421db6dc1f7430babd8dda2309d7161f3c9,network_snapshot_restore,ms,lower,44.1
linux-mshv-virtual-machine,2,1,58fc6421db6dc1f7430babd8dda2309d7161f3c9,network_snapshot_restore_wall,ms,lower,135.9
linux-mshv-virtual-machine,2,1,58fc6421db6dc1f7430babd8dda2309d7161f3c9,openvmm_cold_start,ms,lower,238.022935
linux-mshv-virtual-machine,2,1,58fc6421db6dc1f7430babd8dda2309d7161f3c9,openvmm_cold_start_guest_exit_teardown,ms,lower,27.122933
linux-mshv-virtual-machine,2,1,58fc6421db6dc1f7430babd8dda2309d7161f3c9,openvmm_cold_start_peak_rss,MiB,lower,77.75
linux-mshv-virtual-machine,2,1,58fc6421db6dc1f7430babd8dda2309d7161f3c9,openvmm_snapshot_generation,ms,lower,4.162924
linux-mshv-virtual-machine,2,1,58fc6421db6dc1f7430babd8dda2309d7161f3c9,openvmm_snapshot_generation_peak_rss,MiB,lower,80.1875
linux-mshv-virtual-machine,2,1,58fc6421db6dc1f7430babd8dda2309d7161f3c9,openvmm_snapshot_restore,ms,lower,35.1190835
linux-mshv-virtual-machine,2,1,58fc6421db6dc1f7430babd8dda2309d7161f3c9,openvmm_snapshot_restore_guest_exit_teardown,ms,lower,8.984245
linux-mshv-virtual-machine,2,1,58fc6421db6dc1f7430babd8dda2309d7161f3c9,openvmm_snapshot_restore_peak_rss,MiB,lower,57.546875
linux-mshv-virtual-machine,2,1,58fc6421db6dc1f7430babd8dda2309d7161f3c9,shell_snapshot_cold_128_mib,ms,lower,317.7
linux-mshv-virtual-machine,2,1,58fc6421db6dc1f7430babd8dda2309d7161f3c9,shell_snapshot_cold_256_mib,ms,lower,322.3
linux-mshv-virtual-machine,2,1,58fc6421db6dc1f7430babd8dda2309d7161f3c9,shell_snapshot_cold_512_mib,ms,lower,331
linux-mshv-virtual-machine,2,1,58fc6421db6dc1f7430babd8dda2309d7161f3c9,shell_snapshot_restore_128_mib,ms,lower,34.4
linux-mshv-virtual-machine,2,1,58fc6421db6dc1f7430babd8dda2309d7161f3c9,shell_snapshot_restore_256_mib,ms,lower,38.1
linux-mshv-virtual-machine,2,1,58fc6421db6dc1f7430babd8dda2309d7161f3c9,shell_snapshot_restore_512_mib,ms,lower,41
linux-mshv-virtual-machine,2,1,58fc6421db6dc1f7430babd8dda2309d7161f3c9,virtfs_live_read,MB/s,higher,1100
linux-mshv-virtual-machine,2,1,58fc6421db6dc1f7430babd8dda2309d7161f3c9,virtfs_live_roundtrip,ms,lower,481.3
linux-mshv-virtual-machine,2,1,58fc6421db6dc1f7430babd8dda2309d7161f3c9,virtfs_live_write,MB/s,higher,818.1
linux-mshv-virtual-machine,2,1,58fc6421db6dc1f7430babd8dda2309d7161f3c9,virtio_blk_random_read_iops,ops/s,higher,7268.63971308
linux-mshv-virtual-machine,2,1,58fc6421db6dc1f7430babd8dda2309d7161f3c9,virtio_blk_random_write_iops,ops/s,higher,7223.10165141
linux-mshv-virtual-machine,2,1,58fc6421db6dc1f7430babd8dda2309d7161f3c9,virtio_fs_random_read_iops,ops/s,higher,10561.3304707
linux-mshv-virtual-machine,2,1,58fc6421db6dc1f7430babd8dda2309d7161f3c9,virtio_fs_random_write_iops,ops/s,higher,10999.4416531
linux-mshv-virtual-machine,2,1,58fc6421db6dc1f7430babd8dda2309d7161f3c9,virtio_net_udp_roundtrip_ops,ops/s,higher,5600.92516065
linux-mshv-virtual-machine,2,1,9841c2292e2029c4b04a684d1ea6fce78b448dfa,cold_start_base,ms,lower,317.6
linux-mshv-virtual-machine,2,1,9841c2292e2029c4b04a684d1ea6fce78b448dfa,cold_start_clocksource,ms,lower,318.2
linux-mshv-virtual-machine,2,1,9841c2292e2029c4b04a684d1ea6fce78b448dfa,cold_start_cryptomgr_notests,ms,lower,315.6
linux-mshv-virtual-machine,2,1,9841c2292e2029c4b04a684d1ea6fce78b448dfa,cold_start_mitigations_off,ms,lower,281.1
linux-mshv-virtual-machine,2,1,9841c2292e2029c4b04a684d1ea6fce78b448dfa,cold_start_no_timer_check,ms,lower,272.3
linux-mshv-virtual-machine,2,1,9841c2292e2029c4b04a684d1ea6fce78b448dfa,cold_start_nokaslr,ms,lower,319.7
linux-mshv-virtual-machine,2,1,9841c2292e2029c4b04a684d1ea6fce78b448dfa,cold_start_random_trust_cpu,ms,lower,317.7
linux-mshv-virtual-machine,2,1,9841c2292e2029c4b04a684d1ea6fce78b448dfa,cold_start_rcu_expedited,ms,lower,316.6
linux-mshv-virtual-machine,2,1,9841c2292e2029c4b04a684d1ea6fce78b448dfa,cold_start_tsc_reliable,ms,lower,314.3
linux-mshv-virtual-machine,2,1,9841c2292e2029c4b04a684d1ea6fce78b448dfa,network_snapshot_cold,ms,lower,326.6
linux-mshv-virtual-machine,2,1,9841c2292e2029c4b04a684d1ea6fce78b448dfa,network_snapshot_restore,ms,lower,42.1
linux-mshv-virtual-machine,2,1,9841c2292e2029c4b04a684d1ea6fce78b448dfa,network_snapshot_restore_wall,ms,lower,130
linux-mshv-virtual-machine,2,1,9841c2292e2029c4b04a684d1ea6fce78b448dfa,openvmm_cold_start,ms,lower,238.17247
linux-mshv-virtual-machine,2,1,9841c2292e2029c4b04a684d1ea6fce78b448dfa,openvmm_cold_start_guest_exit_teardown,ms,lower,26.424397
linux-mshv-virtual-machine,2,1,9841c2292e2029c4b04a684d1ea6fce78b448dfa,openvmm_cold_start_peak_rss,MiB,lower,77.81640625
linux-mshv-virtual-machine,2,1,9841c2292e2029c4b04a684d1ea6fce78b448dfa,openvmm_snapshot_generation,ms,lower,3.821878
linux-mshv-virtual-machine,2,1,9841c2292e2029c4b04a684d1ea6fce78b448dfa,openvmm_snapshot_generation_peak_rss,MiB,lower,80.4140625
linux-mshv-virtual-machine,2,1,9841c2292e2029c4b04a684d1ea6fce78b448dfa,openvmm_snapshot_restore,ms,lower,34.8719155
linux-mshv-virtual-machine,2,1,9841c2292e2029c4b04a684d1ea6fce78b448dfa,openvmm_snapshot_restore_guest_exit_teardown,ms,lower,8.9523025
linux-mshv-virtual-machine,2,1,9841c2292e2029c4b04a684d1ea6fce78b448dfa,openvmm_snapshot_restore_peak_rss,MiB,lower,57.55078125
linux-mshv-virtual-machine,2,1,9841c2292e2029c4b04a684d1ea6fce78b448dfa,shell_snapshot_cold_128_mib,ms,lower,315.5
linux-mshv-virtual-machine,2,1,9841c2292e2029c4b04a684d1ea6fce78b448dfa,shell_snapshot_cold_256_mib,ms,lower,322.3
linux-mshv-virtual-machine,2,1,9841c2292e2029c4b04a684d1ea6fce78b448dfa,shell_snapshot_cold_512_mib,ms,lower,327.4
linux-mshv-virtual-machine,2,1,9841c2292e2029c4b04a684d1ea6fce78b448dfa,shell_snapshot_restore_128_mib,ms,lower,34.4
linux-mshv-virtual-machine,2,1,9841c2292e2029c4b04a684d1ea6fce78b448dfa,shell_snapshot_restore_256_mib,ms,lower,36.8
linux-mshv-virtual-machine,2,1,9841c2292e2029c4b04a684d1ea6fce78b448dfa,shell_snapshot_restore_512_mib,ms,lower,45.3
linux-mshv-virtual-machine,2,1,9841c2292e2029c4b04a684d1ea6fce78b448dfa,virtfs_live_read,MB/s,higher,1100
linux-mshv-virtual-machine,2,1,9841c2292e2029c4b04a684d1ea6fce78b448dfa,virtfs_live_roundtrip,ms,lower,483.8
linux-mshv-virtual-machine,2,1,9841c2292e2029c4b04a684d1ea6fce78b448dfa,virtfs_live_write,MB/s,higher,809.9
linux-mshv-virtual-machine,2,1,9841c2292e2029c4b04a684d1ea6fce78b448dfa,virtio_blk_random_read_iops,ops/s,higher,7235.58103279
linux-mshv-virtual-machine,2,1,9841c2292e2029c4b04a684d1ea6fce78b448dfa,virtio_blk_random_write_iops,ops/s,higher,7160.89173996
linux-mshv-virtual-machine,2,1,9841c2292e2029c4b04a684d1ea6fce78b448dfa,virtio_fs_random_read_iops,ops/s,higher,10968.4110312
linux-mshv-virtual-machine,2,1,9841c2292e2029c4b04a684d1ea6fce78b448dfa,virtio_fs_random_write_iops,ops/s,higher,11565.170424
linux-mshv-virtual-machine,2,1,9841c2292e2029c4b04a684d1ea6fce78b448dfa,virtio_net_udp_roundtrip_ops,ops/s,higher,5966.91572136
linux-mshv-virtual-machine,2,1,2191ee54dc321d6524b1aebcd25b450588a20284,cold_start_base,ms,lower,282.5
linux-mshv-virtual-machine,2,1,2191ee54dc321d6524b1aebcd25b450588a20284,cold_start_clocksource,ms,lower,282.7
linux-mshv-virtual-machine,2,1,2191ee54dc321d6524b1aebcd25b450588a20284,cold_start_cryptomgr_notests,ms,lower,284.3
linux-mshv-virtual-machine,2,1,2191ee54dc321d6524b1aebcd25b450588a20284,cold_start_mitigations_off,ms,lower,249.5
linux-mshv-virtual-machine,2,1,2191ee54dc321d6524b1aebcd25b450588a20284,cold_start_no_timer_check,ms,lower,239.8
linux-mshv-virtual-machine,2,1,2191ee54dc321d6524b1aebcd25b450588a20284,cold_start_nokaslr,ms,lower,285
linux-mshv-virtual-machine,2,1,2191ee54dc321d6524b1aebcd25b450588a20284,cold_start_random_trust_cpu,ms,lower,283.4
linux-mshv-virtual-machine,2,1,2191ee54dc321d6524b1aebcd25b450588a20284,cold_start_rcu_expedited,ms,lower,284
linux-mshv-virtual-machine,2,1,2191ee54dc321d6524b1aebcd25b450588a20284,cold_start_tsc_reliable,ms,lower,282.9
linux-mshv-virtual-machine,2,1,2191ee54dc321d6524b1aebcd25b450588a20284,network_snapshot_cold,ms,lower,291
linux-mshv-virtual-machine,2,1,2191ee54dc321d6524b1aebcd25b450588a20284,network_snapshot_restore,ms,lower,39.8
linux-mshv-virtual-machine,2,1,2191ee54dc321d6524b1aebcd25b450588a20284,network_snapshot_restore_wall,ms,lower,113.9
linux-mshv-virtual-machine,2,1,2191ee54dc321d6524b1aebcd25b450588a20284,openvmm_cold_start,ms,lower,205.2772365
linux-mshv-virtual-machine,2,1,2191ee54dc321d6524b1aebcd25b450588a20284,openvmm_cold_start_guest_exit_teardown,ms,lower,22.3702405
linux-mshv-virtual-machine,2,1,2191ee54dc321d6524b1aebcd25b450588a20284,openvmm_cold_start_peak_rss,MiB,lower,77.89453125
linux-mshv-virtual-machine,2,1,2191ee54dc321d6524b1aebcd25b450588a20284,openvmm_snapshot_generation,ms,lower,3.5782145
linux-mshv-virtual-machine,2,1,2191ee54dc321d6524b1aebcd25b450588a20284,openvmm_snapshot_generation_peak_rss,MiB,lower,80.404296875
linux-mshv-virtual-machine,2,1,2191ee54dc321d6524b1aebcd25b450588a20284,openvmm_snapshot_restore,ms,lower,33.17124
linux-mshv-virtual-machine,2,1,2191ee54dc321d6524b1aebcd25b450588a20284,openvmm_snapshot_restore_guest_exit_teardown,ms,lower,8.0519335
linux-mshv-virtual-machine,2,1,2191ee54dc321d6524b1aebcd25b450588a20284,openvmm_snapshot_restore_peak_rss,MiB,lower,57.61328125
linux-mshv-virtual-machine,2,1,2191ee54dc321d6524b1aebcd25b450588a20284,shell_snapshot_cold_128_mib,ms,lower,282.7
linux-mshv-virtual-machine,2,1,2191ee54dc321d6524b1aebcd25b450588a20284,shell_snapshot_cold_256_mib,ms,lower,288.5
linux-mshv-virtual-machine,2,1,2191ee54dc321d6524b1aebcd25b450588a20284,shell_snapshot_cold_512_mib,ms,lower,296.3
linux-mshv-virtual-machine,2,1,2191ee54dc321d6524b1aebcd25b450588a20284,shell_snapshot_restore_128_mib,ms,lower,31.9
linux-mshv-virtual-machine,2,1,2191ee54dc321d6524b1aebcd25b450588a20284,shell_snapshot_restore_256_mib,ms,lower,36
linux-mshv-virtual-machine,2,1,2191ee54dc321d6524b1aebcd25b450588a20284,shell_snapshot_restore_512_mib,ms,lower,40.1
linux-mshv-virtual-machine,2,1,2191ee54dc321d6524b1aebcd25b450588a20284,virtfs_live_read,MB/s,higher,1100
linux-mshv-virtual-machine,2,1,2191ee54dc321d6524b1aebcd25b450588a20284,virtfs_live_roundtrip,ms,lower,431.3
linux-mshv-virtual-machine,2,1,2191ee54dc321d6524b1aebcd25b450588a20284,virtfs_live_write,MB/s,higher,908.1
linux-mshv-virtual-machine,2,1,2191ee54dc321d6524b1aebcd25b450588a20284,virtio_blk_random_read_iops,ops/s,higher,8290.07872626
linux-mshv-virtual-machine,2,1,2191ee54dc321d6524b1aebcd25b450588a20284,virtio_blk_random_write_iops,ops/s,higher,8165.99935141
linux-mshv-virtual-machine,2,1,2191ee54dc321d6524b1aebcd25b450588a20284,virtio_fs_random_read_iops,ops/s,higher,11738.1502566
linux-mshv-virtual-machine,2,1,2191ee54dc321d6524b1aebcd25b450588a20284,virtio_fs_random_write_iops,ops/s,higher,11454.2729924
linux-mshv-virtual-machine,2,1,2191ee54dc321d6524b1aebcd25b450588a20284,virtio_net_udp_roundtrip_ops,ops/s,higher,6210.08020686
linux-mshv-virtual-machine,2,1,d2f79471ad835a3832bfea78910044af9fc98f73,cold_start_base,ms,lower,300.3
linux-mshv-virtual-machine,2,1,d2f79471ad835a3832bfea78910044af9fc98f73,cold_start_clocksource,ms,lower,299.3
linux-mshv-virtual-machine,2,1,d2f79471ad835a3832bfea78910044af9fc98f73,cold_start_cryptomgr_notests,ms,lower,299.4
linux-mshv-virtual-machine,2,1,d2f79471ad835a3832bfea78910044af9fc98f73,cold_start_mitigations_off,ms,lower,264.6
linux-mshv-virtual-machine,2,1,d2f79471ad835a3832bfea78910044af9fc98f73,cold_start_no_timer_check,ms,lower,253.7
linux-mshv-virtual-machine,2,1,d2f79471ad835a3832bfea78910044af9fc98f73,cold_start_nokaslr,ms,lower,299.9
linux-mshv-virtual-machine,2,1,d2f79471ad835a3832bfea78910044af9fc98f73,cold_start_random_trust_cpu,ms,lower,299.1
linux-mshv-virtual-machine,2,1,d2f79471ad835a3832bfea78910044af9fc98f73,cold_start_rcu_expedited,ms,lower,299.5
linux-mshv-virtual-machine,2,1,d2f79471ad835a3832bfea78910044af9fc98f73,cold_start_tsc_reliable,ms,lower,299.9
linux-mshv-virtual-machine,2,1,d2f79471ad835a3832bfea78910044af9fc98f73,network_snapshot_cold,ms,lower,307.8
linux-mshv-virtual-machine,2,1,d2f79471ad835a3832bfea78910044af9fc98f73,network_snapshot_restore,ms,lower,36.9
linux-mshv-virtual-machine,2,1,d2f79471ad835a3832bfea78910044af9fc98f73,network_snapshot_restore_wall,ms,lower,108
linux-mshv-virtual-machine,2,1,d2f79471ad835a3832bfea78910044af9fc98f73,openvmm_cold_start,ms,lower,220.0096665
linux-mshv-virtual-machine,2,1,d2f79471ad835a3832bfea78910044af9fc98f73,openvmm_cold_start_guest_exit_teardown,ms,lower,25.1410275
linux-mshv-virtual-machine,2,1,d2f79471ad835a3832bfea78910044af9fc98f73,openvmm_cold_start_peak_rss,MiB,lower,77.89453125
linux-mshv-virtual-machine,2,1,d2f79471ad835a3832bfea78910044af9fc98f73,openvmm_snapshot_generation,ms,lower,3.4954395
linux-mshv-virtual-machine,2,1,d2f79471ad835a3832bfea78910044af9fc98f73,openvmm_snapshot_generation_peak_rss,MiB,lower,80.357421875
linux-mshv-virtual-machine,2,1,d2f79471ad835a3832bfea78910044af9fc98f73,openvmm_snapshot_restore,ms,lower,31.522109
linux-mshv-virtual-machine,2,1,d2f79471ad835a3832bfea78910044af9fc98f73,openvmm_snapshot_restore_guest_exit_teardown,ms,lower,8.0948265
linux-mshv-virtual-machine,2,1,d2f79471ad835a3832bfea78910044af9fc98f73,openvmm_snapshot_restore_peak_rss,MiB,lower,57.61328125
linux-mshv-virtual-machine,2,1,d2f79471ad835a3832bfea78910044af9fc98f73,shell_snapshot_cold_128_mib,ms,lower,300.1
linux-mshv-virtual-machine,2,1,d2f79471ad835a3832bfea78910044af9fc98f73,shell_snapshot_cold_256_mib,ms,lower,307.7
linux-mshv-virtual-machine,2,1,d2f79471ad835a3832bfea78910044af9fc98f73,shell_snapshot_cold_512_mib,ms,lower,314.5
linux-mshv-virtual-machine,2,1,d2f79471ad835a3832bfea78910044af9fc98f73,shell_snapshot_restore_128_mib,ms,lower,31.3
linux-mshv-virtual-machine,2,1,d2f79471ad835a3832bfea78910044af9fc98f73,shell_snapshot_restore_256_mib,ms,lower,34
linux-mshv-virtual-machine,2,1,d2f79471ad835a3832bfea78910044af9fc98f73,shell_snapshot_restore_512_mib,ms,lower,38.4
linux-mshv-virtual-machine,2,1,d2f79471ad835a3832bfea78910044af9fc98f73,virtfs_live_read,MB/s,higher,1100
linux-mshv-virtual-machine,2,1,d2f79471ad835a3832bfea78910044af9fc98f73,virtfs_live_roundtrip,ms,lower,449.5
linux-mshv-virtual-machine,2,1,d2f79471ad835a3832bfea78910044af9fc98f73,virtfs_live_write,MB/s,higher,847.5
linux-mshv-virtual-machine,2,1,d2f79471ad835a3832bfea78910044af9fc98f73,virtio_blk_random_read_iops,ops/s,higher,7600.27780001
linux-mshv-virtual-machine,2,1,d2f79471ad835a3832bfea78910044af9fc98f73,virtio_blk_random_write_iops,ops/s,higher,7546.78976986
linux-mshv-virtual-machine,2,1,d2f79471ad835a3832bfea78910044af9fc98f73,virtio_fs_random_read_iops,ops/s,higher,10970.3403936
linux-mshv-virtual-machine,2,1,d2f79471ad835a3832bfea78910044af9fc98f73,virtio_fs_random_write_iops,ops/s,higher,10709.0350222
linux-mshv-virtual-machine,2,1,d2f79471ad835a3832bfea78910044af9fc98f73,virtio_net_udp_roundtrip_ops,ops/s,higher,6087.10663155
linux-mshv-virtual-machine,2,1,31a5478d4e9f691dcb1c48d5ea6594f59efd0f4d,cold_start_base,ms,lower,308.9
linux-mshv-virtual-machine,2,1,31a5478d4e9f691dcb1c48d5ea6594f59efd0f4d,cold_start_clocksource,ms,lower,308.8
linux-mshv-virtual-machine,2,1,31a5478d4e9f691dcb1c48d5ea6594f59efd0f4d,cold_start_cryptomgr_notests,ms,lower,310
linux-mshv-virtual-machine,2,1,31a5478d4e9f691dcb1c48d5ea6594f59efd0f4d,cold_start_mitigations_off,ms,lower,273.8
linux-mshv-virtual-machine,2,1,31a5478d4e9f691dcb1c48d5ea6594f59efd0f4d,cold_start_no_timer_check,ms,lower,262.9
linux-mshv-virtual-machine,2,1,31a5478d4e9f691dcb1c48d5ea6594f59efd0f4d,cold_start_nokaslr,ms,lower,310.1
linux-mshv-virtual-machine,2,1,31a5478d4e9f691dcb1c48d5ea6594f59efd0f4d,cold_start_random_trust_cpu,ms,lower,308.5
linux-mshv-virtual-machine,2,1,31a5478d4e9f691dcb1c48d5ea6594f59efd0f4d,cold_start_rcu_expedited,ms,lower,309.5
linux-mshv-virtual-machine,2,1,31a5478d4e9f691dcb1c48d5ea6594f59efd0f4d,cold_start_tsc_reliable,ms,lower,309.5
linux-mshv-virtual-machine,2,1,31a5478d4e9f691dcb1c48d5ea6594f59efd0f4d,network_snapshot_cold,ms,lower,316.6
linux-mshv-virtual-machine,2,1,31a5478d4e9f691dcb1c48d5ea6594f59efd0f4d,network_snapshot_restore,ms,lower,41.7
linux-mshv-virtual-machine,2,1,31a5478d4e9f691dcb1c48d5ea6594f59efd0f4d,network_snapshot_restore_wall,ms,lower,111.8
linux-mshv-virtual-machine,2,1,31a5478d4e9f691dcb1c48d5ea6594f59efd0f4d,openvmm_cold_start,ms,lower,229.4931985
linux-mshv-virtual-machine,2,1,31a5478d4e9f691dcb1c48d5ea6594f59efd0f4d,openvmm_cold_start_guest_exit_teardown,ms,lower,25.9502015
linux-mshv-virtual-machine,2,1,31a5478d4e9f691dcb1c48d5ea6594f59efd0f4d,openvmm_cold_start_peak_rss,MiB,lower,77.89453125
linux-mshv-virtual-machine,2,1,31a5478d4e9f691dcb1c48d5ea6594f59efd0f4d,openvmm_snapshot_generation,ms,lower,3.973268
linux-mshv-virtual-machine,2,1,31a5478d4e9f691dcb1c48d5ea6594f59efd0f4d,openvmm_snapshot_generation_peak_rss,MiB,lower,80.42578125
linux-mshv-virtual-machine,2,1,31a5478d4e9f691dcb1c48d5ea6594f59efd0f4d,openvmm_snapshot_restore,ms,lower,34.9932975
linux-mshv-virtual-machine,2,1,31a5478d4e9f691dcb1c48d5ea6594f59efd0f4d,openvmm_snapshot_restore_guest_exit_teardown,ms,lower,8.7038515
linux-mshv-virtual-machine,2,1,31a5478d4e9f691dcb1c48d5ea6594f59efd0f4d,openvmm_snapshot_restore_peak_rss,MiB,lower,57.61328125
linux-mshv-virtual-machine,2,1,31a5478d4e9f691dcb1c48d5ea6594f59efd0f4d,shell_snapshot_cold_128_mib,ms,lower,309.6
linux-mshv-virtual-machine,2,1,31a5478d4e9f691dcb1c48d5ea6594f59efd0f4d,shell_snapshot_cold_256_mib,ms,lower,314.9
linux-mshv-virtual-machine,2,1,31a5478d4e9f691dcb1c48d5ea6594f59efd0f4d,shell_snapshot_cold_512_mib,ms,lower,322
linux-mshv-virtual-machine,2,1,31a5478d4e9f691dcb1c48d5ea6594f59efd0f4d,shell_snapshot_restore_128_mib,ms,lower,33.6
linux-mshv-virtual-machine,2,1,31a5478d4e9f691dcb1c48d5ea6594f59efd0f4d,shell_snapshot_restore_256_mib,ms,lower,38.5
linux-mshv-virtual-machine,2,1,31a5478d4e9f691dcb1c48d5ea6594f59efd0f4d,shell_snapshot_restore_512_mib,ms,lower,41.9
linux-mshv-virtual-machine,2,1,31a5478d4e9f691dcb1c48d5ea6594f59efd0f4d,virtfs_live_read,MB/s,higher,1100
linux-mshv-virtual-machine,2,1,31a5478d4e9f691dcb1c48d5ea6594f59efd0f4d,virtfs_live_roundtrip,ms,lower,467.3
linux-mshv-virtual-machine,2,1,31a5478d4e9f691dcb1c48d5ea6594f59efd0f4d,virtfs_live_write,MB/s,higher,832.5
linux-mshv-virtual-machine,2,1,31a5478d4e9f691dcb1c48d5ea6594f59efd0f4d,virtio_blk_random_read_iops,ops/s,higher,7502.63718454
linux-mshv-virtual-machine,2,1,31a5478d4e9f691dcb1c48d5ea6594f59efd0f4d,virtio_blk_random_write_iops,ops/s,higher,7696.33928685
linux-mshv-virtual-machine,2,1,31a5478d4e9f691dcb1c48d5ea6594f59efd0f4d,virtio_fs_random_read_iops,ops/s,higher,11594.8037984
linux-mshv-virtual-machine,2,1,31a5478d4e9f691dcb1c48d5ea6594f59efd0f4d,virtio_fs_random_write_iops,ops/s,higher,11221.8722119
linux-mshv-virtual-machine,2,1,31a5478d4e9f691dcb1c48d5ea6594f59efd0f4d,virtio_net_udp_roundtrip_ops,ops/s,higher,6174.34429597
linux-mshv-virtual-machine,2,1,f0d103cd6f3dfb924b623caf8d9e4d241acb6828,cold_start_base,ms,lower,300.6
linux-mshv-virtual-machine,2,1,f0d103cd6f3dfb924b623caf8d9e4d241acb6828,cold_start_clocksource,ms,lower,300
linux-mshv-virtual-machine,2,1,f0d103cd6f3dfb924b623caf8d9e4d241acb6828,cold_start_cryptomgr_notests,ms,lower,301.7
linux-mshv-virtual-machine,2,1,f0d103cd6f3dfb924b623caf8d9e4d241acb6828,cold_start_mitigations_off,ms,lower,265.5
linux-mshv-virtual-machine,2,1,f0d103cd6f3dfb924b623caf8d9e4d241acb6828,cold_start_no_timer_check,ms,lower,255
linux-mshv-virtual-machine,2,1,f0d103cd6f3dfb924b623caf8d9e4d241acb6828,cold_start_nokaslr,ms,lower,299.9
linux-mshv-virtual-machine,2,1,f0d103cd6f3dfb924b623caf8d9e4d241acb6828,cold_start_random_trust_cpu,ms,lower,301.1
linux-mshv-virtual-machine,2,1,f0d103cd6f3dfb924b623caf8d9e4d241acb6828,cold_start_rcu_expedited,ms,lower,301.4
linux-mshv-virtual-machine,2,1,f0d103cd6f3dfb924b623caf8d9e4d241acb6828,cold_start_tsc_reliable,ms,lower,300.1
linux-mshv-virtual-machine,2,1,f0d103cd6f3dfb924b623caf8d9e4d241acb6828,network_snapshot_cold,ms,lower,304.4
linux-mshv-virtual-machine,2,1,f0d103cd6f3dfb924b623caf8d9e4d241acb6828,network_snapshot_restore,ms,lower,37.3
linux-mshv-virtual-machine,2,1,f0d103cd6f3dfb924b623caf8d9e4d241acb6828,network_snapshot_restore_wall,ms,lower,107.9
linux-mshv-virtual-machine,2,1,f0d103cd6f3dfb924b623caf8d9e4d241acb6828,openvmm_cold_start,ms,lower,220.179446
linux-mshv-virtual-machine,2,1,f0d103cd6f3dfb924b623caf8d9e4d241acb6828,openvmm_cold_start_guest_exit_teardown,ms,lower,25.230588
linux-mshv-virtual-machine,2,1,f0d103cd6f3dfb924b623caf8d9e4d241acb6828,openvmm_cold_start_peak_rss,MiB,lower,77.89453125
linux-mshv-virtual-machine,2,1,f0d103cd6f3dfb924b623caf8d9e4d241acb6828,openvmm_snapshot_generation,ms,lower,3.4130355
linux-mshv-virtual-machine,2,1,f0d103cd6f3dfb924b623caf8d9e4d241acb6828,openvmm_snapshot_generation_peak_rss,MiB,lower,80.296875
linux-mshv-virtual-machine,2,1,f0d103cd6f3dfb924b623caf8d9e4d241acb6828,openvmm_snapshot_restore,ms,lower,31.31221
linux-mshv-virtual-machine,2,1,f0d103cd6f3dfb924b623caf8d9e4d241acb6828,openvmm_snapshot_restore_guest_exit_teardown,ms,lower,8.121264
linux-mshv-virtual-machine,2,1,f0d103cd6f3dfb924b623caf8d9e4d241acb6828,openvmm_snapshot_restore_peak_rss,MiB,lower,57.61328125
linux-mshv-virtual-machine,2,1,f0d103cd6f3dfb924b623caf8d9e4d241acb6828,shell_snapshot_cold_128_mib,ms,lower,301.8
linux-mshv-virtual-machine,2,1,f0d103cd6f3dfb924b623caf8d9e4d241acb6828,shell_snapshot_cold_256_mib,ms,lower,308.4
linux-mshv-virtual-machine,2,1,f0d103cd6f3dfb924b623caf8d9e4d241acb6828,shell_snapshot_cold_512_mib,ms,lower,312.5
linux-mshv-virtual-machine,2,1,f0d103cd6f3dfb924b623caf8d9e4d241acb6828,shell_snapshot_restore_128_mib,ms,lower,31.3
linux-mshv-virtual-machine,2,1,f0d103cd6f3dfb924b623caf8d9e4d241acb6828,shell_snapshot_restore_256_mib,ms,lower,33.5
linux-mshv-virtual-machine,2,1,f0d103cd6f3dfb924b623caf8d9e4d241acb6828,shell_snapshot_restore_512_mib,ms,lower,38.3
linux-mshv-virtual-machine,2,1,f0d103cd6f3dfb924b623caf8d9e4d241acb6828,virtfs_live_read,MB/s,higher,1100
linux-mshv-virtual-machine,2,1,f0d103cd6f3dfb924b623caf8d9e4d241acb6828,virtfs_live_roundtrip,ms,lower,455.5
linux-mshv-virtual-machine,2,1,f0d103cd6f3dfb924b623caf8d9e4d241acb6828,virtfs_live_write,MB/s,higher,855.8
linux-mshv-virtual-machine,2,1,f0d103cd6f3dfb924b623caf8d9e4d241acb6828,virtio_blk_random_read_iops,ops/s,higher,7474.1095452
linux-mshv-virtual-machine,2,1,f0d103cd6f3dfb924b623caf8d9e4d241acb6828,virtio_blk_random_write_iops,ops/s,higher,7531.90732516
linux-mshv-virtual-machine,2,1,f0d103cd6f3dfb924b623caf8d9e4d241acb6828,virtio_fs_random_read_iops,ops/s,higher,11321.5605989
linux-mshv-virtual-machine,2,1,f0d103cd6f3dfb924b623caf8d9e4d241acb6828,virtio_fs_random_write_iops,ops/s,higher,11792.0279843
linux-mshv-virtual-machine,2,1,f0d103cd6f3dfb924b623caf8d9e4d241acb6828,virtio_net_udp_roundtrip_ops,ops/s,higher,6293.56933506
linux-mshv-virtual-machine,2,1,de8bdcd6082f0f21dc81a315d4c6a75c10f1e27e,cold_start_base,ms,lower,297.9
linux-mshv-virtual-machine,2,1,de8bdcd6082f0f21dc81a315d4c6a75c10f1e27e,cold_start_clocksource,ms,lower,299
linux-mshv-virtual-machine,2,1,de8bdcd6082f0f21dc81a315d4c6a75c10f1e27e,cold_start_cryptomgr_notests,ms,lower,299.8
linux-mshv-virtual-machine,2,1,de8bdcd6082f0f21dc81a315d4c6a75c10f1e27e,cold_start_mitigations_off,ms,lower,264.2
linux-mshv-virtual-machine,2,1,de8bdcd6082f0f21dc81a315d4c6a75c10f1e27e,cold_start_no_timer_check,ms,lower,252.8
linux-mshv-virtual-machine,2,1,de8bdcd6082f0f21dc81a315d4c6a75c10f1e27e,cold_start_nokaslr,ms,lower,297.8
linux-mshv-virtual-machine,2,1,de8bdcd6082f0f21dc81a315d4c6a75c10f1e27e,cold_start_random_trust_cpu,ms,lower,299.1
linux-mshv-virtual-machine,2,1,de8bdcd6082f0f21dc81a315d4c6a75c10f1e27e,cold_start_rcu_expedited,ms,lower,298.7
linux-mshv-virtual-machine,2,1,de8bdcd6082f0f21dc81a315d4c6a75c10f1e27e,cold_start_tsc_reliable,ms,lower,299.2
linux-mshv-virtual-machine,2,1,de8bdcd6082f0f21dc81a315d4c6a75c10f1e27e,network_snapshot_cold,ms,lower,307.7
linux-mshv-virtual-machine,2,1,de8bdcd6082f0f21dc81a315d4c6a75c10f1e27e,network_snapshot_restore,ms,lower,36.5
linux-mshv-virtual-machine,2,1,de8bdcd6082f0f21dc81a315d4c6a75c10f1e27e,network_snapshot_restore_wall,ms,lower,115.9
linux-mshv-virtual-machine,2,1,de8bdcd6082f0f21dc81a315d4c6a75c10f1e27e,openvmm_cold_start,ms,lower,217.6386735
linux-mshv-virtual-machine,2,1,de8bdcd6082f0f21dc81a315d4c6a75c10f1e27e,openvmm_cold_start_guest_exit_teardown,ms,lower,24.27549
linux-mshv-virtual-machine,2,1,de8bdcd6082f0f21dc81a315d4c6a75c10f1e27e,openvmm_cold_start_peak_rss,MiB,lower,77.8203125
linux-mshv-virtual-machine,2,1,de8bdcd6082f0f21dc81a315d4c6a75c10f1e27e,openvmm_snapshot_generation,ms,lower,3.5988545
linux-mshv-virtual-machine,2,1,de8bdcd6082f0f21dc81a315d4c6a75c10f1e27e,openvmm_snapshot_generation_peak_rss,MiB,lower,80.369140625
linux-mshv-virtual-machine,2,1,de8bdcd6082f0f21dc81a315d4c6a75c10f1e27e,openvmm_snapshot_restore,ms,lower,29.567175
linux-mshv-virtual-machine,2,1,de8bdcd6082f0f21dc81a315d4c6a75c10f1e27e,openvmm_snapshot_restore_guest_exit_teardown,ms,lower,7.5623535
linux-mshv-virtual-machine,2,1,de8bdcd6082f0f21dc81a315d4c6a75c10f1e27e,openvmm_snapshot_restore_peak_rss,MiB,lower,57.48828125
linux-mshv-virtual-machine,2,1,de8bdcd6082f0f21dc81a315d4c6a75c10f1e27e,shell_snapshot_cold_128_mib,ms,lower,299.5
linux-mshv-virtual-machine,2,1,de8bdcd6082f0f21dc81a315d4c6a75c10f1e27e,shell_snapshot_cold_256_mib,ms,lower,302.4
linux-mshv-virtual-machine,2,1,de8bdcd6082f0f21dc81a315d4c6a75c10f1e27e,shell_snapshot_cold_512_mib,ms,lower,308.7
linux-mshv-virtual-machine,2,1,de8bdcd6082f0f21dc81a315d4c6a75c10f1e27e,shell_snapshot_restore_128_mib,ms,lower,28.8
linux-mshv-virtual-machine,2,1,de8bdcd6082f0f21dc81a315d4c6a75c10f1e27e,shell_snapshot_restore_256_mib,ms,lower,31.6
linux-mshv-virtual-machine,2,1,de8bdcd6082f0f21dc81a315d4c6a75c10f1e27e,shell_snapshot_restore_512_mib,ms,lower,34.5
linux-mshv-virtual-machine,2,1,de8bdcd6082f0f21dc81a315d4c6a75c10f1e27e,virtfs_live_read,MB/s,higher,1200
linux-mshv-virtual-machine,2,1,de8bdcd6082f0f21dc81a315d4c6a75c10f1e27e,virtfs_live_roundtrip,ms,lower,447.6
linux-mshv-virtual-machine,2,1,de8bdcd6082f0f21dc81a315d4c6a75c10f1e27e,virtfs_live_write,MB/s,higher,887
linux-mshv-virtual-machine,2,1,de8bdcd6082f0f21dc81a315d4c6a75c10f1e27e,virtio_blk_random_read_iops,ops/s,higher,7260.64144604
linux-mshv-virtual-machine,2,1,de8bdcd6082f0f21dc81a315d4c6a75c10f1e27e,virtio_blk_random_write_iops,ops/s,higher,7220.88746141
linux-mshv-virtual-machine,2,1,de8bdcd6082f0f21dc81a315d4c6a75c10f1e27e,virtio_fs_random_read_iops,ops/s,higher,10982.4138047
linux-mshv-virtual-machine,2,1,de8bdcd6082f0f21dc81a315d4c6a75c10f1e27e,virtio_fs_random_write_iops,ops/s,higher,11223.7226978
linux-mshv-virtual-machine,2,1,de8bdcd6082f0f21dc81a315d4c6a75c10f1e27e,virtio_net_udp_roundtrip_ops,ops/s,higher,6333.884179
linux-mshv-virtual-machine,2,1,665de61cf46570b3e51fe6f79720b1abbd0260cc,cold_start_base,ms,lower,291.6
linux-mshv-virtual-machine,2,1,665de61cf46570b3e51fe6f79720b1abbd0260cc,cold_start_clocksource,ms,lower,290.6
linux-mshv-virtual-machine,2,1,665de61cf46570b3e51fe6f79720b1abbd0260cc,cold_start_cryptomgr_notests,ms,lower,292.7
linux-mshv-virtual-machine,2,1,665de61cf46570b3e51fe6f79720b1abbd0260cc,cold_start_mitigations_off,ms,lower,257.6
linux-mshv-virtual-machine,2,1,665de61cf46570b3e51fe6f79720b1abbd0260cc,cold_start_no_timer_check,ms,lower,247.7
linux-mshv-virtual-machine,2,1,665de61cf46570b3e51fe6f79720b1abbd0260cc,cold_start_nokaslr,ms,lower,292.5
linux-mshv-virtual-machine,2,1,665de61cf46570b3e51fe6f79720b1abbd0260cc,cold_start_random_trust_cpu,ms,lower,291.8
linux-mshv-virtual-machine,2,1,665de61cf46570b3e51fe6f79720b1abbd0260cc,cold_start_rcu_expedited,ms,lower,291.4
linux-mshv-virtual-machine,2,1,665de61cf46570b3e51fe6f79720b1abbd0260cc,cold_start_tsc_reliable,ms,lower,296.6
linux-mshv-virtual-machine,2,1,665de61cf46570b3e51fe6f79720b1abbd0260cc,network_snapshot_cold,ms,lower,299.2
linux-mshv-virtual-machine,2,1,665de61cf46570b3e51fe6f79720b1abbd0260cc,network_snapshot_restore,ms,lower,32.9
linux-mshv-virtual-machine,2,1,665de61cf46570b3e51fe6f79720b1abbd0260cc,network_snapshot_restore_wall,ms,lower,101.8
linux-mshv-virtual-machine,2,1,665de61cf46570b3e51fe6f79720b1abbd0260cc,openvmm_cold_start,ms,lower,210.2456865
linux-mshv-virtual-machine,2,1,665de61cf46570b3e51fe6f79720b1abbd0260cc,openvmm_cold_start_guest_exit_teardown,ms,lower,25.202286
linux-mshv-virtual-machine,2,1,665de61cf46570b3e51fe6f79720b1abbd0260cc,openvmm_cold_start_peak_rss,MiB,lower,77.8203125
linux-mshv-virtual-machine,2,1,665de61cf46570b3e51fe6f79720b1abbd0260cc,openvmm_snapshot_generation,ms,lower,3.0574275
linux-mshv-virtual-machine,2,1,665de61cf46570b3e51fe6f79720b1abbd0260cc,openvmm_snapshot_generation_peak_rss,MiB,lower,80.35546875
linux-mshv-virtual-machine,2,1,665de61cf46570b3e51fe6f79720b1abbd0260cc,openvmm_snapshot_restore,ms,lower,28.248144
linux-mshv-virtual-machine,2,1,665de61cf46570b3e51fe6f79720b1abbd0260cc,openvmm_snapshot_restore_guest_exit_teardown,ms,lower,7.402196
linux-mshv-virtual-machine,2,1,665de61cf46570b3e51fe6f79720b1abbd0260cc,openvmm_snapshot_restore_peak_rss,MiB,lower,57.48828125
linux-mshv-virtual-machine,2,1,665de61cf46570b3e51fe6f79720b1abbd0260cc,shell_snapshot_cold_128_mib,ms,lower,293.2
linux-mshv-virtual-machine,2,1,665de61cf46570b3e51fe6f79720b1abbd0260cc,shell_snapshot_cold_256_mib,ms,lower,296.8
linux-mshv-virtual-machine,2,1,665de61cf46570b3e51fe6f79720b1abbd0260cc,shell_snapshot_cold_512_mib,ms,lower,304
linux-mshv-virtual-machine,2,1,665de61cf46570b3e51fe6f79720b1abbd0260cc,shell_snapshot_restore_128_mib,ms,lower,27.1
linux-mshv-virtual-machine,2,1,665de61cf46570b3e51fe6f79720b1abbd0260cc,shell_snapshot_restore_256_mib,ms,lower,30.5
linux-mshv-virtual-machine,2,1,665de61cf46570b3e51fe6f79720b1abbd0260cc,shell_snapshot_restore_512_mib,ms,lower,34.6
linux-mshv-virtual-machine,2,1,665de61cf46570b3e51fe6f79720b1abbd0260cc,virtfs_live_read,MB/s,higher,1200
linux-mshv-virtual-machine,2,1,665de61cf46570b3e51fe6f79720b1abbd0260cc,virtfs_live_roundtrip,ms,lower,447.5
linux-mshv-virtual-machine,2,1,665de61cf46570b3e51fe6f79720b1abbd0260cc,virtfs_live_write,MB/s,higher,897.6
linux-mshv-virtual-machine,2,1,665de61cf46570b3e51fe6f79720b1abbd0260cc,virtio_blk_random_read_iops,ops/s,higher,7739.89525136
linux-mshv-virtual-machine,2,1,665de61cf46570b3e51fe6f79720b1abbd0260cc,virtio_blk_random_write_iops,ops/s,higher,7429.87521996
linux-mshv-virtual-machine,2,1,665de61cf46570b3e51fe6f79720b1abbd0260cc,virtio_fs_random_read_iops,ops/s,higher,11428.8966212
linux-mshv-virtual-machine,2,1,665de61cf46570b3e51fe6f79720b1abbd0260cc,virtio_fs_random_write_iops,ops/s,higher,11804.3451164
linux-mshv-virtual-machine,2,1,665de61cf46570b3e51fe6f79720b1abbd0260cc,virtio_net_udp_roundtrip_ops,ops/s,higher,6145.32613322
linux-mshv-virtual-machine,2,1,0b9260fbfce7d5246a6f264c7550c7cfa08f1dbf,cold_start_base,ms,lower,309.3
linux-mshv-virtual-machine,2,1,0b9260fbfce7d5246a6f264c7550c7cfa08f1dbf,cold_start_clocksource,ms,lower,308.1
linux-mshv-virtual-machine,2,1,0b9260fbfce7d5246a6f264c7550c7cfa08f1dbf,cold_start_cryptomgr_notests,ms,lower,307.8
linux-mshv-virtual-machine,2,1,0b9260fbfce7d5246a6f264c7550c7cfa08f1dbf,cold_start_mitigations_off,ms,lower,273.7
linux-mshv-virtual-machine,2,1,0b9260fbfce7d5246a6f264c7550c7cfa08f1dbf,cold_start_no_timer_check,ms,lower,261.6
linux-mshv-virtual-machine,2,1,0b9260fbfce7d5246a6f264c7550c7cfa08f1dbf,cold_start_nokaslr,ms,lower,309.1
linux-mshv-virtual-machine,2,1,0b9260fbfce7d5246a6f264c7550c7cfa08f1dbf,cold_start_random_trust_cpu,ms,lower,308.1
linux-mshv-virtual-machine,2,1,0b9260fbfce7d5246a6f264c7550c7cfa08f1dbf,cold_start_rcu_expedited,ms,lower,307.9
linux-mshv-virtual-machine,2,1,0b9260fbfce7d5246a6f264c7550c7cfa08f1dbf,cold_start_tsc_reliable,ms,lower,308.2
linux-mshv-virtual-machine,2,1,0b9260fbfce7d5246a6f264c7550c7cfa08f1dbf,network_snapshot_cold,ms,lower,315.7
linux-mshv-virtual-machine,2,1,0b9260fbfce7d5246a6f264c7550c7cfa08f1dbf,network_snapshot_restore,ms,lower,41.1
linux-mshv-virtual-machine,2,1,0b9260fbfce7d5246a6f264c7550c7cfa08f1dbf,network_snapshot_restore_wall,ms,lower,116
linux-mshv-virtual-machine,2,1,0b9260fbfce7d5246a6f264c7550c7cfa08f1dbf,openvmm_cold_start,ms,lower,225.7913885
linux-mshv-virtual-machine,2,1,0b9260fbfce7d5246a6f264c7550c7cfa08f1dbf,openvmm_cold_start_guest_exit_teardown,ms,lower,25.29483
linux-mshv-virtual-machine,2,1,0b9260fbfce7d5246a6f264c7550c7cfa08f1dbf,openvmm_cold_start_peak_rss,MiB,lower,77.8203125
linux-mshv-virtual-machine,2,1,0b9260fbfce7d5246a6f264c7550c7cfa08f1dbf,openvmm_snapshot_generation,ms,lower,3.7905725
linux-mshv-virtual-machine,2,1,0b9260fbfce7d5246a6f264c7550c7cfa08f1dbf,openvmm_snapshot_generation_peak_rss,MiB,lower,80.369140625
linux-mshv-virtual-machine,2,1,0b9260fbfce7d5246a6f264c7550c7cfa08f1dbf,openvmm_snapshot_restore,ms,lower,34.6256255
linux-mshv-virtual-machine,2,1,0b9260fbfce7d5246a6f264c7550c7cfa08f1dbf,openvmm_snapshot_restore_guest_exit_teardown,ms,lower,8.609094
linux-mshv-virtual-machine,2,1,0b9260fbfce7d5246a6f264c7550c7cfa08f1dbf,openvmm_snapshot_restore_peak_rss,MiB,lower,57.48828125
linux-mshv-virtual-machine,2,1,0b9260fbfce7d5246a6f264c7550c7cfa08f1dbf,shell_snapshot_cold_128_mib,ms,lower,309.1
linux-mshv-virtual-machine,2,1,0b9260fbfce7d5246a6f264c7550c7cfa08f1dbf,shell_snapshot_cold_256_mib,ms,lower,313.4
linux-mshv-virtual-machine,2,1,0b9260fbfce7d5246a6f264c7550c7cfa08f1dbf,shell_snapshot_cold_512_mib,ms,lower,320.1
linux-mshv-virtual-machine,2,1,0b9260fbfce7d5246a6f264c7550c7cfa08f1dbf,shell_snapshot_restore_128_mib,ms,lower,34.4
linux-mshv-virtual-machine,2,1,0b9260fbfce7d5246a6f264c7550c7cfa08f1dbf,shell_snapshot_restore_256_mib,ms,lower,37.6
linux-mshv-virtual-machine,2,1,0b9260fbfce7d5246a6f264c7550c7cfa08f1dbf,shell_snapshot_restore_512_mib,ms,lower,41.5
linux-mshv-virtual-machine,2,1,0b9260fbfce7d5246a6f264c7550c7cfa08f1dbf,virtfs_live_read,MB/s,higher,1100
linux-mshv-virtual-machine,2,1,0b9260fbfce7d5246a6f264c7550c7cfa08f1dbf,virtfs_live_roundtrip,ms,lower,461.5
linux-mshv-virtual-machine,2,1,0b9260fbfce7d5246a6f264c7550c7cfa08f1dbf,virtfs_live_write,MB/s,higher,844.9
linux-mshv-virtual-machine,2,1,0b9260fbfce7d5246a6f264c7550c7cfa08f1dbf,virtio_blk_random_read_iops,ops/s,higher,7250.9838101
linux-mshv-virtual-machine,2,1,0b9260fbfce7d5246a6f264c7550c7cfa08f1dbf,virtio_blk_random_write_iops,ops/s,higher,7393.91333903
linux-mshv-virtual-machine,2,1,0b9260fbfce7d5246a6f264c7550c7cfa08f1dbf,virtio_fs_random_read_iops,ops/s,higher,10843.3373081
linux-mshv-virtual-machine,2,1,0b9260fbfce7d5246a6f264c7550c7cfa08f1dbf,virtio_fs_random_write_iops,ops/s,higher,11486.1519149
linux-mshv-virtual-machine,2,1,0b9260fbfce7d5246a6f264c7550c7cfa08f1dbf,virtio_net_udp_roundtrip_ops,ops/s,higher,6263.45896794
linux-mshv-virtual-machine,2,1,e05d05ff45f77daa1a733849b8eeb6f293450021,cold_start_base,ms,lower,296.9
linux-mshv-virtual-machine,2,1,e05d05ff45f77daa1a733849b8eeb6f293450021,cold_start_clocksource,ms,lower,296.5
linux-mshv-virtual-machine,2,1,e05d05ff45f77daa1a733849b8eeb6f293450021,cold_start_cryptomgr_notests,ms,lower,296.1
linux-mshv-virtual-machine,2,1,e05d05ff45f77daa1a733849b8eeb6f293450021,cold_start_mitigations_off,ms,lower,261.7
linux-mshv-virtual-machine,2,1,e05d05ff45f77daa1a733849b8eeb6f293450021,cold_start_no_timer_check,ms,lower,249.5
linux-mshv-virtual-machine,2,1,e05d05ff45f77daa1a733849b8eeb6f293450021,cold_start_nokaslr,ms,lower,296.9
linux-mshv-virtual-machine,2,1,e05d05ff45f77daa1a733849b8eeb6f293450021,cold_start_random_trust_cpu,ms,lower,297.4
linux-mshv-virtual-machine,2,1,e05d05ff45f77daa1a733849b8eeb6f293450021,cold_start_rcu_expedited,ms,lower,296.1
linux-mshv-virtual-machine,2,1,e05d05ff45f77daa1a733849b8eeb6f293450021,cold_start_tsc_reliable,ms,lower,296.3
linux-mshv-virtual-machine,2,1,e05d05ff45f77daa1a733849b8eeb6f293450021,network_snapshot_cold,ms,lower,303.5
linux-mshv-virtual-machine,2,1,e05d05ff45f77daa1a733849b8eeb6f293450021,network_snapshot_restore,ms,lower,35.1
linux-mshv-virtual-machine,2,1,e05d05ff45f77daa1a733849b8eeb6f293450021,network_snapshot_restore_wall,ms,lower,103.9
linux-mshv-virtual-machine,2,1,e05d05ff45f77daa1a733849b8eeb6f293450021,openvmm_cold_start,ms,lower,215.5157885
linux-mshv-virtual-machine,2,1,e05d05ff45f77daa1a733849b8eeb6f293450021,openvmm_cold_start_guest_exit_teardown,ms,lower,24.06812
linux-mshv-virtual-machine,2,1,e05d05ff45f77daa1a733849b8eeb6f293450021,openvmm_cold_start_peak_rss,MiB,lower,77.8203125
linux-mshv-virtual-machine,2,1,e05d05ff45f77daa1a733849b8eeb6f293450021,openvmm_snapshot_generation,ms,lower,3.3768795
linux-mshv-virtual-machine,2,1,e05d05ff45f77daa1a733849b8eeb6f293450021,openvmm_snapshot_generation_peak_rss,MiB,lower,80.38671875
linux-mshv-virtual-machine,2,1,e05d05ff45f77daa1a733849b8eeb6f293450021,openvmm_snapshot_restore,ms,lower,30.028513
linux-mshv-virtual-machine,2,1,e05d05ff45f77daa1a733849b8eeb6f293450021,openvmm_snapshot_restore_guest_exit_teardown,ms,lower,7.8370515
linux-mshv-virtual-machine,2,1,e05d05ff45f77daa1a733849b8eeb6f293450021,openvmm_snapshot_restore_peak_rss,MiB,lower,57.48828125
linux-mshv-virtual-machine,2,1,e05d05ff45f77daa1a733849b8eeb6f293450021,shell_snapshot_cold_128_mib,ms,lower,295.9
linux-mshv-virtual-machine,2,1,e05d05ff45f77daa1a733849b8eeb6f293450021,shell_snapshot_cold_256_mib,ms,lower,304.1
linux-mshv-virtual-machine,2,1,e05d05ff45f77daa1a733849b8eeb6f293450021,shell_snapshot_cold_512_mib,ms,lower,310.5
linux-mshv-virtual-machine,2,1,e05d05ff45f77daa1a733849b8eeb6f293450021,shell_snapshot_restore_128_mib,ms,lower,29.3
linux-mshv-virtual-machine,2,1,e05d05ff45f77daa1a733849b8eeb6f293450021,shell_snapshot_restore_256_mib,ms,lower,32.3
linux-mshv-virtual-machine,2,1,e05d05ff45f77daa1a733849b8eeb6f293450021,shell_snapshot_restore_512_mib,ms,lower,36
linux-mshv-virtual-machine,2,1,e05d05ff45f77daa1a733849b8eeb6f293450021,virtfs_live_read,MB/s,higher,1200
linux-mshv-virtual-machine,2,1,e05d05ff45f77daa1a733849b8eeb6f293450021,virtfs_live_roundtrip,ms,lower,445.7
linux-mshv-virtual-machine,2,1,e05d05ff45f77daa1a733849b8eeb6f293450021,virtfs_live_write,MB/s,higher,884.5
linux-mshv-virtual-machine,2,1,e05d05ff45f77daa1a733849b8eeb6f293450021,virtio_blk_random_read_iops,ops/s,higher,7471.22964134
linux-mshv-virtual-machine,2,1,e05d05ff45f77daa1a733849b8eeb6f293450021,virtio_blk_random_write_iops,ops/s,higher,7440.65795466
linux-mshv-virtual-machine,2,1,e05d05ff45f77daa1a733849b8eeb6f293450021,virtio_fs_random_read_iops,ops/s,higher,11088.0919465
linux-mshv-virtual-machine,2,1,e05d05ff45f77daa1a733849b8eeb6f293450021,virtio_fs_random_write_iops,ops/s,higher,11162.1629468
linux-mshv-virtual-machine,2,1,e05d05ff45f77daa1a733849b8eeb6f293450021,virtio_net_udp_roundtrip_ops,ops/s,higher,6087.35139323
linux-mshv-virtual-machine,2,1,1d68e7040479a1d25d09f38fe759589e315d125e,cold_start_base,ms,lower,307.9
linux-mshv-virtual-machine,2,1,1d68e7040479a1d25d09f38fe759589e315d125e,cold_start_clocksource,ms,lower,307.7
linux-mshv-virtual-machine,2,1,1d68e7040479a1d25d09f38fe759589e315d125e,cold_start_cryptomgr_notests,ms,lower,308
linux-mshv-virtual-machine,2,1,1d68e7040479a1d25d09f38fe759589e315d125e,cold_start_mitigations_off,ms,lower,272.6
linux-mshv-virtual-machine,2,1,1d68e7040479a1d25d09f38fe759589e315d125e,cold_start_no_timer_check,ms,lower,261.5
linux-mshv-virtual-machine,2,1,1d68e7040479a1d25d09f38fe759589e315d125e,cold_start_nokaslr,ms,lower,308.8
linux-mshv-virtual-machine,2,1,1d68e7040479a1d25d09f38fe759589e315d125e,cold_start_random_trust_cpu,ms,lower,308.7
linux-mshv-virtual-machine,2,1,1d68e7040479a1d25d09f38fe759589e315d125e,cold_start_rcu_expedited,ms,lower,308.1
linux-mshv-virtual-machine,2,1,1d68e7040479a1d25d09f38fe759589e315d125e,cold_start_tsc_reliable,ms,lower,308
linux-mshv-virtual-machine,2,1,1d68e7040479a1d25d09f38fe759589e315d125e,network_snapshot_cold,ms,lower,315.5
linux-mshv-virtual-machine,2,1,1d68e7040479a1d25d09f38fe759589e315d125e,network_snapshot_restore,ms,lower,41
linux-mshv-virtual-machine,2,1,1d68e7040479a1d25d09f38fe759589e315d125e,network_snapshot_restore_wall,ms,lower,114
linux-mshv-virtual-machine,2,1,1d68e7040479a1d25d09f38fe759589e315d125e,openvmm_cold_start,ms,lower,227.531211
linux-mshv-virtual-machine,2,1,1d68e7040479a1d25d09f38fe759589e315d125e,openvmm_cold_start_guest_exit_teardown,ms,lower,24.690925
linux-mshv-virtual-machine,2,1,1d68e7040479a1d25d09f38fe759589e315d125e,openvmm_cold_start_peak_rss,MiB,lower,77.8203125
linux-mshv-virtual-machine,2,1,1d68e7040479a1d25d09f38fe759589e315d125e,openvmm_snapshot_generation,ms,lower,3.94613
linux-mshv-virtual-machine,2,1,1d68e7040479a1d25d09f38fe759589e315d125e,openvmm_snapshot_generation_peak_rss,MiB,lower,80.375
linux-mshv-virtual-machine,2,1,1d68e7040479a1d25d09f38fe759589e315d125e,openvmm_snapshot_restore,ms,lower,34.924676
linux-mshv-virtual-machine,2,1,1d68e7040479a1d25d09f38fe759589e315d125e,openvmm_snapshot_restore_guest_exit_teardown,ms,lower,8.560507
linux-mshv-virtual-machine,2,1,1d68e7040479a1d25d09f38fe759589e315d125e,openvmm_snapshot_restore_peak_rss,MiB,lower,57.48828125
linux-mshv-virtual-machine,2,1,1d68e7040479a1d25d09f38fe759589e315d125e,shell_snapshot_cold_128_mib,ms,lower,308.5
linux-mshv-virtual-machine,2,1,1d68e7040479a1d25d09f38fe759589e315d125e,shell_snapshot_cold_256_mib,ms,lower,313.4
linux-mshv-virtual-machine,2,1,1d68e7040479a1d25d09f38fe759589e315d125e,shell_snapshot_cold_512_mib,ms,lower,320.1
linux-mshv-virtual-machine,2,1,1d68e7040479a1d25d09f38fe759589e315d125e,shell_snapshot_restore_128_mib,ms,lower,34.1
linux-mshv-virtual-machine,2,1,1d68e7040479a1d25d09f38fe759589e315d125e,shell_snapshot_restore_256_mib,ms,lower,37.6
linux-mshv-virtual-machine,2,1,1d68e7040479a1d25d09f38fe759589e315d125e,shell_snapshot_restore_512_mib,ms,lower,41.4
linux-mshv-virtual-machine,2,1,1d68e7040479a1d25d09f38fe759589e315d125e,virtfs_live_read,MB/s,higher,1100
linux-mshv-virtual-machine,2,1,1d68e7040479a1d25d09f38fe759589e315d125e,virtfs_live_roundtrip,ms,lower,473.2
linux-mshv-virtual-machine,2,1,1d68e7040479a1d25d09f38fe759589e315d125e,virtfs_live_write,MB/s,higher,846.2
linux-mshv-virtual-machine,2,1,1d68e7040479a1d25d09f38fe759589e315d125e,virtio_blk_random_read_iops,ops/s,higher,7507.8508987
linux-mshv-virtual-machine,2,1,1d68e7040479a1d25d09f38fe759589e315d125e,virtio_blk_random_write_iops,ops/s,higher,7386.89480757
linux-mshv-virtual-machine,2,1,1d68e7040479a1d25d09f38fe759589e315d125e,virtio_fs_random_read_iops,ops/s,higher,11468.7943866
linux-mshv-virtual-machine,2,1,1d68e7040479a1d25d09f38fe759589e315d125e,virtio_fs_random_write_iops,ops/s,higher,11475.9468125
linux-mshv-virtual-machine,2,1,1d68e7040479a1d25d09f38fe759589e315d125e,virtio_net_udp_roundtrip_ops,ops/s,higher,6301.4203716
linux-mshv-virtual-machine,2,1,06a42f826c1a581b5b8a0508917ac9f2e4346a6d,cold_start_base,ms,lower,310.1
linux-mshv-virtual-machine,2,1,06a42f826c1a581b5b8a0508917ac9f2e4346a6d,cold_start_clocksource,ms,lower,310.5
linux-mshv-virtual-machine,2,1,06a42f826c1a581b5b8a0508917ac9f2e4346a6d,cold_start_cryptomgr_notests,ms,lower,310.5
linux-mshv-virtual-machine,2,1,06a42f826c1a581b5b8a0508917ac9f2e4346a6d,cold_start_mitigations_off,ms,lower,275
linux-mshv-virtual-machine,2,1,06a42f826c1a581b5b8a0508917ac9f2e4346a6d,cold_start_no_timer_check,ms,lower,265.7
linux-mshv-virtual-machine,2,1,06a42f826c1a581b5b8a0508917ac9f2e4346a6d,cold_start_nokaslr,ms,lower,311.5
linux-mshv-virtual-machine,2,1,06a42f826c1a581b5b8a0508917ac9f2e4346a6d,cold_start_random_trust_cpu,ms,lower,310
linux-mshv-virtual-machine,2,1,06a42f826c1a581b5b8a0508917ac9f2e4346a6d,cold_start_rcu_expedited,ms,lower,310.8
linux-mshv-virtual-machine,2,1,06a42f826c1a581b5b8a0508917ac9f2e4346a6d,cold_start_tsc_reliable,ms,lower,310.1
linux-mshv-virtual-machine,2,1,06a42f826c1a581b5b8a0508917ac9f2e4346a6d,network_snapshot_cold,ms,lower,315.1
linux-mshv-virtual-machine,2,1,06a42f826c1a581b5b8a0508917ac9f2e4346a6d,network_snapshot_restore,ms,lower,40.2
linux-mshv-virtual-machine,2,1,06a42f826c1a581b5b8a0508917ac9f2e4346a6d,network_snapshot_restore_wall,ms,lower,112.8
linux-mshv-virtual-machine,2,1,06a42f826c1a581b5b8a0508917ac9f2e4346a6d,openvmm_cold_start,ms,lower,227.5995655
linux-mshv-virtual-machine,2,1,06a42f826c1a581b5b8a0508917ac9f2e4346a6d,openvmm_cold_start_guest_exit_teardown,ms,lower,25.18711
linux-mshv-virtual-machine,2,1,06a42f826c1a581b5b8a0508917ac9f2e4346a6d,openvmm_cold_start_peak_rss,MiB,lower,77.8203125
linux-mshv-virtual-machine,2,1,06a42f826c1a581b5b8a0508917ac9f2e4346a6d,openvmm_snapshot_generation,ms,lower,3.832181
linux-mshv-virtual-machine,2,1,06a42f826c1a581b5b8a0508917ac9f2e4346a6d,openvmm_snapshot_generation_peak_rss,MiB,lower,80.37890625
linux-mshv-virtual-machine,2,1,06a42f826c1a581b5b8a0508917ac9f2e4346a6d,openvmm_snapshot_restore,ms,lower,33.1978395
linux-mshv-virtual-machine,2,1,06a42f826c1a581b5b8a0508917ac9f2e4346a6d,openvmm_snapshot_restore_guest_exit_teardown,ms,lower,8.452972
linux-mshv-virtual-machine,2,1,06a42f826c1a581b5b8a0508917ac9f2e4346a6d,openvmm_snapshot_restore_peak_rss,MiB,lower,57.4921875
linux-mshv-virtual-machine,2,1,06a42f826c1a581b5b8a0508917ac9f2e4346a6d,shell_snapshot_cold_128_mib,ms,lower,310.4
linux-mshv-virtual-machine,2,1,06a42f826c1a581b5b8a0508917ac9f2e4346a6d,shell_snapshot_cold_256_mib,ms,lower,314.6
linux-mshv-virtual-machine,2,1,06a42f826c1a581b5b8a0508917ac9f2e4346a6d,shell_snapshot_cold_512_mib,ms,lower,319.4
linux-mshv-virtual-machine,2,1,06a42f826c1a581b5b8a0508917ac9f2e4346a6d,shell_snapshot_restore_128_mib,ms,lower,33
linux-mshv-virtual-machine,2,1,06a42f826c1a581b5b8a0508917ac9f2e4346a6d,shell_snapshot_restore_256_mib,ms,lower,34.9
linux-mshv-virtual-machine,2,1,06a42f826c1a581b5b8a0508917ac9f2e4346a6d,shell_snapshot_restore_512_mib,ms,lower,38.3
linux-mshv-virtual-machine,2,1,06a42f826c1a581b5b8a0508917ac9f2e4346a6d,virtfs_live_read,MB/s,higher,1100
linux-mshv-virtual-machine,2,1,06a42f826c1a581b5b8a0508917ac9f2e4346a6d,virtfs_live_roundtrip,ms,lower,463.5
linux-mshv-virtual-machine,2,1,06a42f826c1a581b5b8a0508917ac9f2e4346a6d,virtfs_live_write,MB/s,higher,860.9
linux-mshv-virtual-machine,2,1,06a42f826c1a581b5b8a0508917ac9f2e4346a6d,virtio_blk_random_read_iops,ops/s,higher,7222.43892476
linux-mshv-virtual-machine,2,1,06a42f826c1a581b5b8a0508917ac9f2e4346a6d,virtio_blk_random_write_iops,ops/s,higher,7206.5349412
linux-mshv-virtual-machine,2,1,06a42f826c1a581b5b8a0508917ac9f2e4346a6d,virtio_fs_random_read_iops,ops/s,higher,10898.071727
linux-mshv-virtual-machine,2,1,06a42f826c1a581b5b8a0508917ac9f2e4346a6d,virtio_fs_random_write_iops,ops/s,higher,11904.8645762
linux-mshv-virtual-machine,2,1,06a42f826c1a581b5b8a0508917ac9f2e4346a6d,virtio_net_udp_roundtrip_ops,ops/s,higher,6122.23464861
linux-mshv-virtual-machine,2,1,81238bb0b30ff36c222cb438c0d222d8f004a1c4,cold_start_base,ms,lower,294.1
linux-mshv-virtual-machine,2,1,81238bb0b30ff36c222cb438c0d222d8f004a1c4,cold_start_clocksource,ms,lower,293.9
linux-mshv-virtual-machine,2,1,81238bb0b30ff36c222cb438c0d222d8f004a1c4,cold_start_cryptomgr_notests,ms,lower,294.2
linux-mshv-virtual-machine,2,1,81238bb0b30ff36c222cb438c0d222d8f004a1c4,cold_start_mitigations_off,ms,lower,258.1
linux-mshv-virtual-machine,2,1,81238bb0b30ff36c222cb438c0d222d8f004a1c4,cold_start_no_timer_check,ms,lower,249
linux-mshv-virtual-machine,2,1,81238bb0b30ff36c222cb438c0d222d8f004a1c4,cold_start_nokaslr,ms,lower,295.4
linux-mshv-virtual-machine,2,1,81238bb0b30ff36c222cb438c0d222d8f004a1c4,cold_start_random_trust_cpu,ms,lower,292.9
linux-mshv-virtual-machine,2,1,81238bb0b30ff36c222cb438c0d222d8f004a1c4,cold_start_rcu_expedited,ms,lower,293.1
linux-mshv-virtual-machine,2,1,81238bb0b30ff36c222cb438c0d222d8f004a1c4,cold_start_tsc_reliable,ms,lower,293.3
linux-mshv-virtual-machine,2,1,81238bb0b30ff36c222cb438c0d222d8f004a1c4,network_snapshot_cold,ms,lower,301.2
linux-mshv-virtual-machine,2,1,81238bb0b30ff36c222cb438c0d222d8f004a1c4,network_snapshot_restore,ms,lower,34.8
linux-mshv-virtual-machine,2,1,81238bb0b30ff36c222cb438c0d222d8f004a1c4,network_snapshot_restore_wall,ms,lower,105.8
linux-mshv-virtual-machine,2,1,81238bb0b30ff36c222cb438c0d222d8f004a1c4,openvmm_cold_start,ms,lower,214.4193395
linux-mshv-virtual-machine,2,1,81238bb0b30ff36c222cb438c0d222d8f004a1c4,openvmm_cold_start_guest_exit_teardown,ms,lower,25.0201485
linux-mshv-virtual-machine,2,1,81238bb0b30ff36c222cb438c0d222d8f004a1c4,openvmm_cold_start_peak_rss,MiB,lower,78.01171875
linux-mshv-virtual-machine,2,1,81238bb0b30ff36c222cb438c0d222d8f004a1c4,openvmm_snapshot_generation,ms,lower,3.2578735
linux-mshv-virtual-machine,2,1,81238bb0b30ff36c222cb438c0d222d8f004a1c4,openvmm_snapshot_generation_peak_rss,MiB,lower,80.623046875
linux-mshv-virtual-machine,2,1,81238bb0b30ff36c222cb438c0d222d8f004a1c4,openvmm_snapshot_restore,ms,lower,27.927444
linux-mshv-virtual-machine,2,1,81238bb0b30ff36c222cb438c0d222d8f004a1c4,openvmm_snapshot_restore_guest_exit_teardown,ms,lower,7.575144
linux-mshv-virtual-machine,2,1,81238bb0b30ff36c222cb438c0d222d8f004a1c4,openvmm_snapshot_restore_peak_rss,MiB,lower,57.8671875
linux-mshv-virtual-machine,2,1,81238bb0b30ff36c222cb438c0d222d8f004a1c4,shell_snapshot_cold_128_mib,ms,lower,295
linux-mshv-virtual-machine,2,1,81238bb0b30ff36c222cb438c0d222d8f004a1c4,shell_snapshot_cold_256_mib,ms,lower,294.4
linux-mshv-virtual-machine,2,1,81238bb0b30ff36c222cb438c0d222d8f004a1c4,shell_snapshot_cold_512_mib,ms,lower,300.3
linux-mshv-virtual-machine,2,1,81238bb0b30ff36c222cb438c0d222d8f004a1c4,shell_snapshot_restore_128_mib,ms,lower,27.3
linux-mshv-virtual-machine,2,1,81238bb0b30ff36c222cb438c0d222d8f004a1c4,shell_snapshot_restore_256_mib,ms,lower,30.7
linux-mshv-virtual-machine,2,1,81238bb0b30ff36c222cb438c0d222d8f004a1c4,shell_snapshot_restore_512_mib,ms,lower,34.5
linux-mshv-virtual-machine,2,1,81238bb0b30ff36c222cb438c0d222d8f004a1c4,virtfs_live_read,MB/s,higher,1200
linux-mshv-virtual-machine,2,1,81238bb0b30ff36c222cb438c0d222d8f004a1c4,virtfs_live_roundtrip,ms,lower,451.6
linux-mshv-virtual-machine,2,1,81238bb0b30ff36c222cb438c0d222d8f004a1c4,virtfs_live_write,MB/s,higher,894.8
linux-mshv-virtual-machine,2,1,81238bb0b30ff36c222cb438c0d222d8f004a1c4,virtio_blk_random_read_iops,ops/s,higher,7272.87728346
linux-mshv-virtual-machine,2,1,81238bb0b30ff36c222cb438c0d222d8f004a1c4,virtio_blk_random_write_iops,ops/s,higher,7406.6629185
linux-mshv-virtual-machine,2,1,81238bb0b30ff36c222cb438c0d222d8f004a1c4,virtio_fs_random_read_iops,ops/s,higher,10876.1705057
linux-mshv-virtual-machine,2,1,81238bb0b30ff36c222cb438c0d222d8f004a1c4,virtio_fs_random_write_iops,ops/s,higher,10826.4792861
linux-mshv-virtual-machine,2,1,81238bb0b30ff36c222cb438c0d222d8f004a1c4,virtio_net_udp_roundtrip_ops,ops/s,higher,6075.09788493
linux-mshv-virtual-machine,2,1,454eea10992a66154b88fc8fa2cc205910aab527,cold_start_base,ms,lower,300
linux-mshv-virtual-machine,2,1,454eea10992a66154b88fc8fa2cc205910aab527,cold_start_clocksource,ms,lower,299.9
linux-mshv-virtual-machine,2,1,454eea10992a66154b88fc8fa2cc205910aab527,cold_start_cryptomgr_notests,ms,lower,298.6
linux-mshv-virtual-machine,2,1,454eea10992a66154b88fc8fa2cc205910aab527,cold_start_mitigations_off,ms,lower,262.6
linux-mshv-virtual-machine,2,1,454eea10992a66154b88fc8fa2cc205910aab527,cold_start_no_timer_check,ms,lower,253.7
linux-mshv-virtual-machine,2,1,454eea10992a66154b88fc8fa2cc205910aab527,cold_start_nokaslr,ms,lower,298.3
linux-mshv-virtual-machine,2,1,454eea10992a66154b88fc8fa2cc205910aab527,cold_start_random_trust_cpu,ms,lower,298.9
linux-mshv-virtual-machine,2,1,454eea10992a66154b88fc8fa2cc205910aab527,cold_start_rcu_expedited,ms,lower,299.3
linux-mshv-virtual-machine,2,1,454eea10992a66154b88fc8fa2cc205910aab527,cold_start_tsc_reliable,ms,lower,300.6
linux-mshv-virtual-machine,2,1,454eea10992a66154b88fc8fa2cc205910aab527,network_snapshot_cold,ms,lower,304.5
linux-mshv-virtual-machine,2,1,454eea10992a66154b88fc8fa2cc205910aab527,network_snapshot_restore,ms,lower,34.9
linux-mshv-virtual-machine,2,1,454eea10992a66154b88fc8fa2cc205910aab527,network_snapshot_restore_wall,ms,lower,100.1
linux-mshv-virtual-machine,2,1,454eea10992a66154b88fc8fa2cc205910aab527,openvmm_cold_start,ms,lower,218.114834
linux-mshv-virtual-machine,2,1,454eea10992a66154b88fc8fa2cc205910aab527,openvmm_cold_start_guest_exit_teardown,ms,lower,25.293627
linux-mshv-virtual-machine,2,1,454eea10992a66154b88fc8fa2cc205910aab527,openvmm_cold_start_peak_rss,MiB,lower,78.01171875
linux-mshv-virtual-machine,2,1,454eea10992a66154b88fc8fa2cc205910aab527,openvmm_snapshot_generation,ms,lower,3.853632
linux-mshv-virtual-machine,2,1,454eea10992a66154b88fc8fa2cc205910aab527,openvmm_snapshot_generation_peak_rss,MiB,lower,80.634765625
linux-mshv-virtual-machine,2,1,454eea10992a66154b88fc8fa2cc205910aab527,openvmm_snapshot_restore,ms,lower,29.8304605
linux-mshv-virtual-machine,2,1,454eea10992a66154b88fc8fa2cc205910aab527,openvmm_snapshot_restore_guest_exit_teardown,ms,lower,7.559565
linux-mshv-virtual-machine,2,1,454eea10992a66154b88fc8fa2cc205910aab527,openvmm_snapshot_restore_peak_rss,MiB,lower,57.8671875
linux-mshv-virtual-machine,2,1,454eea10992a66154b88fc8fa2cc205910aab527,shell_snapshot_cold_128_mib,ms,lower,298.5
linux-mshv-virtual-machine,2,1,454eea10992a66154b88fc8fa2cc205910aab527,shell_snapshot_cold_256_mib,ms,lower,299.4
linux-mshv-virtual-machine,2,1,454eea10992a66154b88fc8fa2cc205910aab527,shell_snapshot_cold_512_mib,ms,lower,305.5
linux-mshv-virtual-machine,2,1,454eea10992a66154b88fc8fa2cc205910aab527,shell_snapshot_restore_128_mib,ms,lower,28.4
linux-mshv-virtual-machine,2,1,454eea10992a66154b88fc8fa2cc205910aab527,shell_snapshot_restore_256_mib,ms,lower,31.8
linux-mshv-virtual-machine,2,1,454eea10992a66154b88fc8fa2cc205910aab527,shell_snapshot_restore_512_mib,ms,lower,35.3
linux-mshv-virtual-machine,2,1,454eea10992a66154b88fc8fa2cc205910aab527,virtfs_live_read,MB/s,higher,1200
linux-mshv-virtual-machine,2,1,454eea10992a66154b88fc8fa2cc205910aab527,virtfs_live_roundtrip,ms,lower,451.4
linux-mshv-virtual-machine,2,1,454eea10992a66154b88fc8fa2cc205910aab527,virtfs_live_write,MB/s,higher,901.7
linux-mshv-virtual-machine,2,1,454eea10992a66154b88fc8fa2cc205910aab527,virtio_blk_random_read_iops,ops/s,higher,7353.30740202
linux-mshv-virtual-machine,2,1,454eea10992a66154b88fc8fa2cc205910aab527,virtio_blk_random_write_iops,ops/s,higher,7495.13612173
linux-mshv-virtual-machine,2,1,454eea10992a66154b88fc8fa2cc205910aab527,virtio_fs_random_read_iops,ops/s,higher,10539.9366611
linux-mshv-virtual-machine,2,1,454eea10992a66154b88fc8fa2cc205910aab527,virtio_fs_random_write_iops,ops/s,higher,10799.2325789
linux-mshv-virtual-machine,2,1,454eea10992a66154b88fc8fa2cc205910aab527,virtio_net_udp_roundtrip_ops,ops/s,higher,6151.64488564
linux-mshv-virtual-machine,2,1,a9202f8632f8cb9076a72898d3759658c726d370,cold_start_base,ms,lower,302.9
linux-mshv-virtual-machine,2,1,a9202f8632f8cb9076a72898d3759658c726d370,cold_start_clocksource,ms,lower,303.7
linux-mshv-virtual-machine,2,1,a9202f8632f8cb9076a72898d3759658c726d370,cold_start_cryptomgr_notests,ms,lower,303.4
linux-mshv-virtual-machine,2,1,a9202f8632f8cb9076a72898d3759658c726d370,cold_start_mitigations_off,ms,lower,267.3
linux-mshv-virtual-machine,2,1,a9202f8632f8cb9076a72898d3759658c726d370,cold_start_no_timer_check,ms,lower,257.5
linux-mshv-virtual-machine,2,1,a9202f8632f8cb9076a72898d3759658c726d370,cold_start_nokaslr,ms,lower,302.9
linux-mshv-virtual-machine,2,1,a9202f8632f8cb9076a72898d3759658c726d370,cold_start_random_trust_cpu,ms,lower,302.6
linux-mshv-virtual-machine,2,1,a9202f8632f8cb9076a72898d3759658c726d370,cold_start_rcu_expedited,ms,lower,303.1
linux-mshv-virtual-machine,2,1,a9202f8632f8cb9076a72898d3759658c726d370,cold_start_tsc_reliable,ms,lower,303.6
linux-mshv-virtual-machine,2,1,a9202f8632f8cb9076a72898d3759658c726d370,network_snapshot_cold,ms,lower,313.6
linux-mshv-virtual-machine,2,1,a9202f8632f8cb9076a72898d3759658c726d370,network_snapshot_restore,ms,lower,39.8
linux-mshv-virtual-machine,2,1,a9202f8632f8cb9076a72898d3759658c726d370,network_snapshot_restore_wall,ms,lower,117.9
linux-mshv-virtual-machine,2,1,a9202f8632f8cb9076a72898d3759658c726d370,openvmm_cold_start,ms,lower,222.970995
linux-mshv-virtual-machine,2,1,a9202f8632f8cb9076a72898d3759658c726d370,openvmm_cold_start_guest_exit_teardown,ms,lower,25.2566495
linux-mshv-virtual-machine,2,1,a9202f8632f8cb9076a72898d3759658c726d370,openvmm_cold_start_peak_rss,MiB,lower,77.76171875
linux-mshv-virtual-machine,2,1,a9202f8632f8cb9076a72898d3759658c726d370,openvmm_snapshot_generation,ms,lower,4.006766
linux-mshv-virtual-machine,2,1,a9202f8632f8cb9076a72898d3759658c726d370,openvmm_snapshot_generation_peak_rss,MiB,lower,80.328125
linux-mshv-virtual-machine,2,1,a9202f8632f8cb9076a72898d3759658c726d370,openvmm_snapshot_restore,ms,lower,32.7555395
linux-mshv-virtual-machine,2,1,a9202f8632f8cb9076a72898d3759658c726d370,openvmm_snapshot_restore_guest_exit_teardown,ms,lower,8.189672
linux-mshv-virtual-machine,2,1,a9202f8632f8cb9076a72898d3759658c726d370,openvmm_snapshot_restore_peak_rss,MiB,lower,57.4921875
linux-mshv-virtual-machine,2,1,a9202f8632f8cb9076a72898d3759658c726d370,shell_snapshot_cold_128_mib,ms,lower,303.8
linux-mshv-virtual-machine,2,1,a9202f8632f8cb9076a72898d3759658c726d370,shell_snapshot_cold_256_mib,ms,lower,307.3
linux-mshv-virtual-machine,2,1,a9202f8632f8cb9076a72898d3759658c726d370,shell_snapshot_cold_512_mib,ms,lower,315
linux-mshv-virtual-machine,2,1,a9202f8632f8cb9076a72898d3759658c726d370,shell_snapshot_restore_128_mib,ms,lower,32
linux-mshv-virtual-machine,2,1,a9202f8632f8cb9076a72898d3759658c726d370,shell_snapshot_restore_256_mib,ms,lower,36.3
linux-mshv-virtual-machine,2,1,a9202f8632f8cb9076a72898d3759658c726d370,shell_snapshot_restore_512_mib,ms,lower,41.4
linux-mshv-virtual-machine,2,1,a9202f8632f8cb9076a72898d3759658c726d370,virtfs_live_read,MB/s,higher,1100
linux-mshv-virtual-machine,2,1,a9202f8632f8cb9076a72898d3759658c726d370,virtfs_live_roundtrip,ms,lower,463.5
linux-mshv-virtual-machine,2,1,a9202f8632f8cb9076a72898d3759658c726d370,virtfs_live_write,MB/s,higher,864.6
linux-mshv-virtual-machine,2,1,a9202f8632f8cb9076a72898d3759658c726d370,virtio_blk_random_read_iops,ops/s,higher,7343.17683302
linux-mshv-virtual-machine,2,1,a9202f8632f8cb9076a72898d3759658c726d370,virtio_blk_random_write_iops,ops/s,higher,7218.60132481
linux-mshv-virtual-machine,2,1,a9202f8632f8cb9076a72898d3759658c726d370,virtio_fs_random_read_iops,ops/s,higher,10802.6339938
linux-mshv-virtual-machine,2,1,a9202f8632f8cb9076a72898d3759658c726d370,virtio_fs_random_write_iops,ops/s,higher,11032.9411554
linux-mshv-virtual-machine,2,1,a9202f8632f8cb9076a72898d3759658c726d370,virtio_net_udp_roundtrip_ops,ops/s,higher,6142.59780393
linux-mshv-virtual-machine,2,1,2bbf39bd10852d76b6a0791638e0ae45e434c8fc,cold_start_base,ms,lower,305
linux-mshv-virtual-machine,2,1,2bbf39bd10852d76b6a0791638e0ae45e434c8fc,cold_start_clocksource,ms,lower,305.8
linux-mshv-virtual-machine,2,1,2bbf39bd10852d76b6a0791638e0ae45e434c8fc,cold_start_cryptomgr_notests,ms,lower,306.7
linux-mshv-virtual-machine,2,1,2bbf39bd10852d76b6a0791638e0ae45e434c8fc,cold_start_mitigations_off,ms,lower,271.4
linux-mshv-virtual-machine,2,1,2bbf39bd10852d76b6a0791638e0ae45e434c8fc,cold_start_no_timer_check,ms,lower,260.7
linux-mshv-virtual-machine,2,1,2bbf39bd10852d76b6a0791638e0ae45e434c8fc,cold_start_nokaslr,ms,lower,306.1
linux-mshv-virtual-machine,2,1,2bbf39bd10852d76b6a0791638e0ae45e434c8fc,cold_start_random_trust_cpu,ms,lower,305.9
linux-mshv-virtual-machine,2,1,2bbf39bd10852d76b6a0791638e0ae45e434c8fc,cold_start_rcu_expedited,ms,lower,306.2
linux-mshv-virtual-machine,2,1,2bbf39bd10852d76b6a0791638e0ae45e434c8fc,cold_start_tsc_reliable,ms,lower,305.3
linux-mshv-virtual-machine,2,1,2bbf39bd10852d76b6a0791638e0ae45e434c8fc,network_snapshot_cold,ms,lower,314.7
linux-mshv-virtual-machine,2,1,2bbf39bd10852d76b6a0791638e0ae45e434c8fc,network_snapshot_restore,ms,lower,42.8
linux-mshv-virtual-machine,2,1,2bbf39bd10852d76b6a0791638e0ae45e434c8fc,network_snapshot_restore_wall,ms,lower,115.7
linux-mshv-virtual-machine,2,1,2bbf39bd10852d76b6a0791638e0ae45e434c8fc,openvmm_cold_start,ms,lower,224.461037
linux-mshv-virtual-machine,2,1,2bbf39bd10852d76b6a0791638e0ae45e434c8fc,openvmm_cold_start_guest_exit_teardown,ms,lower,25.4306685
linux-mshv-virtual-machine,2,1,2bbf39bd10852d76b6a0791638e0ae45e434c8fc,openvmm_cold_start_peak_rss,MiB,lower,77.76171875
linux-mshv-virtual-machine,2,1,2bbf39bd10852d76b6a0791638e0ae45e434c8fc,openvmm_snapshot_generation,ms,lower,3.76238
linux-mshv-virtual-machine,2,1,2bbf39bd10852d76b6a0791638e0ae45e434c8fc,openvmm_snapshot_generation_peak_rss,MiB,lower,80.36328125
linux-mshv-virtual-machine,2,1,2bbf39bd10852d76b6a0791638e0ae45e434c8fc,openvmm_snapshot_restore,ms,lower,33.9085685
linux-mshv-virtual-machine,2,1,2bbf39bd10852d76b6a0791638e0ae45e434c8fc,openvmm_snapshot_restore_guest_exit_teardown,ms,lower,8.203256
linux-mshv-virtual-machine,2,1,2bbf39bd10852d76b6a0791638e0ae45e434c8fc,openvmm_snapshot_restore_peak_rss,MiB,lower,57.4921875
linux-mshv-virtual-machine,2,1,2bbf39bd10852d76b6a0791638e0ae45e434c8fc,shell_snapshot_cold_128_mib,ms,lower,306.7
linux-mshv-virtual-machine,2,1,2bbf39bd10852d76b6a0791638e0ae45e434c8fc,shell_snapshot_cold_256_mib,ms,lower,310.6
linux-mshv-virtual-machine,2,1,2bbf39bd10852d76b6a0791638e0ae45e434c8fc,shell_snapshot_cold_512_mib,ms,lower,316.3
linux-mshv-virtual-machine,2,1,2bbf39bd10852d76b6a0791638e0ae45e434c8fc,shell_snapshot_restore_128_mib,ms,lower,33.9
linux-mshv-virtual-machine,2,1,2bbf39bd10852d76b6a0791638e0ae45e434c8fc,shell_snapshot_restore_256_mib,ms,lower,36.1
linux-mshv-virtual-machine,2,1,2bbf39bd10852d76b6a0791638e0ae45e434c8fc,shell_snapshot_restore_512_mib,ms,lower,40.7
linux-mshv-virtual-machine,2,1,2bbf39bd10852d76b6a0791638e0ae45e434c8fc,virtfs_live_read,MB/s,higher,1100
linux-mshv-virtual-machine,2,1,2bbf39bd10852d76b6a0791638e0ae45e434c8fc,virtfs_live_roundtrip,ms,lower,463.3
linux-mshv-virtual-machine,2,1,2bbf39bd10852d76b6a0791638e0ae45e434c8fc,virtfs_live_write,MB/s,higher,845.7
linux-mshv-virtual-machine,2,1,2bbf39bd10852d76b6a0791638e0ae45e434c8fc,virtio_blk_random_read_iops,ops/s,higher,7636.05755411
linux-mshv-virtual-machine,2,1,2bbf39bd10852d76b6a0791638e0ae45e434c8fc,virtio_blk_random_write_iops,ops/s,higher,7526.96979606
linux-mshv-virtual-machine,2,1,2bbf39bd10852d76b6a0791638e0ae45e434c8fc,virtio_fs_random_read_iops,ops/s,higher,10774.7317657
linux-mshv-virtual-machine,2,1,2bbf39bd10852d76b6a0791638e0ae45e434c8fc,virtio_fs_random_write_iops,ops/s,higher,10706.7026698
linux-mshv-virtual-machine,2,1,2bbf39bd10852d76b6a0791638e0ae45e434c8fc,virtio_net_udp_roundtrip_ops,ops/s,higher,6369.97652835
linux-mshv-virtual-machine,2,1,4c6144e15d64395a1c4be48d0e9b701e5ec7683f,cold_start_base,ms,lower,283.5
linux-mshv-virtual-machine,2,1,4c6144e15d64395a1c4be48d0e9b701e5ec7683f,cold_start_clocksource,ms,lower,284.8
linux-mshv-virtual-machine,2,1,4c6144e15d64395a1c4be48d0e9b701e5ec7683f,cold_start_cryptomgr_notests,ms,lower,285.6
linux-mshv-virtual-machine,2,1,4c6144e15d64395a1c4be48d0e9b701e5ec7683f,cold_start_mitigations_off,ms,lower,251.9
linux-mshv-virtual-machine,2,1,4c6144e15d64395a1c4be48d0e9b701e5ec7683f,cold_start_no_timer_check,ms,lower,241.4
linux-mshv-virtual-machine,2,1,4c6144e15d64395a1c4be48d0e9b701e5ec7683f,cold_start_nokaslr,ms,lower,285.4
linux-mshv-virtual-machine,2,1,4c6144e15d64395a1c4be48d0e9b701e5ec7683f,cold_start_random_trust_cpu,ms,lower,284.6
linux-mshv-virtual-machine,2,1,4c6144e15d64395a1c4be48d0e9b701e5ec7683f,cold_start_rcu_expedited,ms,lower,284.8
linux-mshv-virtual-machine,2,1,4c6144e15d64395a1c4be48d0e9b701e5ec7683f,cold_start_tsc_reliable,ms,lower,286.7
linux-mshv-virtual-machine,2,1,4c6144e15d64395a1c4be48d0e9b701e5ec7683f,network_snapshot_cold,ms,lower,293.6
linux-mshv-virtual-machine,2,1,4c6144e15d64395a1c4be48d0e9b701e5ec7683f,network_snapshot_restore,ms,lower,43.6
linux-mshv-virtual-machine,2,1,4c6144e15d64395a1c4be48d0e9b701e5ec7683f,network_snapshot_restore_wall,ms,lower,116
linux-mshv-virtual-machine,2,1,4c6144e15d64395a1c4be48d0e9b701e5ec7683f,openvmm_cold_start,ms,lower,207.3768855
linux-mshv-virtual-machine,2,1,4c6144e15d64395a1c4be48d0e9b701e5ec7683f,openvmm_cold_start_guest_exit_teardown,ms,lower,23.9740675
linux-mshv-virtual-machine,2,1,4c6144e15d64395a1c4be48d0e9b701e5ec7683f,openvmm_cold_start_peak_rss,MiB,lower,78.09375
linux-mshv-virtual-machine,2,1,4c6144e15d64395a1c4be48d0e9b701e5ec7683f,openvmm_snapshot_generation,ms,lower,3.9375115
linux-mshv-virtual-machine,2,1,4c6144e15d64395a1c4be48d0e9b701e5ec7683f,openvmm_snapshot_generation_peak_rss,MiB,lower,80.484375
linux-mshv-virtual-machine,2,1,4c6144e15d64395a1c4be48d0e9b701e5ec7683f,openvmm_snapshot_restore,ms,lower,36.096048
linux-mshv-virtual-machine,2,1,4c6144e15d64395a1c4be48d0e9b701e5ec7683f,openvmm_snapshot_restore_guest_exit_teardown,ms,lower,9.23966
linux-mshv-virtual-machine,2,1,4c6144e15d64395a1c4be48d0e9b701e5ec7683f,openvmm_snapshot_restore_peak_rss,MiB,lower,57.888671875
linux-mshv-virtual-machine,2,1,4c6144e15d64395a1c4be48d0e9b701e5ec7683f,shell_snapshot_cold_128_mib,ms,lower,287.3
linux-mshv-virtual-machine,2,1,4c6144e15d64395a1c4be48d0e9b701e5ec7683f,shell_snapshot_cold_256_mib,ms,lower,289
linux-mshv-virtual-machine,2,1,4c6144e15d64395a1c4be48d0e9b701e5ec7683f,shell_snapshot_cold_512_mib,ms,lower,297.4
linux-mshv-virtual-machine,2,1,4c6144e15d64395a1c4be48d0e9b701e5ec7683f,shell_snapshot_restore_128_mib,ms,lower,35.8
linux-mshv-virtual-machine,2,1,4c6144e15d64395a1c4be48d0e9b701e5ec7683f,shell_snapshot_restore_256_mib,ms,lower,38.8
linux-mshv-virtual-machine,2,1,4c6144e15d64395a1c4be48d0e9b701e5ec7683f,shell_snapshot_restore_512_mib,ms,lower,45.2
linux-mshv-virtual-machine,2,1,4c6144e15d64395a1c4be48d0e9b701e5ec7683f,virtfs_live_read,MB/s,higher,1003.4
linux-mshv-virtual-machine,2,1,4c6144e15d64395a1c4be48d0e9b701e5ec7683f,virtfs_live_roundtrip,ms,lower,431.3
linux-mshv-virtual-machine,2,1,4c6144e15d64395a1c4be48d0e9b701e5ec7683f,virtfs_live_write,MB/s,higher,805.2
linux-mshv-virtual-machine,2,1,4c6144e15d64395a1c4be48d0e9b701e5ec7683f,virtio_blk_random_read_iops,ops/s,higher,7552.73155162
linux-mshv-virtual-machine,2,1,4c6144e15d64395a1c4be48d0e9b701e5ec7683f,virtio_blk_random_write_iops,ops/s,higher,7711.83805515
linux-mshv-virtual-machine,2,1,4c6144e15d64395a1c4be48d0e9b701e5ec7683f,virtio_fs_random_read_iops,ops/s,higher,11367.9008578
linux-mshv-virtual-machine,2,1,4c6144e15d64395a1c4be48d0e9b701e5ec7683f,virtio_fs_random_write_iops,ops/s,higher,12679.8788688
linux-mshv-virtual-machine,2,1,4c6144e15d64395a1c4be48d0e9b701e5ec7683f,virtio_net_udp_roundtrip_ops,ops/s,higher,5666.27816798
linux-mshv-virtual-machine,2,1,3ed523b421c26d6695465390790ede32eb860d22,cold_start_base,ms,lower,300.8
linux-mshv-virtual-machine,2,1,3ed523b421c26d6695465390790ede32eb860d22,cold_start_clocksource,ms,lower,302
linux-mshv-virtual-machine,2,1,3ed523b421c26d6695465390790ede32eb860d22,cold_start_cryptomgr_notests,ms,lower,301.8
linux-mshv-virtual-machine,2,1,3ed523b421c26d6695465390790ede32eb860d22,cold_start_mitigations_off,ms,lower,265.8
linux-mshv-virtual-machine,2,1,3ed523b421c26d6695465390790ede32eb860d22,cold_start_no_timer_check,ms,lower,255
linux-mshv-virtual-machine,2,1,3ed523b421c26d6695465390790ede32eb860d22,cold_start_nokaslr,ms,lower,300.6
linux-mshv-virtual-machine,2,1,3ed523b421c26d6695465390790ede32eb860d22,cold_start_random_trust_cpu,ms,lower,302.1
linux-mshv-virtual-machine,2,1,3ed523b421c26d6695465390790ede32eb860d22,cold_start_rcu_expedited,ms,lower,301.2
linux-mshv-virtual-machine,2,1,3ed523b421c26d6695465390790ede32eb860d22,cold_start_tsc_reliable,ms,lower,302.2
linux-mshv-virtual-machine,2,1,3ed523b421c26d6695465390790ede32eb860d22,network_snapshot_cold,ms,lower,308.9
linux-mshv-virtual-machine,2,1,3ed523b421c26d6695465390790ede32eb860d22,network_snapshot_restore,ms,lower,38.7
linux-mshv-virtual-machine,2,1,3ed523b421c26d6695465390790ede32eb860d22,network_snapshot_restore_wall,ms,lower,115.8
linux-mshv-virtual-machine,2,1,3ed523b421c26d6695465390790ede32eb860d22,openvmm_cold_start,ms,lower,222.185279
linux-mshv-virtual-machine,2,1,3ed523b421c26d6695465390790ede32eb860d22,openvmm_cold_start_guest_exit_teardown,ms,lower,24.967323
linux-mshv-virtual-machine,2,1,3ed523b421c26d6695465390790ede32eb860d22,openvmm_cold_start_peak_rss,MiB,lower,78.09375
linux-mshv-virtual-machine,2,1,3ed523b421c26d6695465390790ede32eb860d22,openvmm_snapshot_generation,ms,lower,3.566766
linux-mshv-virtual-machine,2,1,3ed523b421c26d6695465390790ede32eb860d22,openvmm_snapshot_generation_peak_rss,MiB,lower,80.587890625
linux-mshv-virtual-machine,2,1,3ed523b421c26d6695465390790ede32eb860d22,openvmm_snapshot_restore,ms,lower,30.5734755
linux-mshv-virtual-machine,2,1,3ed523b421c26d6695465390790ede32eb860d22,openvmm_snapshot_restore_guest_exit_teardown,ms,lower,7.721031
linux-mshv-virtual-machine,2,1,3ed523b421c26d6695465390790ede32eb860d22,openvmm_snapshot_restore_peak_rss,MiB,lower,55.88671875
linux-mshv-virtual-machine,2,1,3ed523b421c26d6695465390790ede32eb860d22,shell_snapshot_cold_128_mib,ms,lower,300.8
linux-mshv-virtual-machine,2,1,3ed523b421c26d6695465390790ede32eb860d22,shell_snapshot_cold_256_mib,ms,lower,303.8
linux-mshv-virtual-machine,2,1,3ed523b421c26d6695465390790ede32eb860d22,shell_snapshot_cold_512_mib,ms,lower,310.5
linux-mshv-virtual-machine,2,1,3ed523b421c26d6695465390790ede32eb860d22,shell_snapshot_restore_128_mib,ms,lower,29.9
linux-mshv-virtual-machine,2,1,3ed523b421c26d6695465390790ede32eb860d22,shell_snapshot_restore_256_mib,ms,lower,34.4
linux-mshv-virtual-machine,2,1,3ed523b421c26d6695465390790ede32eb860d22,shell_snapshot_restore_512_mib,ms,lower,38.9
linux-mshv-virtual-machine,2,1,3ed523b421c26d6695465390790ede32eb860d22,virtfs_live_read,MB/s,higher,1100
linux-mshv-virtual-machine,2,1,3ed523b421c26d6695465390790ede32eb860d22,virtfs_live_roundtrip,ms,lower,461.4
linux-mshv-virtual-machine,2,1,3ed523b421c26d6695465390790ede32eb860d22,virtfs_live_write,MB/s,higher,875.7
linux-mshv-virtual-machine,2,1,3ed523b421c26d6695465390790ede32eb860d22,virtio_blk_random_read_iops,ops/s,higher,7645.36693276
linux-mshv-virtual-machine,2,1,3ed523b421c26d6695465390790ede32eb860d22,virtio_blk_random_write_iops,ops/s,higher,7562.45022097
linux-mshv-virtual-machine,2,1,3ed523b421c26d6695465390790ede32eb860d22,virtio_fs_random_read_iops,ops/s,higher,10912.1308968
linux-mshv-virtual-machine,2,1,3ed523b421c26d6695465390790ede32eb860d22,virtio_fs_random_write_iops,ops/s,higher,10850.3996863
linux-mshv-virtual-machine,2,1,3ed523b421c26d6695465390790ede32eb860d22,virtio_net_udp_roundtrip_ops,ops/s,higher,6363.53097247
linux-mshv-virtual-machine,2,1,3395099d89e5cd531e7db8471b147556d6017356,cold_start_base,ms,lower,310.3
linux-mshv-virtual-machine,2,1,3395099d89e5cd531e7db8471b147556d6017356,cold_start_clocksource,ms,lower,310.7
linux-mshv-virtual-machine,2,1,3395099d89e5cd531e7db8471b147556d6017356,cold_start_cryptomgr_notests,ms,lower,309.9
linux-mshv-virtual-machine,2,1,3395099d89e5cd531e7db8471b147556d6017356,cold_start_mitigations_off,ms,lower,273.7
linux-mshv-virtual-machine,2,1,3395099d89e5cd531e7db8471b147556d6017356,cold_start_no_timer_check,ms,lower,265.9
linux-mshv-virtual-machine,2,1,3395099d89e5cd531e7db8471b147556d6017356,cold_start_nokaslr,ms,lower,310.5
linux-mshv-virtual-machine,2,1,3395099d89e5cd531e7db8471b147556d6017356,cold_start_random_trust_cpu,ms,lower,310
linux-mshv-virtual-machine,2,1,3395099d89e5cd531e7db8471b147556d6017356,cold_start_rcu_expedited,ms,lower,310.1
linux-mshv-virtual-machine,2,1,3395099d89e5cd531e7db8471b147556d6017356,cold_start_tsc_reliable,ms,lower,310.3
linux-mshv-virtual-machine,2,1,3395099d89e5cd531e7db8471b147556d6017356,network_snapshot_cold,ms,lower,317.1
linux-mshv-virtual-machine,2,1,3395099d89e5cd531e7db8471b147556d6017356,network_snapshot_restore,ms,lower,43.3
linux-mshv-virtual-machine,2,1,3395099d89e5cd531e7db8471b147556d6017356,network_snapshot_restore_wall,ms,lower,120
linux-mshv-virtual-machine,2,1,3395099d89e5cd531e7db8471b147556d6017356,openvmm_cold_start,ms,lower,229.392655
linux-mshv-virtual-machine,2,1,3395099d89e5cd531e7db8471b147556d6017356,openvmm_cold_start_guest_exit_teardown,ms,lower,26.007292
linux-mshv-virtual-machine,2,1,3395099d89e5cd531e7db8471b147556d6017356,openvmm_cold_start_peak_rss,MiB,lower,78.09375
linux-mshv-virtual-machine,2,1,3395099d89e5cd531e7db8471b147556d6017356,openvmm_snapshot_generation,ms,lower,3.8503155
linux-mshv-virtual-machine,2,1,3395099d89e5cd531e7db8471b147556d6017356,openvmm_snapshot_generation_peak_rss,MiB,lower,80.55859375
linux-mshv-virtual-machine,2,1,3395099d89e5cd531e7db8471b147556d6017356,openvmm_snapshot_restore,ms,lower,36.035937
linux-mshv-virtual-machine,2,1,3395099d89e5cd531e7db8471b147556d6017356,openvmm_snapshot_restore_guest_exit_teardown,ms,lower,9.034871
linux-mshv-virtual-machine,2,1,3395099d89e5cd531e7db8471b147556d6017356,openvmm_snapshot_restore_peak_rss,MiB,lower,57.88671875
linux-mshv-virtual-machine,2,1,3395099d89e5cd531e7db8471b147556d6017356,shell_snapshot_cold_128_mib,ms,lower,309.5
linux-mshv-virtual-machine,2,1,3395099d89e5cd531e7db8471b147556d6017356,shell_snapshot_cold_256_mib,ms,lower,313.6
linux-mshv-virtual-machine,2,1,3395099d89e5cd531e7db8471b147556d6017356,shell_snapshot_cold_512_mib,ms,lower,321.6
linux-mshv-virtual-machine,2,1,3395099d89e5cd531e7db8471b147556d6017356,shell_snapshot_restore_128_mib,ms,lower,35.5
linux-mshv-virtual-machine,2,1,3395099d89e5cd531e7db8471b147556d6017356,shell_snapshot_restore_256_mib,ms,lower,40.1
linux-mshv-virtual-machine,2,1,3395099d89e5cd531e7db8471b147556d6017356,shell_snapshot_restore_512_mib,ms,lower,44.9
linux-mshv-virtual-machine,2,1,3395099d89e5cd531e7db8471b147556d6017356,virtfs_live_read,MB/s,higher,1100
linux-mshv-virtual-machine,2,1,3395099d89e5cd531e7db8471b147556d6017356,virtfs_live_roundtrip,ms,lower,479.4
linux-mshv-virtual-machine,2,1,3395099d89e5cd531e7db8471b147556d6017356,virtfs_live_write,MB/s,higher,826
linux-mshv-virtual-machine,2,1,3395099d89e5cd531e7db8471b147556d6017356,virtio_blk_random_read_iops,ops/s,higher,7151.91805955
linux-mshv-virtual-machine,2,1,3395099d89e5cd531e7db8471b147556d6017356,virtio_blk_random_write_iops,ops/s,higher,7228.40834448
linux-mshv-virtual-machine,2,1,3395099d89e5cd531e7db8471b147556d6017356,virtio_fs_random_read_iops,ops/s,higher,10719.1123143
linux-mshv-virtual-machine,2,1,3395099d89e5cd531e7db8471b147556d6017356,virtio_fs_random_write_iops,ops/s,higher,11181.3822947
linux-mshv-virtual-machine,2,1,3395099d89e5cd531e7db8471b147556d6017356,virtio_net_udp_roundtrip_ops,ops/s,higher,6022.79442075
linux-mshv-virtual-machine,2,1,be943b9b639498fa2158f6fc577d66b31eed8e41,cold_start_base,ms,lower,301.5
linux-mshv-virtual-machine,2,1,be943b9b639498fa2158f6fc577d66b31eed8e41,cold_start_clocksource,ms,lower,300.7
linux-mshv-virtual-machine,2,1,be943b9b639498fa2158f6fc577d66b31eed8e41,cold_start_cryptomgr_notests,ms,lower,303.1
linux-mshv-virtual-machine,2,1,be943b9b639498fa2158f6fc577d66b31eed8e41,cold_start_mitigations_off,ms,lower,266.1
linux-mshv-virtual-machine,2,1,be943b9b639498fa2158f6fc577d66b31eed8e41,cold_start_no_timer_check,ms,lower,254.4
linux-mshv-virtual-machine,2,1,be943b9b639498fa2158f6fc577d66b31eed8e41,cold_start_nokaslr,ms,lower,301.3
linux-mshv-virtual-machine,2,1,be943b9b639498fa2158f6fc577d66b31eed8e41,cold_start_random_trust_cpu,ms,lower,301.7
linux-mshv-virtual-machine,2,1,be943b9b639498fa2158f6fc577d66b31eed8e41,cold_start_rcu_expedited,ms,lower,301.4
linux-mshv-virtual-machine,2,1,be943b9b639498fa2158f6fc577d66b31eed8e41,cold_start_tsc_reliable,ms,lower,302.1
linux-mshv-virtual-machine,2,1,be943b9b639498fa2158f6fc577d66b31eed8e41,network_snapshot_cold,ms,lower,309.5
linux-mshv-virtual-machine,2,1,be943b9b639498fa2158f6fc577d66b31eed8e41,network_snapshot_restore,ms,lower,38.9
linux-mshv-virtual-machine,2,1,be943b9b639498fa2158f6fc577d66b31eed8e41,network_snapshot_restore_wall,ms,lower,104
linux-mshv-virtual-machine,2,1,be943b9b639498fa2158f6fc577d66b31eed8e41,openvmm_cold_start,ms,lower,220.447024
linux-mshv-virtual-machine,2,1,be943b9b639498fa2158f6fc577d66b31eed8e41,openvmm_cold_start_guest_exit_teardown,ms,lower,25.3002505
linux-mshv-virtual-machine,2,1,be943b9b639498fa2158f6fc577d66b31eed8e41,openvmm_cold_start_peak_rss,MiB,lower,77.095703125
linux-mshv-virtual-machine,2,1,be943b9b639498fa2158f6fc577d66b31eed8e41,openvmm_snapshot_generation,ms,lower,4.0345605
linux-mshv-virtual-machine,2,1,be943b9b639498fa2158f6fc577d66b31eed8e41,openvmm_snapshot_generation_peak_rss,MiB,lower,80.59765625
linux-mshv-virtual-machine,2,1,be943b9b639498fa2158f6fc577d66b31eed8e41,openvmm_snapshot_restore,ms,lower,32.052385
linux-mshv-virtual-machine,2,1,be943b9b639498fa2158f6fc577d66b31eed8e41,openvmm_snapshot_restore_guest_exit_teardown,ms,lower,8.1411195
linux-mshv-virtual-machine,2,1,be943b9b639498fa2158f6fc577d66b31eed8e41,openvmm_snapshot_restore_peak_rss,MiB,lower,57.88671875
linux-mshv-virtual-machine,2,1,be943b9b639498fa2158f6fc577d66b31eed8e41,shell_snapshot_cold_128_mib,ms,lower,302.5
linux-mshv-virtual-machine,2,1,be943b9b639498fa2158f6fc577d66b31eed8e41,shell_snapshot_cold_256_mib,ms,lower,304.7
linux-mshv-virtual-machine,2,1,be943b9b639498fa2158f6fc577d66b31eed8e41,shell_snapshot_cold_512_mib,ms,lower,311.8
linux-mshv-virtual-machine,2,1,be943b9b639498fa2158f6fc577d66b31eed8e41,shell_snapshot_restore_128_mib,ms,lower,30.9
linux-mshv-virtual-machine,2,1,be943b9b639498fa2158f6fc577d66b31eed8e41,shell_snapshot_restore_256_mib,ms,lower,35.3
linux-mshv-virtual-machine,2,1,be943b9b639498fa2158f6fc577d66b31eed8e41,shell_snapshot_restore_512_mib,ms,lower,40.1
linux-mshv-virtual-machine,2,1,be943b9b639498fa2158f6fc577d66b31eed8e41,virtfs_live_read,MB/s,higher,1100
linux-mshv-virtual-machine,2,1,be943b9b639498fa2158f6fc577d66b31eed8e41,virtfs_live_roundtrip,ms,lower,459.4
linux-mshv-virtual-machine,2,1,be943b9b639498fa2158f6fc577d66b31eed8e41,virtfs_live_write,MB/s,higher,878.2
linux-mshv-virtual-machine,2,1,be943b9b639498fa2158f6fc577d66b31eed8e41,virtio_blk_random_read_iops,ops/s,higher,7599.77180311
linux-mshv-virtual-machine,2,1,be943b9b639498fa2158f6fc577d66b31eed8e41,virtio_blk_random_write_iops,ops/s,higher,7496.80699488
linux-mshv-virtual-machine,2,1,be943b9b639498fa2158f6fc577d66b31eed8e41,virtio_fs_random_read_iops,ops/s,higher,10705.2837606
linux-mshv-virtual-machine,2,1,be943b9b639498fa2158f6fc577d66b31eed8e41,virtio_fs_random_write_iops,ops/s,higher,10944.4158525
linux-mshv-virtual-machine,2,1,be943b9b639498fa2158f6fc577d66b31eed8e41,virtio_net_udp_roundtrip_ops,ops/s,higher,6379.54455828
linux-mshv-virtual-machine,2,1,ea0b1771919fd69807447ca1296e5f0c8ed7c061,cold_start_base,ms,lower,301.7
linux-mshv-virtual-machine,2,1,ea0b1771919fd69807447ca1296e5f0c8ed7c061,cold_start_clocksource,ms,lower,301.7
linux-mshv-virtual-machine,2,1,ea0b1771919fd69807447ca1296e5f0c8ed7c061,cold_start_cryptomgr_notests,ms,lower,302
linux-mshv-virtual-machine,2,1,ea0b1771919fd69807447ca1296e5f0c8ed7c061,cold_start_mitigations_off,ms,lower,267.4
linux-mshv-virtual-machine,2,1,ea0b1771919fd69807447ca1296e5f0c8ed7c061,cold_start_no_timer_check,ms,lower,255.7
linux-mshv-virtual-machine,2,1,ea0b1771919fd69807447ca1296e5f0c8ed7c061,cold_start_nokaslr,ms,lower,301.7
linux-mshv-virtual-machine,2,1,ea0b1771919fd69807447ca1296e5f0c8ed7c061,cold_start_random_trust_cpu,ms,lower,301.4
linux-mshv-virtual-machine,2,1,ea0b1771919fd69807447ca1296e5f0c8ed7c061,cold_start_rcu_expedited,ms,lower,302.7
linux-mshv-virtual-machine,2,1,ea0b1771919fd69807447ca1296e5f0c8ed7c061,cold_start_tsc_reliable,ms,lower,302.2
linux-mshv-virtual-machine,2,1,ea0b1771919fd69807447ca1296e5f0c8ed7c061,network_snapshot_cold,ms,lower,310.1
linux-mshv-virtual-machine,2,1,ea0b1771919fd69807447ca1296e5f0c8ed7c061,network_snapshot_restore,ms,lower,40.6
linux-mshv-virtual-machine,2,1,ea0b1771919fd69807447ca1296e5f0c8ed7c061,network_snapshot_restore_wall,ms,lower,111.9
linux-mshv-virtual-machine,2,1,ea0b1771919fd69807447ca1296e5f0c8ed7c061,openvmm_cold_start,ms,lower,220.977877
linux-mshv-virtual-machine,2,1,ea0b1771919fd69807447ca1296e5f0c8ed7c061,openvmm_cold_start_guest_exit_teardown,ms,lower,25.102989
linux-mshv-virtual-machine,2,1,ea0b1771919fd69807447ca1296e5f0c8ed7c061,openvmm_cold_start_peak_rss,MiB,lower,78.09375
linux-mshv-virtual-machine,2,1,ea0b1771919fd69807447ca1296e5f0c8ed7c061,openvmm_snapshot_generation,ms,lower,3.8277295
linux-mshv-virtual-machine,2,1,ea0b1771919fd69807447ca1296e5f0c8ed7c061,openvmm_snapshot_generation_peak_rss,MiB,lower,80.6015625
linux-mshv-virtual-machine,2,1,ea0b1771919fd69807447ca1296e5f0c8ed7c061,openvmm_snapshot_restore,ms,lower,30.0745055
linux-mshv-virtual-machine,2,1,ea0b1771919fd69807447ca1296e5f0c8ed7c061,openvmm_snapshot_restore_guest_exit_teardown,ms,lower,8.515295
linux-mshv-virtual-machine,2,1,ea0b1771919fd69807447ca1296e5f0c8ed7c061,openvmm_snapshot_restore_peak_rss,MiB,lower,55.888671875
linux-mshv-virtual-machine,2,1,ea0b1771919fd69807447ca1296e5f0c8ed7c061,shell_snapshot_cold_128_mib,ms,lower,301.8
linux-mshv-virtual-machine,2,1,ea0b1771919fd69807447ca1296e5f0c8ed7c061,shell_snapshot_cold_256_mib,ms,lower,304.5
linux-mshv-virtual-machine,2,1,ea0b1771919fd69807447ca1296e5f0c8ed7c061,shell_snapshot_cold_512_mib,ms,lower,311.4
linux-mshv-virtual-machine,2,1,ea0b1771919fd69807447ca1296e5f0c8ed7c061,shell_snapshot_restore_128_mib,ms,lower,29.4
linux-mshv-virtual-machine,2,1,ea0b1771919fd69807447ca1296e5f0c8ed7c061,shell_snapshot_restore_256_mib,ms,lower,33.4
linux-mshv-virtual-machine,2,1,ea0b1771919fd69807447ca1296e5f0c8ed7c061,shell_snapshot_restore_512_mib,ms,lower,39.2
linux-mshv-virtual-machine,2,1,ea0b1771919fd69807447ca1296e5f0c8ed7c061,virtfs_live_read,MB/s,higher,1100
linux-mshv-virtual-machine,2,1,ea0b1771919fd69807447ca1296e5f0c8ed7c061,virtfs_live_roundtrip,ms,lower,453.4
linux-mshv-virtual-machine,2,1,ea0b1771919fd69807447ca1296e5f0c8ed7c061,virtfs_live_write,MB/s,higher,869.9
linux-mshv-virtual-machine,2,1,ea0b1771919fd69807447ca1296e5f0c8ed7c061,virtio_blk_random_read_iops,ops/s,higher,7570.69563582
linux-mshv-virtual-machine,2,1,ea0b1771919fd69807447ca1296e5f0c8ed7c061,virtio_blk_random_write_iops,ops/s,higher,7456.73145351
linux-mshv-virtual-machine,2,1,ea0b1771919fd69807447ca1296e5f0c8ed7c061,virtio_fs_random_read_iops,ops/s,higher,10512.5908258
linux-mshv-virtual-machine,2,1,ea0b1771919fd69807447ca1296e5f0c8ed7c061,virtio_fs_random_write_iops,ops/s,higher,10610.3068014
linux-mshv-virtual-machine,2,1,ea0b1771919fd69807447ca1296e5f0c8ed7c061,virtio_net_udp_roundtrip_ops,ops/s,higher,6528.63644857
linux-mshv-virtual-machine,2,1,6498a4a09eb313334a49ebfcff1e5cb4eea38df7,cold_start_base,ms,lower,308.4
linux-mshv-virtual-machine,2,1,6498a4a09eb313334a49ebfcff1e5cb4eea38df7,cold_start_clocksource,ms,lower,310.7
linux-mshv-virtual-machine,2,1,6498a4a09eb313334a49ebfcff1e5cb4eea38df7,cold_start_cryptomgr_notests,ms,lower,311.4
linux-mshv-virtual-machine,2,1,6498a4a09eb313334a49ebfcff1e5cb4eea38df7,cold_start_mitigations_off,ms,lower,275
linux-mshv-virtual-machine,2,1,6498a4a09eb313334a49ebfcff1e5cb4eea38df7,cold_start_no_timer_check,ms,lower,264.9
linux-mshv-virtual-machine,2,1,6498a4a09eb313334a49ebfcff1e5cb4eea38df7,cold_start_nokaslr,ms,lower,314.3
linux-mshv-virtual-machine,2,1,6498a4a09eb313334a49ebfcff1e5cb4eea38df7,cold_start_random_trust_cpu,ms,lower,310.2
linux-mshv-virtual-machine,2,1,6498a4a09eb313334a49ebfcff1e5cb4eea38df7,cold_start_rcu_expedited,ms,lower,311
linux-mshv-virtual-machine,2,1,6498a4a09eb313334a49ebfcff1e5cb4eea38df7,cold_start_tsc_reliable,ms,lower,311.1
linux-mshv-virtual-machine,2,1,6498a4a09eb313334a49ebfcff1e5cb4eea38df7,network_snapshot_cold,ms,lower,319.7
linux-mshv-virtual-machine,2,1,6498a4a09eb313334a49ebfcff1e5cb4eea38df7,network_snapshot_restore,ms,lower,42
linux-mshv-virtual-machine,2,1,6498a4a09eb313334a49ebfcff1e5cb4eea38df7,network_snapshot_restore_wall,ms,lower,118
linux-mshv-virtual-machine,2,1,6498a4a09eb313334a49ebfcff1e5cb4eea38df7,openvmm_cold_start,ms,lower,228.1617635
linux-mshv-virtual-machine,2,1,6498a4a09eb313334a49ebfcff1e5cb4eea38df7,openvmm_cold_start_guest_exit_teardown,ms,lower,25.7041435
linux-mshv-virtual-machine,2,1,6498a4a09eb313334a49ebfcff1e5cb4eea38df7,openvmm_cold_start_peak_rss,MiB,lower,78.09765625
linux-mshv-virtual-machine,2,1,6498a4a09eb313334a49ebfcff1e5cb4eea38df7,openvmm_snapshot_generation,ms,lower,3.804077
linux-mshv-virtual-machine,2,1,6498a4a09eb313334a49ebfcff1e5cb4eea38df7,openvmm_snapshot_generation_peak_rss,MiB,lower,80.599609375
linux-mshv-virtual-machine,2,1,6498a4a09eb313334a49ebfcff1e5cb4eea38df7,openvmm_snapshot_restore,ms,lower,31.991463
linux-mshv-virtual-machine,2,1,6498a4a09eb313334a49ebfcff1e5cb4eea38df7,openvmm_snapshot_restore_guest_exit_teardown,ms,lower,8.0140035
linux-mshv-virtual-machine,2,1,6498a4a09eb313334a49ebfcff1e5cb4eea38df7,openvmm_snapshot_restore_peak_rss,MiB,lower,57.828125
linux-mshv-virtual-machine,2,1,6498a4a09eb313334a49ebfcff1e5cb4eea38df7,shell_snapshot_cold_128_mib,ms,lower,311.1
linux-mshv-virtual-machine,2,1,6498a4a09eb313334a49ebfcff1e5cb4eea38df7,shell_snapshot_cold_256_mib,ms,lower,311.6
linux-mshv-virtual-machine,2,1,6498a4a09eb313334a49ebfcff1e5cb4eea38df7,shell_snapshot_cold_512_mib,ms,lower,321.1
linux-mshv-virtual-machine,2,1,6498a4a09eb313334a49ebfcff1e5cb4eea38df7,shell_snapshot_restore_128_mib,ms,lower,31.8
linux-mshv-virtual-machine,2,1,6498a4a09eb313334a49ebfcff1e5cb4eea38df7,shell_snapshot_restore_256_mib,ms,lower,35.1
linux-mshv-virtual-machine,2,1,6498a4a09eb313334a49ebfcff1e5cb4eea38df7,shell_snapshot_restore_512_mib,ms,lower,40.6
linux-mshv-virtual-machine,2,1,6498a4a09eb313334a49ebfcff1e5cb4eea38df7,virtfs_live_read,MB/s,higher,1100
linux-mshv-virtual-machine,2,1,6498a4a09eb313334a49ebfcff1e5cb4eea38df7,virtfs_live_roundtrip,ms,lower,475.3
linux-mshv-virtual-machine,2,1,6498a4a09eb313334a49ebfcff1e5cb4eea38df7,virtfs_live_write,MB/s,higher,815.4
linux-mshv-virtual-machine,2,1,6498a4a09eb313334a49ebfcff1e5cb4eea38df7,virtio_blk_random_read_iops,ops/s,higher,6653.45517506
linux-mshv-virtual-machine,2,1,6498a4a09eb313334a49ebfcff1e5cb4eea38df7,virtio_blk_random_write_iops,ops/s,higher,6720.6249584
linux-mshv-virtual-machine,2,1,6498a4a09eb313334a49ebfcff1e5cb4eea38df7,virtio_fs_random_read_iops,ops/s,higher,10483.246319
linux-mshv-virtual-machine,2,1,6498a4a09eb313334a49ebfcff1e5cb4eea38df7,virtio_fs_random_write_iops,ops/s,higher,10433.9246712
linux-mshv-virtual-machine,2,1,6498a4a09eb313334a49ebfcff1e5cb4eea38df7,virtio_net_udp_roundtrip_ops,ops/s,higher,5834.29308022
linux-mshv-virtual-machine,2,1,34a00f742d1dd1457e99771cb979f1891620f0a3,cold_start_base,ms,lower,284.2
linux-mshv-virtual-machine,2,1,34a00f742d1dd1457e99771cb979f1891620f0a3,cold_start_clocksource,ms,lower,285.9
linux-mshv-virtual-machine,2,1,34a00f742d1dd1457e99771cb979f1891620f0a3,cold_start_cryptomgr_notests,ms,lower,283
linux-mshv-virtual-machine,2,1,34a00f742d1dd1457e99771cb979f1891620f0a3,cold_start_mitigations_off,ms,lower,249.9
linux-mshv-virtual-machine,2,1,34a00f742d1dd1457e99771cb979f1891620f0a3,cold_start_no_timer_check,ms,lower,239.7
linux-mshv-virtual-machine,2,1,34a00f742d1dd1457e99771cb979f1891620f0a3,cold_start_nokaslr,ms,lower,284.3
linux-mshv-virtual-machine,2,1,34a00f742d1dd1457e99771cb979f1891620f0a3,cold_start_random_trust_cpu,ms,lower,286
linux-mshv-virtual-machine,2,1,34a00f742d1dd1457e99771cb979f1891620f0a3,cold_start_rcu_expedited,ms,lower,283.1
linux-mshv-virtual-machine,2,1,34a00f742d1dd1457e99771cb979f1891620f0a3,cold_start_tsc_reliable,ms,lower,283.4
linux-mshv-virtual-machine,2,1,34a00f742d1dd1457e99771cb979f1891620f0a3,network_snapshot_cold,ms,lower,291.3
linux-mshv-virtual-machine,2,1,34a00f742d1dd1457e99771cb979f1891620f0a3,network_snapshot_restore,ms,lower,42.2
linux-mshv-virtual-machine,2,1,34a00f742d1dd1457e99771cb979f1891620f0a3,network_snapshot_restore_wall,ms,lower,115.9
linux-mshv-virtual-machine,2,1,34a00f742d1dd1457e99771cb979f1891620f0a3,openvmm_cold_start,ms,lower,207.36241
linux-mshv-virtual-machine,2,1,34a00f742d1dd1457e99771cb979f1891620f0a3,openvmm_cold_start_guest_exit_teardown,ms,lower,23.4279695
linux-mshv-virtual-machine,2,1,34a00f742d1dd1457e99771cb979f1891620f0a3,openvmm_cold_start_peak_rss,MiB,lower,78.21875
linux-mshv-virtual-machine,2,1,34a00f742d1dd1457e99771cb979f1891620f0a3,openvmm_snapshot_generation,ms,lower,3.7913625
linux-mshv-virtual-machine,2,1,34a00f742d1dd1457e99771cb979f1891620f0a3,openvmm_snapshot_generation_peak_rss,MiB,lower,80.60546875
linux-mshv-virtual-machine,2,1,34a00f742d1dd1457e99771cb979f1891620f0a3,openvmm_snapshot_restore,ms,lower,34.983356
linux-mshv-virtual-machine,2,1,34a00f742d1dd1457e99771cb979f1891620f0a3,openvmm_snapshot_restore_guest_exit_teardown,ms,lower,8.338718
linux-mshv-virtual-machine,2,1,34a00f742d1dd1457e99771cb979f1891620f0a3,openvmm_snapshot_restore_peak_rss,MiB,lower,57.8828125
linux-mshv-virtual-machine,2,1,34a00f742d1dd1457e99771cb979f1891620f0a3,shell_snapshot_cold_128_mib,ms,lower,283.4
linux-mshv-virtual-machine,2,1,34a00f742d1dd1457e99771cb979f1891620f0a3,shell_snapshot_cold_256_mib,ms,lower,288
linux-mshv-virtual-machine,2,1,34a00f742d1dd1457e99771cb979f1891620f0a3,shell_snapshot_cold_512_mib,ms,lower,296.2
linux-mshv-virtual-machine,2,1,34a00f742d1dd1457e99771cb979f1891620f0a3,shell_snapshot_restore_128_mib,ms,lower,34.4
linux-mshv-virtual-machine,2,1,34a00f742d1dd1457e99771cb979f1891620f0a3,shell_snapshot_restore_256_mib,ms,lower,39.2
linux-mshv-virtual-machine,2,1,34a00f742d1dd1457e99771cb979f1891620f0a3,shell_snapshot_restore_512_mib,ms,lower,40.9
linux-mshv-virtual-machine,2,1,34a00f742d1dd1457e99771cb979f1891620f0a3,virtfs_live_read,MB/s,higher,1100
linux-mshv-virtual-machine,2,1,34a00f742d1dd1457e99771cb979f1891620f0a3,virtfs_live_roundtrip,ms,lower,427.5
linux-mshv-virtual-machine,2,1,34a00f742d1dd1457e99771cb979f1891620f0a3,virtfs_live_write,MB/s,higher,898
linux-mshv-virtual-machine,2,1,34a00f742d1dd1457e99771cb979f1891620f0a3,virtio_blk_random_read_iops,ops/s,higher,8008.10735064
linux-mshv-virtual-machine,2,1,34a00f742d1dd1457e99771cb979f1891620f0a3,virtio_blk_random_write_iops,ops/s,higher,7996.7010653
linux-mshv-virtual-machine,2,1,34a00f742d1dd1457e99771cb979f1891620f0a3,virtio_fs_random_read_iops,ops/s,higher,11602.7971324
linux-mshv-virtual-machine,2,1,34a00f742d1dd1457e99771cb979f1891620f0a3,virtio_fs_random_write_iops,ops/s,higher,12339.6895127
linux-mshv-virtual-machine,2,1,34a00f742d1dd1457e99771cb979f1891620f0a3,virtio_net_udp_roundtrip_ops,ops/s,higher,6452.00175287
linux-mshv-virtual-machine,2,1,e6e2f652aa289d07787b07320c2b210a9ba78557,cold_start_base,ms,lower,283.3
linux-mshv-virtual-machine,2,1,e6e2f652aa289d07787b07320c2b210a9ba78557,cold_start_clocksource,ms,lower,284.9
linux-mshv-virtual-machine,2,1,e6e2f652aa289d07787b07320c2b210a9ba78557,cold_start_cryptomgr_notests,ms,lower,283.9
linux-mshv-virtual-machine,2,1,e6e2f652aa289d07787b07320c2b210a9ba78557,cold_start_mitigations_off,ms,lower,249.2
linux-mshv-virtual-machine,2,1,e6e2f652aa289d07787b07320c2b210a9ba78557,cold_start_no_timer_check,ms,lower,242.3
linux-mshv-virtual-machine,2,1,e6e2f652aa289d07787b07320c2b210a9ba78557,cold_start_nokaslr,ms,lower,285.8
linux-mshv-virtual-machine,2,1,e6e2f652aa289d07787b07320c2b210a9ba78557,cold_start_random_trust_cpu,ms,lower,286.4
linux-mshv-virtual-machine,2,1,e6e2f652aa289d07787b07320c2b210a9ba78557,cold_start_rcu_expedited,ms,lower,285.2
linux-mshv-virtual-machine,2,1,e6e2f652aa289d07787b07320c2b210a9ba78557,cold_start_tsc_reliable,ms,lower,285.3
linux-mshv-virtual-machine,2,1,e6e2f652aa289d07787b07320c2b210a9ba78557,network_snapshot_cold,ms,lower,296
linux-mshv-virtual-machine,2,1,e6e2f652aa289d07787b07320c2b210a9ba78557,network_snapshot_restore,ms,lower,40.3
linux-mshv-virtual-machine,2,1,e6e2f652aa289d07787b07320c2b210a9ba78557,network_snapshot_restore_wall,ms,lower,119.8
linux-mshv-virtual-machine,2,1,e6e2f652aa289d07787b07320c2b210a9ba78557,openvmm_cold_start,ms,lower,211.560794
linux-mshv-virtual-machine,2,1,e6e2f652aa289d07787b07320c2b210a9ba78557,openvmm_cold_start_guest_exit_teardown,ms,lower,24.364008
linux-mshv-virtual-machine,2,1,e6e2f652aa289d07787b07320c2b210a9ba78557,openvmm_cold_start_peak_rss,MiB,lower,78.21875
linux-mshv-virtual-machine,2,1,e6e2f652aa289d07787b07320c2b210a9ba78557,openvmm_snapshot_generation,ms,lower,4.07516
linux-mshv-virtual-machine,2,1,e6e2f652aa289d07787b07320c2b210a9ba78557,openvmm_snapshot_generation_peak_rss,MiB,lower,80.56640625
linux-mshv-virtual-machine,2,1,e6e2f652aa289d07787b07320c2b210a9ba78557,openvmm_snapshot_restore,ms,lower,33.778916
linux-mshv-virtual-machine,2,1,e6e2f652aa289d07787b07320c2b210a9ba78557,openvmm_snapshot_restore_guest_exit_teardown,ms,lower,8.406567
linux-mshv-virtual-machine,2,1,e6e2f652aa289d07787b07320c2b210a9ba78557,openvmm_snapshot_restore_peak_rss,MiB,lower,57.8828125
linux-mshv-virtual-machine,2,1,e6e2f652aa289d07787b07320c2b210a9ba78557,shell_snapshot_cold_128_mib,ms,lower,285.6
linux-mshv-virtual-machine,2,1,e6e2f652aa289d07787b07320c2b210a9ba78557,shell_snapshot_cold_256_mib,ms,lower,285.5
linux-mshv-virtual-machine,2,1,e6e2f652aa289d07787b07320c2b210a9ba78557,shell_snapshot_cold_512_mib,ms,lower,292.4
linux-mshv-virtual-machine,2,1,e6e2f652aa289d07787b07320c2b210a9ba78557,shell_snapshot_restore_128_mib,ms,lower,32.2
linux-mshv-virtual-machine,2,1,e6e2f652aa289d07787b07320c2b210a9ba78557,shell_snapshot_restore_256_mib,ms,lower,36.4
linux-mshv-virtual-machine,2,1,e6e2f652aa289d07787b07320c2b210a9ba78557,shell_snapshot_restore_512_mib,ms,lower,40.9
linux-mshv-virtual-machine,2,1,e6e2f652aa289d07787b07320c2b210a9ba78557,virtfs_live_read,MB/s,higher,1100
linux-mshv-virtual-machine,2,1,e6e2f652aa289d07787b07320c2b210a9ba78557,virtfs_live_roundtrip,ms,lower,427.2
linux-mshv-virtual-machine,2,1,e6e2f652aa289d07787b07320c2b210a9ba78557,virtfs_live_write,MB/s,higher,892.8
linux-mshv-virtual-machine,2,1,e6e2f652aa289d07787b07320c2b210a9ba78557,virtio_blk_random_read_iops,ops/s,higher,7946.78372128
linux-mshv-virtual-machine,2,1,e6e2f652aa289d07787b07320c2b210a9ba78557,virtio_blk_random_write_iops,ops/s,higher,7890.27382745
linux-mshv-virtual-machine,2,1,e6e2f652aa289d07787b07320c2b210a9ba78557,virtio_fs_random_read_iops,ops/s,higher,11666.790626
linux-mshv-virtual-machine,2,1,e6e2f652aa289d07787b07320c2b210a9ba78557,virtio_fs_random_write_iops,ops/s,higher,11277.2783597
linux-mshv-virtual-machine,2,1,e6e2f652aa289d07787b07320c2b210a9ba78557,virtio_net_udp_roundtrip_ops,ops/s,higher,6257.85687386
linux-mshv-virtual-machine,2,1,5edac1c7fce4e82db0d9e2350765519292d212d0,cold_start_base,ms,lower,302.1
linux-mshv-virtual-machine,2,1,5edac1c7fce4e82db0d9e2350765519292d212d0,cold_start_clocksource,ms,lower,301.7
linux-mshv-virtual-machine,2,1,5edac1c7fce4e82db0d9e2350765519292d212d0,cold_start_cryptomgr_notests,ms,lower,301.9
linux-mshv-virtual-machine,2,1,5edac1c7fce4e82db0d9e2350765519292d212d0,cold_start_mitigations_off,ms,lower,266.4
linux-mshv-virtual-machine,2,1,5edac1c7fce4e82db0d9e2350765519292d212d0,cold_start_no_timer_check,ms,lower,256.9
linux-mshv-virtual-machine,2,1,5edac1c7fce4e82db0d9e2350765519292d212d0,cold_start_nokaslr,ms,lower,303.2
linux-mshv-virtual-machine,2,1,5edac1c7fce4e82db0d9e2350765519292d212d0,cold_start_random_trust_cpu,ms,lower,302.3
linux-mshv-virtual-machine,2,1,5edac1c7fce4e82db0d9e2350765519292d212d0,cold_start_rcu_expedited,ms,lower,301.8
linux-mshv-virtual-machine,2,1,5edac1c7fce4e82db0d9e2350765519292d212d0,cold_start_tsc_reliable,ms,lower,303.8
linux-mshv-virtual-machine,2,1,5edac1c7fce4e82db0d9e2350765519292d212d0,network_snapshot_cold,ms,lower,309.1
linux-mshv-virtual-machine,2,1,5edac1c7fce4e82db0d9e2350765519292d212d0,network_snapshot_restore,ms,lower,41.1
linux-mshv-virtual-machine,2,1,5edac1c7fce4e82db0d9e2350765519292d212d0,network_snapshot_restore_wall,ms,lower,107.9
linux-mshv-virtual-machine,2,1,5edac1c7fce4e82db0d9e2350765519292d212d0,openvmm_cold_start,ms,lower,221.4966465
linux-mshv-virtual-machine,2,1,5edac1c7fce4e82db0d9e2350765519292d212d0,openvmm_cold_start_guest_exit_teardown,ms,lower,25.8917865
linux-mshv-virtual-machine,2,1,5edac1c7fce4e82db0d9e2350765519292d212d0,openvmm_cold_start_peak_rss,MiB,lower,78.02734375
linux-mshv-virtual-machine,2,1,5edac1c7fce4e82db0d9e2350765519292d212d0,openvmm_snapshot_generation,ms,lower,3.9366105
linux-mshv-virtual-machine,2,1,5edac1c7fce4e82db0d9e2350765519292d212d0,openvmm_snapshot_generation_peak_rss,MiB,lower,80.455078125
linux-mshv-virtual-machine,2,1,5edac1c7fce4e82db0d9e2350765519292d212d0,openvmm_snapshot_restore,ms,lower,33.89891
linux-mshv-virtual-machine,2,1,5edac1c7fce4e82db0d9e2350765519292d212d0,openvmm_snapshot_restore_guest_exit_teardown,ms,lower,8.3070165
linux-mshv-virtual-machine,2,1,5edac1c7fce4e82db0d9e2350765519292d212d0,openvmm_snapshot_restore_peak_rss,MiB,lower,57.87890625
linux-mshv-virtual-machine,2,1,5edac1c7fce4e82db0d9e2350765519292d212d0,shell_snapshot_cold_128_mib,ms,lower,302
linux-mshv-virtual-machine,2,1,5edac1c7fce4e82db0d9e2350765519292d212d0,shell_snapshot_cold_256_mib,ms,lower,308.2
linux-mshv-virtual-machine,2,1,5edac1c7fce4e82db0d9e2350765519292d212d0,shell_snapshot_cold_512_mib,ms,lower,314
linux-mshv-virtual-machine,2,1,5edac1c7fce4e82db0d9e2350765519292d212d0,shell_snapshot_restore_128_mib,ms,lower,33.1
linux-mshv-virtual-machine,2,1,5edac1c7fce4e82db0d9e2350765519292d212d0,shell_snapshot_restore_256_mib,ms,lower,36.4
linux-mshv-virtual-machine,2,1,5edac1c7fce4e82db0d9e2350765519292d212d0,shell_snapshot_restore_512_mib,ms,lower,42.3
linux-mshv-virtual-machine,2,1,5edac1c7fce4e82db0d9e2350765519292d212d0,virtfs_live_read,MB/s,higher,1100
linux-mshv-virtual-machine,2,1,5edac1c7fce4e82db0d9e2350765519292d212d0,virtfs_live_roundtrip,ms,lower,453.6
linux-mshv-virtual-machine,2,1,5edac1c7fce4e82db0d9e2350765519292d212d0,virtfs_live_write,MB/s,higher,853
linux-mshv-virtual-machine,2,1,5edac1c7fce4e82db0d9e2350765519292d212d0,virtio_blk_random_read_iops,ops/s,higher,7420.1211807
linux-mshv-virtual-machine,2,1,5edac1c7fce4e82db0d9e2350765519292d212d0,virtio_blk_random_write_iops,ops/s,higher,7457.65912339
linux-mshv-virtual-machine,2,1,5edac1c7fce4e82db0d9e2350765519292d212d0,virtio_fs_random_read_iops,ops/s,higher,10454.2212798
linux-mshv-virtual-machine,2,1,5edac1c7fce4e82db0d9e2350765519292d212d0,virtio_fs_random_write_iops,ops/s,higher,11742.1247548
linux-mshv-virtual-machine,2,1,5edac1c7fce4e82db0d9e2350765519292d212d0,virtio_net_udp_roundtrip_ops,ops/s,higher,6327.92374689
linux-mshv-virtual-machine,2,1,3051bf50b870b71916c4cb902fce9078cbae8935,cold_start_base,ms,lower,302.7
linux-mshv-virtual-machine,2,1,3051bf50b870b71916c4cb902fce9078cbae8935,cold_start_clocksource,ms,lower,302.9
linux-mshv-virtual-machine,2,1,3051bf50b870b71916c4cb902fce9078cbae8935,cold_start_cryptomgr_notests,ms,lower,302.7
linux-mshv-virtual-machine,2,1,3051bf50b870b71916c4cb902fce9078cbae8935,cold_start_mitigations_off,ms,lower,267.4
linux-mshv-virtual-machine,2,1,3051bf50b870b71916c4cb902fce9078cbae8935,cold_start_no_timer_check,ms,lower,256.6
linux-mshv-virtual-machine,2,1,3051bf50b870b71916c4cb902fce9078cbae8935,cold_start_nokaslr,ms,lower,302.2
linux-mshv-virtual-machine,2,1,3051bf50b870b71916c4cb902fce9078cbae8935,cold_start_random_trust_cpu,ms,lower,303.9
linux-mshv-virtual-machine,2,1,3051bf50b870b71916c4cb902fce9078cbae8935,cold_start_rcu_expedited,ms,lower,303.5
linux-mshv-virtual-machine,2,1,3051bf50b870b71916c4cb902fce9078cbae8935,cold_start_tsc_reliable,ms,lower,303.2
linux-mshv-virtual-machine,2,1,3051bf50b870b71916c4cb902fce9078cbae8935,network_snapshot_cold,ms,lower,310.6
linux-mshv-virtual-machine,2,1,3051bf50b870b71916c4cb902fce9078cbae8935,network_snapshot_restore,ms,lower,41
linux-mshv-virtual-machine,2,1,3051bf50b870b71916c4cb902fce9078cbae8935,network_snapshot_restore_wall,ms,lower,114.1
linux-mshv-virtual-machine,2,1,3051bf50b870b71916c4cb902fce9078cbae8935,openvmm_cold_start,ms,lower,221.314379
linux-mshv-virtual-machine,2,1,3051bf50b870b71916c4cb902fce9078cbae8935,openvmm_cold_start_guest_exit_teardown,ms,lower,25.2063085
linux-mshv-virtual-machine,2,1,3051bf50b870b71916c4cb902fce9078cbae8935,openvmm_cold_start_peak_rss,MiB,lower,78.02734375
linux-mshv-virtual-machine,2,1,3051bf50b870b71916c4cb902fce9078cbae8935,openvmm_snapshot_generation,ms,lower,3.612066
linux-mshv-virtual-machine,2,1,3051bf50b870b71916c4cb902fce9078cbae8935,openvmm_snapshot_generation_peak_rss,MiB,lower,80.443359375
linux-mshv-virtual-machine,2,1,3051bf50b870b71916c4cb902fce9078cbae8935,openvmm_snapshot_restore,ms,lower,33.718428
linux-mshv-virtual-machine,2,1,3051bf50b870b71916c4cb902fce9078cbae8935,openvmm_snapshot_restore_guest_exit_teardown,ms,lower,8.3202205
linux-mshv-virtual-machine,2,1,3051bf50b870b71916c4cb902fce9078cbae8935,openvmm_snapshot_restore_peak_rss,MiB,lower,57.87890625
linux-mshv-virtual-machine,2,1,3051bf50b870b71916c4cb902fce9078cbae8935,shell_snapshot_cold_128_mib,ms,lower,302
linux-mshv-virtual-machine,2,1,3051bf50b870b71916c4cb902fce9078cbae8935,shell_snapshot_cold_256_mib,ms,lower,307.7
linux-mshv-virtual-machine,2,1,3051bf50b870b71916c4cb902fce9078cbae8935,shell_snapshot_cold_512_mib,ms,lower,315.8
linux-mshv-virtual-machine,2,1,3051bf50b870b71916c4cb902fce9078cbae8935,shell_snapshot_restore_128_mib,ms,lower,33.5
linux-mshv-virtual-machine,2,1,3051bf50b870b71916c4cb902fce9078cbae8935,shell_snapshot_restore_256_mib,ms,lower,37.7
linux-mshv-virtual-machine,2,1,3051bf50b870b71916c4cb902fce9078cbae8935,shell_snapshot_restore_512_mib,ms,lower,42.1
linux-mshv-virtual-machine,2,1,3051bf50b870b71916c4cb902fce9078cbae8935,virtfs_live_read,MB/s,higher,1100
linux-mshv-virtual-machine,2,1,3051bf50b870b71916c4cb902fce9078cbae8935,virtfs_live_roundtrip,ms,lower,457.5
linux-mshv-virtual-machine,2,1,3051bf50b870b71916c4cb902fce9078cbae8935,virtfs_live_write,MB/s,higher,852.8
linux-mshv-virtual-machine,2,1,3051bf50b870b71916c4cb902fce9078cbae8935,virtio_blk_random_read_iops,ops/s,higher,7340.92324162
linux-mshv-virtual-machine,2,1,3051bf50b870b71916c4cb902fce9078cbae8935,virtio_blk_random_write_iops,ops/s,higher,7257.78860392
linux-mshv-virtual-machine,2,1,3051bf50b870b71916c4cb902fce9078cbae8935,virtio_fs_random_read_iops,ops/s,higher,10801.4267862
linux-mshv-virtual-machine,2,1,3051bf50b870b71916c4cb902fce9078cbae8935,virtio_fs_random_write_iops,ops/s,higher,10957.1725721
linux-mshv-virtual-machine,2,1,3051bf50b870b71916c4cb902fce9078cbae8935,virtio_net_udp_roundtrip_ops,ops/s,higher,6404.67792053
linux-mshv-virtual-machine,2,1,ddc56e53062587b6fc81997007da8db514e1154a,cold_start_base,ms,lower,311.8
linux-mshv-virtual-machine,2,1,ddc56e53062587b6fc81997007da8db514e1154a,cold_start_clocksource,ms,lower,311.4
linux-mshv-virtual-machine,2,1,ddc56e53062587b6fc81997007da8db514e1154a,cold_start_cryptomgr_notests,ms,lower,312.2
linux-mshv-virtual-machine,2,1,ddc56e53062587b6fc81997007da8db514e1154a,cold_start_mitigations_off,ms,lower,275.6
linux-mshv-virtual-machine,2,1,ddc56e53062587b6fc81997007da8db514e1154a,cold_start_no_timer_check,ms,lower,266.7
linux-mshv-virtual-machine,2,1,ddc56e53062587b6fc81997007da8db514e1154a,cold_start_nokaslr,ms,lower,311.9
linux-mshv-virtual-machine,2,1,ddc56e53062587b6fc81997007da8db514e1154a,cold_start_random_trust_cpu,ms,lower,311.9
linux-mshv-virtual-machine,2,1,ddc56e53062587b6fc81997007da8db514e1154a,cold_start_rcu_expedited,ms,lower,311.9
linux-mshv-virtual-machine,2,1,ddc56e53062587b6fc81997007da8db514e1154a,cold_start_tsc_reliable,ms,lower,313.8
linux-mshv-virtual-machine,2,1,ddc56e53062587b6fc81997007da8db514e1154a,network_snapshot_cold,ms,lower,321.1
linux-mshv-virtual-machine,2,1,ddc56e53062587b6fc81997007da8db514e1154a,network_snapshot_restore,ms,lower,43.3
linux-mshv-virtual-machine,2,1,ddc56e53062587b6fc81997007da8db514e1154a,network_snapshot_restore_wall,ms,lower,117.8
linux-mshv-virtual-machine,2,1,ddc56e53062587b6fc81997007da8db514e1154a,openvmm_cold_start,ms,lower,229.743648
linux-mshv-virtual-machine,2,1,ddc56e53062587b6fc81997007da8db514e1154a,openvmm_cold_start_guest_exit_teardown,ms,lower,25.1445635
linux-mshv-virtual-machine,2,1,ddc56e53062587b6fc81997007da8db514e1154a,openvmm_cold_start_peak_rss,MiB,lower,78.02734375
linux-mshv-virtual-machine,2,1,ddc56e53062587b6fc81997007da8db514e1154a,openvmm_snapshot_generation,ms,lower,4.225469
linux-mshv-virtual-machine,2,1,ddc56e53062587b6fc81997007da8db514e1154a,openvmm_snapshot_generation_peak_rss,MiB,lower,80.421875
linux-mshv-virtual-machine,2,1,ddc56e53062587b6fc81997007da8db514e1154a,openvmm_snapshot_restore,ms,lower,35.464135
linux-mshv-virtual-machine,2,1,ddc56e53062587b6fc81997007da8db514e1154a,openvmm_snapshot_restore_guest_exit_teardown,ms,lower,8.6914855
linux-mshv-virtual-machine,2,1,ddc56e53062587b6fc81997007da8db514e1154a,openvmm_snapshot_restore_peak_rss,MiB,lower,57.81640625
linux-mshv-virtual-machine,2,1,ddc56e53062587b6fc81997007da8db514e1154a,shell_snapshot_cold_128_mib,ms,lower,312.1
linux-mshv-virtual-machine,2,1,ddc56e53062587b6fc81997007da8db514e1154a,shell_snapshot_cold_256_mib,ms,lower,317.1
linux-mshv-virtual-machine,2,1,ddc56e53062587b6fc81997007da8db514e1154a,shell_snapshot_cold_512_mib,ms,lower,324.4
linux-mshv-virtual-machine,2,1,ddc56e53062587b6fc81997007da8db514e1154a,shell_snapshot_restore_128_mib,ms,lower,35
linux-mshv-virtual-machine,2,1,ddc56e53062587b6fc81997007da8db514e1154a,shell_snapshot_restore_256_mib,ms,lower,39.8
linux-mshv-virtual-machine,2,1,ddc56e53062587b6fc81997007da8db514e1154a,shell_snapshot_restore_512_mib,ms,lower,44.1
linux-mshv-virtual-machine,2,1,ddc56e53062587b6fc81997007da8db514e1154a,virtfs_live_read,MB/s,higher,1050
linux-mshv-virtual-machine,2,1,ddc56e53062587b6fc81997007da8db514e1154a,virtfs_live_roundtrip,ms,lower,471.3
linux-mshv-virtual-machine,2,1,ddc56e53062587b6fc81997007da8db514e1154a,virtfs_live_write,MB/s,higher,818.6
linux-mshv-virtual-machine,2,1,ddc56e53062587b6fc81997007da8db514e1154a,virtio_blk_random_read_iops,ops/s,higher,6813.66145267
linux-mshv-virtual-machine,2,1,ddc56e53062587b6fc81997007da8db514e1154a,virtio_blk_random_write_iops,ops/s,higher,6905.73111255
linux-mshv-virtual-machine,2,1,ddc56e53062587b6fc81997007da8db514e1154a,virtio_fs_random_read_iops,ops/s,higher,11632.5169913
linux-mshv-virtual-machine,2,1,ddc56e53062587b6fc81997007da8db514e1154a,virtio_fs_random_write_iops,ops/s,higher,10813.0859481
linux-mshv-virtual-machine,2,1,ddc56e53062587b6fc81997007da8db514e1154a,virtio_net_udp_roundtrip_ops,ops/s,higher,5670.52640928
linux-mshv-virtual-machine,2,1,3d3424aeb96a81ba1aa1462fb18ba0aaf8931715,cold_start_base,ms,lower,282.9
linux-mshv-virtual-machine,2,1,3d3424aeb96a81ba1aa1462fb18ba0aaf8931715,cold_start_clocksource,ms,lower,283.9
linux-mshv-virtual-machine,2,1,3d3424aeb96a81ba1aa1462fb18ba0aaf8931715,cold_start_cryptomgr_notests,ms,lower,284.4
linux-mshv-virtual-machine,2,1,3d3424aeb96a81ba1aa1462fb18ba0aaf8931715,cold_start_mitigations_off,ms,lower,250.3
linux-mshv-virtual-machine,2,1,3d3424aeb96a81ba1aa1462fb18ba0aaf8931715,cold_start_no_timer_check,ms,lower,240.6
linux-mshv-virtual-machine,2,1,3d3424aeb96a81ba1aa1462fb18ba0aaf8931715,cold_start_nokaslr,ms,lower,283.9
linux-mshv-virtual-machine,2,1,3d3424aeb96a81ba1aa1462fb18ba0aaf8931715,cold_start_random_trust_cpu,ms,lower,282.6
linux-mshv-virtual-machine,2,1,3d3424aeb96a81ba1aa1462fb18ba0aaf8931715,cold_start_rcu_expedited,ms,lower,285.2
linux-mshv-virtual-machine,2,1,3d3424aeb96a81ba1aa1462fb18ba0aaf8931715,cold_start_tsc_reliable,ms,lower,283.6
linux-mshv-virtual-machine,2,1,3d3424aeb96a81ba1aa1462fb18ba0aaf8931715,network_snapshot_cold,ms,lower,294.6
linux-mshv-virtual-machine,2,1,3d3424aeb96a81ba1aa1462fb18ba0aaf8931715,network_snapshot_restore,ms,lower,43.5
linux-mshv-virtual-machine,2,1,3d3424aeb96a81ba1aa1462fb18ba0aaf8931715,network_snapshot_restore_wall,ms,lower,123.9
linux-mshv-virtual-machine,2,1,3d3424aeb96a81ba1aa1462fb18ba0aaf8931715,openvmm_cold_start,ms,lower,205.9594485
linux-mshv-virtual-machine,2,1,3d3424aeb96a81ba1aa1462fb18ba0aaf8931715,openvmm_cold_start_guest_exit_teardown,ms,lower,23.6470975
linux-mshv-virtual-machine,2,1,3d3424aeb96a81ba1aa1462fb18ba0aaf8931715,openvmm_cold_start_peak_rss,MiB,lower,78.02734375
linux-mshv-virtual-machine,2,1,3d3424aeb96a81ba1aa1462fb18ba0aaf8931715,openvmm_snapshot_generation,ms,lower,4.201659
linux-mshv-virtual-machine,2,1,3d3424aeb96a81ba1aa1462fb18ba0aaf8931715,openvmm_snapshot_generation_peak_rss,MiB,lower,80.392578125
linux-mshv-virtual-machine,2,1,3d3424aeb96a81ba1aa1462fb18ba0aaf8931715,openvmm_snapshot_restore,ms,lower,35.528149
linux-mshv-virtual-machine,2,1,3d3424aeb96a81ba1aa1462fb18ba0aaf8931715,openvmm_snapshot_restore_guest_exit_teardown,ms,lower,8.7673635
linux-mshv-virtual-machine,2,1,3d3424aeb96a81ba1aa1462fb18ba0aaf8931715,openvmm_snapshot_restore_peak_rss,MiB,lower,57.87890625
linux-mshv-virtual-machine,2,1,3d3424aeb96a81ba1aa1462fb18ba0aaf8931715,shell_snapshot_cold_128_mib,ms,lower,281.3
linux-mshv-virtual-machine,2,1,3d3424aeb96a81ba1aa1462fb18ba0aaf8931715,shell_snapshot_cold_256_mib,ms,lower,287
linux-mshv-virtual-machine,2,1,3d3424aeb96a81ba1aa1462fb18ba0aaf8931715,shell_snapshot_cold_512_mib,ms,lower,296.7
linux-mshv-virtual-machine,2,1,3d3424aeb96a81ba1aa1462fb18ba0aaf8931715,shell_snapshot_restore_128_mib,ms,lower,33.6
linux-mshv-virtual-machine,2,1,3d3424aeb96a81ba1aa1462fb18ba0aaf8931715,shell_snapshot_restore_256_mib,ms,lower,38.3
linux-mshv-virtual-machine,2,1,3d3424aeb96a81ba1aa1462fb18ba0aaf8931715,shell_snapshot_restore_512_mib,ms,lower,44.2
linux-mshv-virtual-machine,2,1,3d3424aeb96a81ba1aa1462fb18ba0aaf8931715,virtfs_live_read,MB/s,higher,1100
linux-mshv-virtual-machine,2,1,3d3424aeb96a81ba1aa1462fb18ba0aaf8931715,virtfs_live_roundtrip,ms,lower,429.4
linux-mshv-virtual-machine,2,1,3d3424aeb96a81ba1aa1462fb18ba0aaf8931715,virtfs_live_write,MB/s,higher,899.4
linux-mshv-virtual-machine,2,1,3d3424aeb96a81ba1aa1462fb18ba0aaf8931715,virtio_blk_random_read_iops,ops/s,higher,8023.46178206
linux-mshv-virtual-machine,2,1,3d3424aeb96a81ba1aa1462fb18ba0aaf8931715,virtio_blk_random_write_iops,ops/s,higher,8210.58793232
linux-mshv-virtual-machine,2,1,3d3424aeb96a81ba1aa1462fb18ba0aaf8931715,virtio_fs_random_read_iops,ops/s,higher,12047.51625
linux-mshv-virtual-machine,2,1,3d3424aeb96a81ba1aa1462fb18ba0aaf8931715,virtio_fs_random_write_iops,ops/s,higher,12167.2418621
linux-mshv-virtual-machine,2,1,3d3424aeb96a81ba1aa1462fb18ba0aaf8931715,virtio_net_udp_roundtrip_ops,ops/s,higher,6280.47461508
linux-mshv-virtual-machine,2,1,b3904c6dd62a4b4f9a41a813bcae42247c1a633a,cold_start_base,ms,lower,304.7
linux-mshv-virtual-machine,2,1,b3904c6dd62a4b4f9a41a813bcae42247c1a633a,cold_start_clocksource,ms,lower,304.3
linux-mshv-virtual-machine,2,1,b3904c6dd62a4b4f9a41a813bcae42247c1a633a,cold_start_cryptomgr_notests,ms,lower,305.3
linux-mshv-virtual-machine,2,1,b3904c6dd62a4b4f9a41a813bcae42247c1a633a,cold_start_mitigations_off,ms,lower,269.3
linux-mshv-virtual-machine,2,1,b3904c6dd62a4b4f9a41a813bcae42247c1a633a,cold_start_no_timer_check,ms,lower,258.1
linux-mshv-virtual-machine,2,1,b3904c6dd62a4b4f9a41a813bcae42247c1a633a,cold_start_nokaslr,ms,lower,304.1
linux-mshv-virtual-machine,2,1,b3904c6dd62a4b4f9a41a813bcae42247c1a633a,cold_start_random_trust_cpu,ms,lower,304.2
linux-mshv-virtual-machine,2,1,b3904c6dd62a4b4f9a41a813bcae42247c1a633a,cold_start_rcu_expedited,ms,lower,306.7
linux-mshv-virtual-machine,2,1,b3904c6dd62a4b4f9a41a813bcae42247c1a633a,cold_start_tsc_reliable,ms,lower,303.9
linux-mshv-virtual-machine,2,1,b3904c6dd62a4b4f9a41a813bcae42247c1a633a,network_snapshot_cold,ms,lower,310.6
linux-mshv-virtual-machine,2,1,b3904c6dd62a4b4f9a41a813bcae42247c1a633a,network_snapshot_restore,ms,lower,41.6
linux-mshv-virtual-machine,2,1,b3904c6dd62a4b4f9a41a813bcae42247c1a633a,network_snapshot_restore_wall,ms,lower,113.9
linux-mshv-virtual-machine,2,1,b3904c6dd62a4b4f9a41a813bcae42247c1a633a,openvmm_cold_start,ms,lower,222.3263685
linux-mshv-virtual-machine,2,1,b3904c6dd62a4b4f9a41a813bcae42247c1a633a,openvmm_cold_start_guest_exit_teardown,ms,lower,24.5655865
linux-mshv-virtual-machine,2,1,b3904c6dd62a4b4f9a41a813bcae42247c1a633a,openvmm_cold_start_peak_rss,MiB,lower,78.02734375
linux-mshv-virtual-machine,2,1,b3904c6dd62a4b4f9a41a813bcae42247c1a633a,openvmm_snapshot_generation,ms,lower,3.8885655
linux-mshv-virtual-machine,2,1,b3904c6dd62a4b4f9a41a813bcae42247c1a633a,openvmm_snapshot_generation_peak_rss,MiB,lower,80.4609375
linux-mshv-virtual-machine,2,1,b3904c6dd62a4b4f9a41a813bcae42247c1a633a,openvmm_snapshot_restore,ms,lower,35.202125
linux-mshv-virtual-machine,2,1,b3904c6dd62a4b4f9a41a813bcae42247c1a633a,openvmm_snapshot_restore_guest_exit_teardown,ms,lower,8.5877705
linux-mshv-virtual-machine,2,1,b3904c6dd62a4b4f9a41a813bcae42247c1a633a,openvmm_snapshot_restore_peak_rss,MiB,lower,57.87890625
linux-mshv-virtual-machine,2,1,b3904c6dd62a4b4f9a41a813bcae42247c1a633a,shell_snapshot_cold_128_mib,ms,lower,304.7
linux-mshv-virtual-machine,2,1,b3904c6dd62a4b4f9a41a813bcae42247c1a633a,shell_snapshot_cold_256_mib,ms,lower,309.4
linux-mshv-virtual-machine,2,1,b3904c6dd62a4b4f9a41a813bcae42247c1a633a,shell_snapshot_cold_512_mib,ms,lower,316.7
linux-mshv-virtual-machine,2,1,b3904c6dd62a4b4f9a41a813bcae42247c1a633a,shell_snapshot_restore_128_mib,ms,lower,33.7
linux-mshv-virtual-machine,2,1,b3904c6dd62a4b4f9a41a813bcae42247c1a633a,shell_snapshot_restore_256_mib,ms,lower,38.1
linux-mshv-virtual-machine,2,1,b3904c6dd62a4b4f9a41a813bcae42247c1a633a,shell_snapshot_restore_512_mib,ms,lower,43.2
linux-mshv-virtual-machine,2,1,b3904c6dd62a4b4f9a41a813bcae42247c1a633a,virtfs_live_read,MB/s,higher,1100
linux-mshv-virtual-machine,2,1,b3904c6dd62a4b4f9a41a813bcae42247c1a633a,virtfs_live_roundtrip,ms,lower,459.5
linux-mshv-virtual-machine,2,1,b3904c6dd62a4b4f9a41a813bcae42247c1a633a,virtfs_live_write,MB/s,higher,852.8
linux-mshv-virtual-machine,2,1,b3904c6dd62a4b4f9a41a813bcae42247c1a633a,virtio_blk_random_read_iops,ops/s,higher,7426.33248061
linux-mshv-virtual-machine,2,1,b3904c6dd62a4b4f9a41a813bcae42247c1a633a,virtio_blk_random_write_iops,ops/s,higher,7397.23462807
linux-mshv-virtual-machine,2,1,b3904c6dd62a4b4f9a41a813bcae42247c1a633a,virtio_fs_random_read_iops,ops/s,higher,11168.569242
linux-mshv-virtual-machine,2,1,b3904c6dd62a4b4f9a41a813bcae42247c1a633a,virtio_fs_random_write_iops,ops/s,higher,10861.4781823
linux-mshv-virtual-machine,2,1,b3904c6dd62a4b4f9a41a813bcae42247c1a633a,virtio_net_udp_roundtrip_ops,ops/s,higher,6307.35641461
linux-mshv-virtual-machine,2,1,2f6869464389eecdf3aa7fed6e0e670d4299afb7,cold_start_base,ms,lower,304.2
linux-mshv-virtual-machine,2,1,2f6869464389eecdf3aa7fed6e0e670d4299afb7,cold_start_clocksource,ms,lower,304.5
linux-mshv-virtual-machine,2,1,2f6869464389eecdf3aa7fed6e0e670d4299afb7,cold_start_cryptomgr_notests,ms,lower,302.9
linux-mshv-virtual-machine,2,1,2f6869464389eecdf3aa7fed6e0e670d4299afb7,cold_start_mitigations_off,ms,lower,269
linux-mshv-virtual-machine,2,1,2f6869464389eecdf3aa7fed6e0e670d4299afb7,cold_start_no_timer_check,ms,lower,257.7
linux-mshv-virtual-machine,2,1,2f6869464389eecdf3aa7fed6e0e670d4299afb7,cold_start_nokaslr,ms,lower,302.9
linux-mshv-virtual-machine,2,1,2f6869464389eecdf3aa7fed6e0e670d4299afb7,cold_start_random_trust_cpu,ms,lower,303.7
linux-mshv-virtual-machine,2,1,2f6869464389eecdf3aa7fed6e0e670d4299afb7,cold_start_rcu_expedited,ms,lower,303.5
linux-mshv-virtual-machine,2,1,2f6869464389eecdf3aa7fed6e0e670d4299afb7,cold_start_tsc_reliable,ms,lower,304.6
linux-mshv-virtual-machine,2,1,2f6869464389eecdf3aa7fed6e0e670d4299afb7,network_snapshot_cold,ms,lower,311.5
linux-mshv-virtual-machine,2,1,2f6869464389eecdf3aa7fed6e0e670d4299afb7,network_snapshot_restore,ms,lower,42.4
linux-mshv-virtual-machine,2,1,2f6869464389eecdf3aa7fed6e0e670d4299afb7,network_snapshot_restore_wall,ms,lower,115.9
linux-mshv-virtual-machine,2,1,2f6869464389eecdf3aa7fed6e0e670d4299afb7,openvmm_cold_start,ms,lower,223.0602065
linux-mshv-virtual-machine,2,1,2f6869464389eecdf3aa7fed6e0e670d4299afb7,openvmm_cold_start_guest_exit_teardown,ms,lower,25.00731
linux-mshv-virtual-machine,2,1,2f6869464389eecdf3aa7fed6e0e670d4299afb7,openvmm_cold_start_peak_rss,MiB,lower,78.02734375
linux-mshv-virtual-machine,2,1,2f6869464389eecdf3aa7fed6e0e670d4299afb7,openvmm_snapshot_generation,ms,lower,3.8789205
linux-mshv-virtual-machine,2,1,2f6869464389eecdf3aa7fed6e0e670d4299afb7,openvmm_snapshot_generation_peak_rss,MiB,lower,80.458984375
linux-mshv-virtual-machine,2,1,2f6869464389eecdf3aa7fed6e0e670d4299afb7,openvmm_snapshot_restore,ms,lower,34.372525
linux-mshv-virtual-machine,2,1,2f6869464389eecdf3aa7fed6e0e670d4299afb7,openvmm_snapshot_restore_guest_exit_teardown,ms,lower,8.383683
linux-mshv-virtual-machine,2,1,2f6869464389eecdf3aa7fed6e0e670d4299afb7,openvmm_snapshot_restore_peak_rss,MiB,lower,57.87890625
linux-mshv-virtual-machine,2,1,2f6869464389eecdf3aa7fed6e0e670d4299afb7,shell_snapshot_cold_128_mib,ms,lower,303.1
linux-mshv-virtual-machine,2,1,2f6869464389eecdf3aa7fed6e0e670d4299afb7,shell_snapshot_cold_256_mib,ms,lower,308.5
linux-mshv-virtual-machine,2,1,2f6869464389eecdf3aa7fed6e0e670d4299afb7,shell_snapshot_cold_512_mib,ms,lower,317.5
linux-mshv-virtual-machine,2,1,2f6869464389eecdf3aa7fed6e0e670d4299afb7,shell_snapshot_restore_128_mib,ms,lower,33.6
linux-mshv-virtual-machine,2,1,2f6869464389eecdf3aa7fed6e0e670d4299afb7,shell_snapshot_restore_256_mib,ms,lower,38.1
linux-mshv-virtual-machine,2,1,2f6869464389eecdf3aa7fed6e0e670d4299afb7,shell_snapshot_restore_512_mib,ms,lower,42.6
linux-mshv-virtual-machine,2,1,2f6869464389eecdf3aa7fed6e0e670d4299afb7,virtfs_live_read,MB/s,higher,1100
linux-mshv-virtual-machine,2,1,2f6869464389eecdf3aa7fed6e0e670d4299afb7,virtfs_live_roundtrip,ms,lower,451.4
linux-mshv-virtual-machine,2,1,2f6869464389eecdf3aa7fed6e0e670d4299afb7,virtfs_live_write,MB/s,higher,851.7
linux-mshv-virtual-machine,2,1,2f6869464389eecdf3aa7fed6e0e670d4299afb7,virtio_blk_random_read_iops,ops/s,higher,7376.15314515
linux-mshv-virtual-machine,2,1,2f6869464389eecdf3aa7fed6e0e670d4299afb7,virtio_blk_random_write_iops,ops/s,higher,7423.42582938
linux-mshv-virtual-machine,2,1,2f6869464389eecdf3aa7fed6e0e670d4299afb7,virtio_fs_random_read_iops,ops/s,higher,10465.3690326
linux-mshv-virtual-machine,2,1,2f6869464389eecdf3aa7fed6e0e670d4299afb7,virtio_fs_random_write_iops,ops/s,higher,10507.5986336
linux-mshv-virtual-machine,2,1,2f6869464389eecdf3aa7fed6e0e670d4299afb7,virtio_net_udp_roundtrip_ops,ops/s,higher,6315.43813148
linux-mshv-virtual-machine,2,1,aeb5b9154456755b410c6d926d63867f1c027930,cold_start_base,ms,lower,308.9
linux-mshv-virtual-machine,2,1,aeb5b9154456755b410c6d926d63867f1c027930,cold_start_clocksource,ms,lower,309.9
linux-mshv-virtual-machine,2,1,aeb5b9154456755b410c6d926d63867f1c027930,cold_start_cryptomgr_notests,ms,lower,309.1
linux-mshv-virtual-machine,2,1,aeb5b9154456755b410c6d926d63867f1c027930,cold_start_mitigations_off,ms,lower,272.4
linux-mshv-virtual-machine,2,1,aeb5b9154456755b410c6d926d63867f1c027930,cold_start_no_timer_check,ms,lower,263.4
linux-mshv-virtual-machine,2,1,aeb5b9154456755b410c6d926d63867f1c027930,cold_start_nokaslr,ms,lower,309.1
linux-mshv-virtual-machine,2,1,aeb5b9154456755b410c6d926d63867f1c027930,cold_start_random_trust_cpu,ms,lower,309.6
linux-mshv-virtual-machine,2,1,aeb5b9154456755b410c6d926d63867f1c027930,cold_start_rcu_expedited,ms,lower,308.8
linux-mshv-virtual-machine,2,1,aeb5b9154456755b410c6d926d63867f1c027930,cold_start_tsc_reliable,ms,lower,309.4
linux-mshv-virtual-machine,2,1,aeb5b9154456755b410c6d926d63867f1c027930,network_snapshot_cold,ms,lower,316.9
linux-mshv-virtual-machine,2,1,aeb5b9154456755b410c6d926d63867f1c027930,network_snapshot_restore,ms,lower,40.4
linux-mshv-virtual-machine,2,1,aeb5b9154456755b410c6d926d63867f1c027930,network_snapshot_restore_wall,ms,lower,111.9
linux-mshv-virtual-machine,2,1,aeb5b9154456755b410c6d926d63867f1c027930,openvmm_cold_start,ms,lower,226.701207
linux-mshv-virtual-machine,2,1,aeb5b9154456755b410c6d926d63867f1c027930,openvmm_cold_start_guest_exit_teardown,ms,lower,26.1488515
linux-mshv-virtual-machine,2,1,aeb5b9154456755b410c6d926d63867f1c027930,openvmm_cold_start_peak_rss,MiB,lower,78.02734375
linux-mshv-virtual-machine,2,1,aeb5b9154456755b410c6d926d63867f1c027930,openvmm_snapshot_generation,ms,lower,4.008777
linux-mshv-virtual-machine,2,1,aeb5b9154456755b410c6d926d63867f1c027930,openvmm_snapshot_generation_peak_rss,MiB,lower,80.455078125
linux-mshv-virtual-machine,2,1,aeb5b9154456755b410c6d926d63867f1c027930,openvmm_snapshot_restore,ms,lower,33.562146
linux-mshv-virtual-machine,2,1,aeb5b9154456755b410c6d926d63867f1c027930,openvmm_snapshot_restore_guest_exit_teardown,ms,lower,8.354599
linux-mshv-virtual-machine,2,1,aeb5b9154456755b410c6d926d63867f1c027930,openvmm_snapshot_restore_peak_rss,MiB,lower,57.87890625
linux-mshv-virtual-machine,2,1,aeb5b9154456755b410c6d926d63867f1c027930,shell_snapshot_cold_128_mib,ms,lower,309.8
linux-mshv-virtual-machine,2,1,aeb5b9154456755b410c6d926d63867f1c027930,shell_snapshot_cold_256_mib,ms,lower,312.3
linux-mshv-virtual-machine,2,1,aeb5b9154456755b410c6d926d63867f1c027930,shell_snapshot_cold_512_mib,ms,lower,320.5
linux-mshv-virtual-machine,2,1,aeb5b9154456755b410c6d926d63867f1c027930,shell_snapshot_restore_128_mib,ms,lower,32.1
linux-mshv-virtual-machine,2,1,aeb5b9154456755b410c6d926d63867f1c027930,shell_snapshot_restore_256_mib,ms,lower,36.2
linux-mshv-virtual-machine,2,1,aeb5b9154456755b410c6d926d63867f1c027930,shell_snapshot_restore_512_mib,ms,lower,40.5
linux-mshv-virtual-machine,2,1,aeb5b9154456755b410c6d926d63867f1c027930,virtfs_live_read,MB/s,higher,1011.5
linux-mshv-virtual-machine,2,1,aeb5b9154456755b410c6d926d63867f1c027930,virtfs_live_roundtrip,ms,lower,467.4
linux-mshv-virtual-machine,2,1,aeb5b9154456755b410c6d926d63867f1c027930,virtfs_live_write,MB/s,higher,804.8
linux-mshv-virtual-machine,2,1,aeb5b9154456755b410c6d926d63867f1c027930,virtio_blk_random_read_iops,ops/s,higher,6684.95355172
linux-mshv-virtual-machine,2,1,aeb5b9154456755b410c6d926d63867f1c027930,virtio_blk_random_write_iops,ops/s,higher,6980.26322097
linux-mshv-virtual-machine,2,1,aeb5b9154456755b410c6d926d63867f1c027930,virtio_fs_random_read_iops,ops/s,higher,10924.4133968
linux-mshv-virtual-machine,2,1,aeb5b9154456755b410c6d926d63867f1c027930,virtio_fs_random_write_iops,ops/s,higher,10567.8969138
linux-mshv-virtual-machine,2,1,aeb5b9154456755b410c6d926d63867f1c027930,virtio_net_udp_roundtrip_ops,ops/s,higher,5816.7545402
linux-mshv-virtual-machine,2,1,1cb930f45360f45f5f489da6a9f0ce4d7d0e2296,cold_start_base,ms,lower,311.7
linux-mshv-virtual-machine,2,1,1cb930f45360f45f5f489da6a9f0ce4d7d0e2296,cold_start_clocksource,ms,lower,312.2
linux-mshv-virtual-machine,2,1,1cb930f45360f45f5f489da6a9f0ce4d7d0e2296,cold_start_cryptomgr_notests,ms,lower,316
linux-mshv-virtual-machine,2,1,1cb930f45360f45f5f489da6a9f0ce4d7d0e2296,cold_start_mitigations_off,ms,lower,278.5
linux-mshv-virtual-machine,2,1,1cb930f45360f45f5f489da6a9f0ce4d7d0e2296,cold_start_no_timer_check,ms,lower,265.8
linux-mshv-virtual-machine,2,1,1cb930f45360f45f5f489da6a9f0ce4d7d0e2296,cold_start_nokaslr,ms,lower,313.6
linux-mshv-virtual-machine,2,1,1cb930f45360f45f5f489da6a9f0ce4d7d0e2296,cold_start_random_trust_cpu,ms,lower,311.5
linux-mshv-virtual-machine,2,1,1cb930f45360f45f5f489da6a9f0ce4d7d0e2296,cold_start_rcu_expedited,ms,lower,311.6
linux-mshv-virtual-machine,2,1,1cb930f45360f45f5f489da6a9f0ce4d7d0e2296,cold_start_tsc_reliable,ms,lower,313.5
linux-mshv-virtual-machine,2,1,1cb930f45360f45f5f489da6a9f0ce4d7d0e2296,network_snapshot_cold,ms,lower,319.7
linux-mshv-virtual-machine,2,1,1cb930f45360f45f5f489da6a9f0ce4d7d0e2296,network_snapshot_restore,ms,lower,44.2
linux-mshv-virtual-machine,2,1,1cb930f45360f45f5f489da6a9f0ce4d7d0e2296,network_snapshot_restore_wall,ms,lower,116.4
linux-mshv-virtual-machine,2,1,1cb930f45360f45f5f489da6a9f0ce4d7d0e2296,openvmm_cold_start,ms,lower,230.0005325
linux-mshv-virtual-machine,2,1,1cb930f45360f45f5f489da6a9f0ce4d7d0e2296,openvmm_cold_start_guest_exit_teardown,ms,lower,25.8184125
linux-mshv-virtual-machine,2,1,1cb930f45360f45f5f489da6a9f0ce4d7d0e2296,openvmm_cold_start_peak_rss,MiB,lower,78.1640625
linux-mshv-virtual-machine,2,1,1cb930f45360f45f5f489da6a9f0ce4d7d0e2296,openvmm_snapshot_generation,ms,lower,4.0141215
linux-mshv-virtual-machine,2,1,1cb930f45360f45f5f489da6a9f0ce4d7d0e2296,openvmm_snapshot_generation_peak_rss,MiB,lower,80.654296875
linux-mshv-virtual-machine,2,1,1cb930f45360f45f5f489da6a9f0ce4d7d0e2296,openvmm_snapshot_restore,ms,lower,35.6200035
linux-mshv-virtual-machine,2,1,1cb930f45360f45f5f489da6a9f0ce4d7d0e2296,openvmm_snapshot_restore_guest_exit_teardown,ms,lower,8.73094
linux-mshv-virtual-machine,2,1,1cb930f45360f45f5f489da6a9f0ce4d7d0e2296,openvmm_snapshot_restore_peak_rss,MiB,lower,58.078125
linux-mshv-virtual-machine,2,1,1cb930f45360f45f5f489da6a9f0ce4d7d0e2296,shell_snapshot_cold_128_mib,ms,lower,312.5
linux-mshv-virtual-machine,2,1,1cb930f45360f45f5f489da6a9f0ce4d7d0e2296,shell_snapshot_cold_256_mib,ms,lower,317.5
linux-mshv-virtual-machine,2,1,1cb930f45360f45f5f489da6a9f0ce4d7d0e2296,shell_snapshot_cold_512_mib,ms,lower,324.9
linux-mshv-virtual-machine,2,1,1cb930f45360f45f5f489da6a9f0ce4d7d0e2296,shell_snapshot_restore_128_mib,ms,lower,35.1
linux-mshv-virtual-machine,2,1,1cb930f45360f45f5f489da6a9f0ce4d7d0e2296,shell_snapshot_restore_256_mib,ms,lower,38.9
linux-mshv-virtual-machine,2,1,1cb930f45360f45f5f489da6a9f0ce4d7d0e2296,shell_snapshot_restore_512_mib,ms,lower,43.7
linux-mshv-virtual-machine,2,1,1cb930f45360f45f5f489da6a9f0ce4d7d0e2296,virtfs_live_read,MB/s,higher,1000
linux-mshv-virtual-machine,2,1,1cb930f45360f45f5f489da6a9f0ce4d7d0e2296,virtfs_live_roundtrip,ms,lower,469.3
linux-mshv-virtual-machine,2,1,1cb930f45360f45f5f489da6a9f0ce4d7d0e2296,virtfs_live_write,MB/s,higher,810.9
linux-mshv-virtual-machine,2,1,1cb930f45360f45f5f489da6a9f0ce4d7d0e2296,virtio_blk_random_read_iops,ops/s,higher,6973.08359984
linux-mshv-virtual-machine,2,1,1cb930f45360f45f5f489da6a9f0ce4d7d0e2296,virtio_blk_random_write_iops,ops/s,higher,6904.09523765
linux-mshv-virtual-machine,2,1,1cb930f45360f45f5f489da6a9f0ce4d7d0e2296,virtio_fs_random_read_iops,ops/s,higher,10183.1396802
linux-mshv-virtual-machine,2,1,1cb930f45360f45f5f489da6a9f0ce4d7d0e2296,virtio_fs_random_write_iops,ops/s,higher,11171.6386178
linux-mshv-virtual-machine,2,1,1cb930f45360f45f5f489da6a9f0ce4d7d0e2296,virtio_net_udp_roundtrip_ops,ops/s,higher,5907.6805942
linux-mshv-virtual-machine,2,1,307aac87da0fd26581a384f5510d95bc84544537,cold_start_base,ms,lower,301.6
linux-mshv-virtual-machine,2,1,307aac87da0fd26581a384f5510d95bc84544537,cold_start_clocksource,ms,lower,304
linux-mshv-virtual-machine,2,1,307aac87da0fd26581a384f5510d95bc84544537,cold_start_cryptomgr_notests,ms,lower,302.9
linux-mshv-virtual-machine,2,1,307aac87da0fd26581a384f5510d95bc84544537,cold_start_mitigations_off,ms,lower,267.7
linux-mshv-virtual-machine,2,1,307aac87da0fd26581a384f5510d95bc84544537,cold_start_no_timer_check,ms,lower,256.6
linux-mshv-virtual-machine,2,1,307aac87da0fd26581a384f5510d95bc84544537,cold_start_nokaslr,ms,lower,303.1
linux-mshv-virtual-machine,2,1,307aac87da0fd26581a384f5510d95bc84544537,cold_start_random_trust_cpu,ms,lower,304.7
linux-mshv-virtual-machine,2,1,307aac87da0fd26581a384f5510d95bc84544537,cold_start_rcu_expedited,ms,lower,302.3
linux-mshv-virtual-machine,2,1,307aac87da0fd26581a384f5510d95bc84544537,cold_start_tsc_reliable,ms,lower,302.5
linux-mshv-virtual-machine,2,1,307aac87da0fd26581a384f5510d95bc84544537,network_snapshot_cold,ms,lower,310.7
linux-mshv-virtual-machine,2,1,307aac87da0fd26581a384f5510d95bc84544537,network_snapshot_restore,ms,lower,40.9
linux-mshv-virtual-machine,2,1,307aac87da0fd26581a384f5510d95bc84544537,network_snapshot_restore_wall,ms,lower,115.9
linux-mshv-virtual-machine,2,1,307aac87da0fd26581a384f5510d95bc84544537,openvmm_cold_start,ms,lower,222.1202655
linux-mshv-virtual-machine,2,1,307aac87da0fd26581a384f5510d95bc84544537,openvmm_cold_start_guest_exit_teardown,ms,lower,25.0464535
linux-mshv-virtual-machine,2,1,307aac87da0fd26581a384f5510d95bc84544537,openvmm_cold_start_peak_rss,MiB,lower,78.1640625
linux-mshv-virtual-machine,2,1,307aac87da0fd26581a384f5510d95bc84544537,openvmm_snapshot_generation,ms,lower,3.768213
linux-mshv-virtual-machine,2,1,307aac87da0fd26581a384f5510d95bc84544537,openvmm_snapshot_generation_peak_rss,MiB,lower,80.65234375
linux-mshv-virtual-machine,2,1,307aac87da0fd26581a384f5510d95bc84544537,openvmm_snapshot_restore,ms,lower,34.1472165
linux-mshv-virtual-machine,2,1,307aac87da0fd26581a384f5510d95bc84544537,openvmm_snapshot_restore_guest_exit_teardown,ms,lower,8.295069
linux-mshv-virtual-machine,2,1,307aac87da0fd26581a384f5510d95bc84544537,openvmm_snapshot_restore_peak_rss,MiB,lower,58.078125
linux-mshv-virtual-machine,2,1,307aac87da0fd26581a384f5510d95bc84544537,shell_snapshot_cold_128_mib,ms,lower,303.3
linux-mshv-virtual-machine,2,1,307aac87da0fd26581a384f5510d95bc84544537,shell_snapshot_cold_256_mib,ms,lower,308.1
linux-mshv-virtual-machine,2,1,307aac87da0fd26581a384f5510d95bc84544537,shell_snapshot_cold_512_mib,ms,lower,315.7
linux-mshv-virtual-machine,2,1,307aac87da0fd26581a384f5510d95bc84544537,shell_snapshot_restore_128_mib,ms,lower,33.5
linux-mshv-virtual-machine,2,1,307aac87da0fd26581a384f5510d95bc84544537,shell_snapshot_restore_256_mib,ms,lower,37.6
linux-mshv-virtual-machine,2,1,307aac87da0fd26581a384f5510d95bc84544537,shell_snapshot_restore_512_mib,ms,lower,41.8
linux-mshv-virtual-machine,2,1,307aac87da0fd26581a384f5510d95bc84544537,virtfs_live_read,MB/s,higher,1100
linux-mshv-virtual-machine,2,1,307aac87da0fd26581a384f5510d95bc84544537,virtfs_live_roundtrip,ms,lower,451.4
linux-mshv-virtual-machine,2,1,307aac87da0fd26581a384f5510d95bc84544537,virtfs_live_write,MB/s,higher,849.2
linux-mshv-virtual-machine,2,1,307aac87da0fd26581a384f5510d95bc84544537,virtio_blk_random_read_iops,ops/s,higher,7474.91679231
linux-mshv-virtual-machine,2,1,307aac87da0fd26581a384f5510d95bc84544537,virtio_blk_random_write_iops,ops/s,higher,7410.75028086
linux-mshv-virtual-machine,2,1,307aac87da0fd26581a384f5510d95bc84544537,virtio_fs_random_read_iops,ops/s,higher,11207.0116276
linux-mshv-virtual-machine,2,1,307aac87da0fd26581a384f5510d95bc84544537,virtio_fs_random_write_iops,ops/s,higher,11036.2154799
linux-mshv-virtual-machine,2,1,307aac87da0fd26581a384f5510d95bc84544537,virtio_net_udp_roundtrip_ops,ops/s,higher,6301.7979686
linux-mshv-virtual-machine,2,1,84b8d9d3e3fa7bd083dc92a097a006ece2fbbb44,cold_start_base,ms,lower,312.4
linux-mshv-virtual-machine,2,1,84b8d9d3e3fa7bd083dc92a097a006ece2fbbb44,cold_start_clocksource,ms,lower,312.7
linux-mshv-virtual-machine,2,1,84b8d9d3e3fa7bd083dc92a097a006ece2fbbb44,cold_start_cryptomgr_notests,ms,lower,313.7
linux-mshv-virtual-machine,2,1,84b8d9d3e3fa7bd083dc92a097a006ece2fbbb44,cold_start_mitigations_off,ms,lower,276.3
linux-mshv-virtual-machine,2,1,84b8d9d3e3fa7bd083dc92a097a006ece2fbbb44,cold_start_no_timer_check,ms,lower,267.6
linux-mshv-virtual-machine,2,1,84b8d9d3e3fa7bd083dc92a097a006ece2fbbb44,cold_start_nokaslr,ms,lower,312
linux-mshv-virtual-machine,2,1,84b8d9d3e3fa7bd083dc92a097a006ece2fbbb44,cold_start_random_trust_cpu,ms,lower,313.4
linux-mshv-virtual-machine,2,1,84b8d9d3e3fa7bd083dc92a097a006ece2fbbb44,cold_start_rcu_expedited,ms,lower,313
linux-mshv-virtual-machine,2,1,84b8d9d3e3fa7bd083dc92a097a006ece2fbbb44,cold_start_tsc_reliable,ms,lower,312.3
linux-mshv-virtual-machine,2,1,84b8d9d3e3fa7bd083dc92a097a006ece2fbbb44,network_snapshot_cold,ms,lower,320.4
linux-mshv-virtual-machine,2,1,84b8d9d3e3fa7bd083dc92a097a006ece2fbbb44,network_snapshot_restore,ms,lower,43.9
linux-mshv-virtual-machine,2,1,84b8d9d3e3fa7bd083dc92a097a006ece2fbbb44,network_snapshot_restore_wall,ms,lower,116
linux-mshv-virtual-machine,2,1,84b8d9d3e3fa7bd083dc92a097a006ece2fbbb44,openvmm_cold_start,ms,lower,230.3663255
linux-mshv-virtual-machine,2,1,84b8d9d3e3fa7bd083dc92a097a006ece2fbbb44,openvmm_cold_start_guest_exit_teardown,ms,lower,26.280162
linux-mshv-virtual-machine,2,1,84b8d9d3e3fa7bd083dc92a097a006ece2fbbb44,openvmm_cold_start_peak_rss,MiB,lower,78.1640625
linux-mshv-virtual-machine,2,1,84b8d9d3e3fa7bd083dc92a097a006ece2fbbb44,openvmm_snapshot_generation,ms,lower,4.08733
linux-mshv-virtual-machine,2,1,84b8d9d3e3fa7bd083dc92a097a006ece2fbbb44,openvmm_snapshot_generation_peak_rss,MiB,lower,80.626953125
linux-mshv-virtual-machine,2,1,84b8d9d3e3fa7bd083dc92a097a006ece2fbbb44,openvmm_snapshot_restore,ms,lower,35.746379
linux-mshv-virtual-machine,2,1,84b8d9d3e3fa7bd083dc92a097a006ece2fbbb44,openvmm_snapshot_restore_guest_exit_teardown,ms,lower,8.667084
linux-mshv-virtual-machine,2,1,84b8d9d3e3fa7bd083dc92a097a006ece2fbbb44,openvmm_snapshot_restore_peak_rss,MiB,lower,58.078125
linux-mshv-virtual-machine,2,1,84b8d9d3e3fa7bd083dc92a097a006ece2fbbb44,shell_snapshot_cold_128_mib,ms,lower,312.5
linux-mshv-virtual-machine,2,1,84b8d9d3e3fa7bd083dc92a097a006ece2fbbb44,shell_snapshot_cold_256_mib,ms,lower,317.1
linux-mshv-virtual-machine,2,1,84b8d9d3e3fa7bd083dc92a097a006ece2fbbb44,shell_snapshot_cold_512_mib,ms,lower,326
linux-mshv-virtual-machine,2,1,84b8d9d3e3fa7bd083dc92a097a006ece2fbbb44,shell_snapshot_restore_128_mib,ms,lower,34.7
linux-mshv-virtual-machine,2,1,84b8d9d3e3fa7bd083dc92a097a006ece2fbbb44,shell_snapshot_restore_256_mib,ms,lower,39.6
linux-mshv-virtual-machine,2,1,84b8d9d3e3fa7bd083dc92a097a006ece2fbbb44,shell_snapshot_restore_512_mib,ms,lower,44.8
linux-mshv-virtual-machine,2,1,84b8d9d3e3fa7bd083dc92a097a006ece2fbbb44,virtfs_live_read,MB/s,higher,1000
linux-mshv-virtual-machine,2,1,84b8d9d3e3fa7bd083dc92a097a006ece2fbbb44,virtfs_live_roundtrip,ms,lower,465.5
linux-mshv-virtual-machine,2,1,84b8d9d3e3fa7bd083dc92a097a006ece2fbbb44,virtfs_live_write,MB/s,higher,800.8
linux-mshv-virtual-machine,2,1,84b8d9d3e3fa7bd083dc92a097a006ece2fbbb44,virtio_blk_random_read_iops,ops/s,higher,6713.15266198
linux-mshv-virtual-machine,2,1,84b8d9d3e3fa7bd083dc92a097a006ece2fbbb44,virtio_blk_random_write_iops,ops/s,higher,6779.25768724
linux-mshv-virtual-machine,2,1,84b8d9d3e3fa7bd083dc92a097a006ece2fbbb44,virtio_fs_random_read_iops,ops/s,higher,11068.9729286
linux-mshv-virtual-machine,2,1,84b8d9d3e3fa7bd083dc92a097a006ece2fbbb44,virtio_fs_random_write_iops,ops/s,higher,10645.0533088
linux-mshv-virtual-machine,2,1,84b8d9d3e3fa7bd083dc92a097a006ece2fbbb44,virtio_net_udp_roundtrip_ops,ops/s,higher,5619.76871641
linux-mshv-virtual-machine,2,1,6f5ea5c2ca0f7103e880a7194820b352f85f7a6f,cold_start_base,ms,lower,306.3
linux-mshv-virtual-machine,2,1,6f5ea5c2ca0f7103e880a7194820b352f85f7a6f,cold_start_clocksource,ms,lower,307
linux-mshv-virtual-machine,2,1,6f5ea5c2ca0f7103e880a7194820b352f85f7a6f,cold_start_cryptomgr_notests,ms,lower,307
linux-mshv-virtual-machine,2,1,6f5ea5c2ca0f7103e880a7194820b352f85f7a6f,cold_start_mitigations_off,ms,lower,271
linux-mshv-virtual-machine,2,1,6f5ea5c2ca0f7103e880a7194820b352f85f7a6f,cold_start_no_timer_check,ms,lower,260.8
linux-mshv-virtual-machine,2,1,6f5ea5c2ca0f7103e880a7194820b352f85f7a6f,cold_start_nokaslr,ms,lower,307.9
linux-mshv-virtual-machine,2,1,6f5ea5c2ca0f7103e880a7194820b352f85f7a6f,cold_start_random_trust_cpu,ms,lower,308.2
linux-mshv-virtual-machine,2,1,6f5ea5c2ca0f7103e880a7194820b352f85f7a6f,cold_start_rcu_expedited,ms,lower,308.5
linux-mshv-virtual-machine,2,1,6f5ea5c2ca0f7103e880a7194820b352f85f7a6f,cold_start_tsc_reliable,ms,lower,307.7
linux-mshv-virtual-machine,2,1,6f5ea5c2ca0f7103e880a7194820b352f85f7a6f,network_snapshot_cold,ms,lower,315.7
linux-mshv-virtual-machine,2,1,6f5ea5c2ca0f7103e880a7194820b352f85f7a6f,network_snapshot_restore,ms,lower,40.3
linux-mshv-virtual-machine,2,1,6f5ea5c2ca0f7103e880a7194820b352f85f7a6f,network_snapshot_restore_wall,ms,lower,113.9
linux-mshv-virtual-machine,2,1,6f5ea5c2ca0f7103e880a7194820b352f85f7a6f,openvmm_cold_start,ms,lower,226.367683
linux-mshv-virtual-machine,2,1,6f5ea5c2ca0f7103e880a7194820b352f85f7a6f,openvmm_cold_start_guest_exit_teardown,ms,lower,25.49277
linux-mshv-virtual-machine,2,1,6f5ea5c2ca0f7103e880a7194820b352f85f7a6f,openvmm_cold_start_peak_rss,MiB,lower,78.1640625
linux-mshv-virtual-machine,2,1,6f5ea5c2ca0f7103e880a7194820b352f85f7a6f,openvmm_snapshot_generation,ms,lower,3.6892145
linux-mshv-virtual-machine,2,1,6f5ea5c2ca0f7103e880a7194820b352f85f7a6f,openvmm_snapshot_generation_peak_rss,MiB,lower,80.60546875
linux-mshv-virtual-machine,2,1,6f5ea5c2ca0f7103e880a7194820b352f85f7a6f,openvmm_snapshot_restore,ms,lower,33.195381
linux-mshv-virtual-machine,2,1,6f5ea5c2ca0f7103e880a7194820b352f85f7a6f,openvmm_snapshot_restore_guest_exit_teardown,ms,lower,8.348431
linux-mshv-virtual-machine,2,1,6f5ea5c2ca0f7103e880a7194820b352f85f7a6f,openvmm_snapshot_restore_peak_rss,MiB,lower,58.078125
linux-mshv-virtual-machine,2,1,6f5ea5c2ca0f7103e880a7194820b352f85f7a6f,shell_snapshot_cold_128_mib,ms,lower,308.1
linux-mshv-virtual-machine,2,1,6f5ea5c2ca0f7103e880a7194820b352f85f7a6f,shell_snapshot_cold_256_mib,ms,lower,309.1
linux-mshv-virtual-machine,2,1,6f5ea5c2ca0f7103e880a7194820b352f85f7a6f,shell_snapshot_cold_512_mib,ms,lower,315.1
linux-mshv-virtual-machine,2,1,6f5ea5c2ca0f7103e880a7194820b352f85f7a6f,shell_snapshot_restore_128_mib,ms,lower,31.3
linux-mshv-virtual-machine,2,1,6f5ea5c2ca0f7103e880a7194820b352f85f7a6f,shell_snapshot_restore_256_mib,ms,lower,35.1
linux-mshv-virtual-machine,2,1,6f5ea5c2ca0f7103e880a7194820b352f85f7a6f,shell_snapshot_restore_512_mib,ms,lower,40.2
linux-mshv-virtual-machine,2,1,6f5ea5c2ca0f7103e880a7194820b352f85f7a6f,virtfs_live_read,MB/s,higher,1100
linux-mshv-virtual-machine,2,1,6f5ea5c2ca0f7103e880a7194820b352f85f7a6f,virtfs_live_roundtrip,ms,lower,463.3
linux-mshv-virtual-machine,2,1,6f5ea5c2ca0f7103e880a7194820b352f85f7a6f,virtfs_live_write,MB/s,higher,860.5
linux-mshv-virtual-machine,2,1,6f5ea5c2ca0f7103e880a7194820b352f85f7a6f,virtio_blk_random_read_iops,ops/s,higher,7113.06788331
linux-mshv-virtual-machine,2,1,6f5ea5c2ca0f7103e880a7194820b352f85f7a6f,virtio_blk_random_write_iops,ops/s,higher,7173.04686497
linux-mshv-virtual-machine,2,1,6f5ea5c2ca0f7103e880a7194820b352f85f7a6f,virtio_fs_random_read_iops,ops/s,higher,10278.8430125
linux-mshv-virtual-machine,2,1,6f5ea5c2ca0f7103e880a7194820b352f85f7a6f,virtio_fs_random_write_iops,ops/s,higher,10651.1109094
linux-mshv-virtual-machine,2,1,6f5ea5c2ca0f7103e880a7194820b352f85f7a6f,virtio_net_udp_roundtrip_ops,ops/s,higher,6367.0017573
linux-mshv-virtual-machine,2,1,89c192e79f0d686b844c1773565adb10ade0c18b,cold_start_base,ms,lower,306.5
linux-mshv-virtual-machine,2,1,89c192e79f0d686b844c1773565adb10ade0c18b,cold_start_clocksource,ms,lower,306.2
linux-mshv-virtual-machine,2,1,89c192e79f0d686b844c1773565adb10ade0c18b,cold_start_cryptomgr_notests,ms,lower,305.7
linux-mshv-virtual-machine,2,1,89c192e79f0d686b844c1773565adb10ade0c18b,cold_start_mitigations_off,ms,lower,271.2
linux-mshv-virtual-machine,2,1,89c192e79f0d686b844c1773565adb10ade0c18b,cold_start_no_timer_check,ms,lower,260.8
linux-mshv-virtual-machine,2,1,89c192e79f0d686b844c1773565adb10ade0c18b,cold_start_nokaslr,ms,lower,307.4
linux-mshv-virtual-machine,2,1,89c192e79f0d686b844c1773565adb10ade0c18b,cold_start_random_trust_cpu,ms,lower,305.9
linux-mshv-virtual-machine,2,1,89c192e79f0d686b844c1773565adb10ade0c18b,cold_start_rcu_expedited,ms,lower,306.3
linux-mshv-virtual-machine,2,1,89c192e79f0d686b844c1773565adb10ade0c18b,cold_start_tsc_reliable,ms,lower,305.8
linux-mshv-virtual-machine,2,1,89c192e79f0d686b844c1773565adb10ade0c18b,network_snapshot_cold,ms,lower,312.3
linux-mshv-virtual-machine,2,1,89c192e79f0d686b844c1773565adb10ade0c18b,network_snapshot_restore,ms,lower,42.4
linux-mshv-virtual-machine,2,1,89c192e79f0d686b844c1773565adb10ade0c18b,network_snapshot_restore_wall,ms,lower,111.8
linux-mshv-virtual-machine,2,1,89c192e79f0d686b844c1773565adb10ade0c18b,openvmm_cold_start,ms,lower,225.76844
linux-mshv-virtual-machine,2,1,89c192e79f0d686b844c1773565adb10ade0c18b,openvmm_cold_start_guest_exit_teardown,ms,lower,25.2907305
linux-mshv-virtual-machine,2,1,89c192e79f0d686b844c1773565adb10ade0c18b,openvmm_cold_start_peak_rss,MiB,lower,78.1640625
linux-mshv-virtual-machine,2,1,89c192e79f0d686b844c1773565adb10ade0c18b,openvmm_snapshot_generation,ms,lower,4.0516655
linux-mshv-virtual-machine,2,1,89c192e79f0d686b844c1773565adb10ade0c18b,openvmm_snapshot_generation_peak_rss,MiB,lower,80.64453125
linux-mshv-virtual-machine,2,1,89c192e79f0d686b844c1773565adb10ade0c18b,openvmm_snapshot_restore,ms,lower,33.368166
linux-mshv-virtual-machine,2,1,89c192e79f0d686b844c1773565adb10ade0c18b,openvmm_snapshot_restore_guest_exit_teardown,ms,lower,8.023382
linux-mshv-virtual-machine,2,1,89c192e79f0d686b844c1773565adb10ade0c18b,openvmm_snapshot_restore_peak_rss,MiB,lower,58.078125
linux-mshv-virtual-machine,2,1,89c192e79f0d686b844c1773565adb10ade0c18b,shell_snapshot_cold_128_mib,ms,lower,305.9
linux-mshv-virtual-machine,2,1,89c192e79f0d686b844c1773565adb10ade0c18b,shell_snapshot_cold_256_mib,ms,lower,308.1
linux-mshv-virtual-machine,2,1,89c192e79f0d686b844c1773565adb10ade0c18b,shell_snapshot_cold_512_mib,ms,lower,313.2
linux-mshv-virtual-machine,2,1,89c192e79f0d686b844c1773565adb10ade0c18b,shell_snapshot_restore_128_mib,ms,lower,33.2
linux-mshv-virtual-machine,2,1,89c192e79f0d686b844c1773565adb10ade0c18b,shell_snapshot_restore_256_mib,ms,lower,34.9
linux-mshv-virtual-machine,2,1,89c192e79f0d686b844c1773565adb10ade0c18b,shell_snapshot_restore_512_mib,ms,lower,39.5
linux-mshv-virtual-machine,2,1,89c192e79f0d686b844c1773565adb10ade0c18b,virtfs_live_read,MB/s,higher,1100
linux-mshv-virtual-machine,2,1,89c192e79f0d686b844c1773565adb10ade0c18b,virtfs_live_roundtrip,ms,lower,455.5
linux-mshv-virtual-machine,2,1,89c192e79f0d686b844c1773565adb10ade0c18b,virtfs_live_write,MB/s,higher,860.1
linux-mshv-virtual-machine,2,1,89c192e79f0d686b844c1773565adb10ade0c18b,virtio_blk_random_read_iops,ops/s,higher,7187.71225679
linux-mshv-virtual-machine,2,1,89c192e79f0d686b844c1773565adb10ade0c18b,virtio_blk_random_write_iops,ops/s,higher,7397.22716402
linux-mshv-virtual-machine,2,1,89c192e79f0d686b844c1773565adb10ade0c18b,virtio_fs_random_read_iops,ops/s,higher,11338.9486691
linux-mshv-virtual-machine,2,1,89c192e79f0d686b844c1773565adb10ade0c18b,virtio_fs_random_write_iops,ops/s,higher,10647.3490835
linux-mshv-virtual-machine,2,1,89c192e79f0d686b844c1773565adb10ade0c18b,virtio_net_udp_roundtrip_ops,ops/s,higher,6453.78608964
linux-mshv-virtual-machine,2,1,ba3bc5ce070956681cab67a28dc9f0fdc7c2d675,cold_start_base,ms,lower,299
linux-mshv-virtual-machine,2,1,ba3bc5ce070956681cab67a28dc9f0fdc7c2d675,cold_start_clocksource,ms,lower,298.5
linux-mshv-virtual-machine,2,1,ba3bc5ce070956681cab67a28dc9f0fdc7c2d675,cold_start_cryptomgr_notests,ms,lower,297.9
linux-mshv-virtual-machine,2,1,ba3bc5ce070956681cab67a28dc9f0fdc7c2d675,cold_start_mitigations_off,ms,lower,263.3
linux-mshv-virtual-machine,2,1,ba3bc5ce070956681cab67a28dc9f0fdc7c2d675,cold_start_no_timer_check,ms,lower,252.1
linux-mshv-virtual-machine,2,1,ba3bc5ce070956681cab67a28dc9f0fdc7c2d675,cold_start_nokaslr,ms,lower,298.2
linux-mshv-virtual-machine,2,1,ba3bc5ce070956681cab67a28dc9f0fdc7c2d675,cold_start_random_trust_cpu,ms,lower,298.8
linux-mshv-virtual-machine,2,1,ba3bc5ce070956681cab67a28dc9f0fdc7c2d675,cold_start_rcu_expedited,ms,lower,299
linux-mshv-virtual-machine,2,1,ba3bc5ce070956681cab67a28dc9f0fdc7c2d675,cold_start_tsc_reliable,ms,lower,298.4
linux-mshv-virtual-machine,2,1,ba3bc5ce070956681cab67a28dc9f0fdc7c2d675,network_snapshot_cold,ms,lower,306
linux-mshv-virtual-machine,2,1,ba3bc5ce070956681cab67a28dc9f0fdc7c2d675,network_snapshot_restore,ms,lower,37.8
linux-mshv-virtual-machine,2,1,ba3bc5ce070956681cab67a28dc9f0fdc7c2d675,network_snapshot_restore_wall,ms,lower,111.9
linux-mshv-virtual-machine,2,1,ba3bc5ce070956681cab67a28dc9f0fdc7c2d675,openvmm_cold_start,ms,lower,214.8191135
linux-mshv-virtual-machine,2,1,ba3bc5ce070956681cab67a28dc9f0fdc7c2d675,openvmm_cold_start_guest_exit_teardown,ms,lower,24.2828085
linux-mshv-virtual-machine,2,1,ba3bc5ce070956681cab67a28dc9f0fdc7c2d675,openvmm_cold_start_peak_rss,MiB,lower,78.1640625
linux-mshv-virtual-machine,2,1,ba3bc5ce070956681cab67a28dc9f0fdc7c2d675,openvmm_snapshot_generation,ms,lower,3.7435155
linux-mshv-virtual-machine,2,1,ba3bc5ce070956681cab67a28dc9f0fdc7c2d675,openvmm_snapshot_generation_peak_rss,MiB,lower,80.63671875
linux-mshv-virtual-machine,2,1,ba3bc5ce070956681cab67a28dc9f0fdc7c2d675,openvmm_snapshot_restore,ms,lower,29.5416235
linux-mshv-virtual-machine,2,1,ba3bc5ce070956681cab67a28dc9f0fdc7c2d675,openvmm_snapshot_restore_guest_exit_teardown,ms,lower,7.6167285
linux-mshv-virtual-machine,2,1,ba3bc5ce070956681cab67a28dc9f0fdc7c2d675,openvmm_snapshot_restore_peak_rss,MiB,lower,58.078125
linux-mshv-virtual-machine,2,1,ba3bc5ce070956681cab67a28dc9f0fdc7c2d675,shell_snapshot_cold_128_mib,ms,lower,298.2
linux-mshv-virtual-machine,2,1,ba3bc5ce070956681cab67a28dc9f0fdc7c2d675,shell_snapshot_cold_256_mib,ms,lower,301.3
linux-mshv-virtual-machine,2,1,ba3bc5ce070956681cab67a28dc9f0fdc7c2d675,shell_snapshot_cold_512_mib,ms,lower,308.6
linux-mshv-virtual-machine,2,1,ba3bc5ce070956681cab67a28dc9f0fdc7c2d675,shell_snapshot_restore_128_mib,ms,lower,29.3
linux-mshv-virtual-machine,2,1,ba3bc5ce070956681cab67a28dc9f0fdc7c2d675,shell_snapshot_restore_256_mib,ms,lower,33.3
linux-mshv-virtual-machine,2,1,ba3bc5ce070956681cab67a28dc9f0fdc7c2d675,shell_snapshot_restore_512_mib,ms,lower,38
linux-mshv-virtual-machine,2,1,ba3bc5ce070956681cab67a28dc9f0fdc7c2d675,virtfs_live_read,MB/s,higher,1100
linux-mshv-virtual-machine,2,1,ba3bc5ce070956681cab67a28dc9f0fdc7c2d675,virtfs_live_roundtrip,ms,lower,455.4
linux-mshv-virtual-machine,2,1,ba3bc5ce070956681cab67a28dc9f0fdc7c2d675,virtfs_live_write,MB/s,higher,871.7
linux-mshv-virtual-machine,2,1,ba3bc5ce070956681cab67a28dc9f0fdc7c2d675,virtio_blk_random_read_iops,ops/s,higher,7434.31092163
linux-mshv-virtual-machine,2,1,ba3bc5ce070956681cab67a28dc9f0fdc7c2d675,virtio_blk_random_write_iops,ops/s,higher,7303.97312673
linux-mshv-virtual-machine,2,1,ba3bc5ce070956681cab67a28dc9f0fdc7c2d675,virtio_fs_random_read_iops,ops/s,higher,11284.0062949
linux-mshv-virtual-machine,2,1,ba3bc5ce070956681cab67a28dc9f0fdc7c2d675,virtio_fs_random_write_iops,ops/s,higher,11399.2434027
linux-mshv-virtual-machine,2,1,ba3bc5ce070956681cab67a28dc9f0fdc7c2d675,virtio_net_udp_roundtrip_ops,ops/s,higher,6302.63135641
linux-mshv-virtual-machine,2,1,63b31d25488c312040e08147a9449a983678198b,cold_start_base,ms,lower,304.4
linux-mshv-virtual-machine,2,1,63b31d25488c312040e08147a9449a983678198b,cold_start_clocksource,ms,lower,305.1
linux-mshv-virtual-machine,2,1,63b31d25488c312040e08147a9449a983678198b,cold_start_cryptomgr_notests,ms,lower,304.5
linux-mshv-virtual-machine,2,1,63b31d25488c312040e08147a9449a983678198b,cold_start_mitigations_off,ms,lower,269.1
linux-mshv-virtual-machine,2,1,63b31d25488c312040e08147a9449a983678198b,cold_start_no_timer_check,ms,lower,259.5
linux-mshv-virtual-machine,2,1,63b31d25488c312040e08147a9449a983678198b,cold_start_nokaslr,ms,lower,305.7
linux-mshv-virtual-machine,2,1,63b31d25488c312040e08147a9449a983678198b,cold_start_random_trust_cpu,ms,lower,305.1
linux-mshv-virtual-machine,2,1,63b31d25488c312040e08147a9449a983678198b,cold_start_rcu_expedited,ms,lower,305.2
linux-mshv-virtual-machine,2,1,63b31d25488c312040e08147a9449a983678198b,cold_start_tsc_reliable,ms,lower,305.3
linux-mshv-virtual-machine,2,1,63b31d25488c312040e08147a9449a983678198b,network_snapshot_cold,ms,lower,312.8
linux-mshv-virtual-machine,2,1,63b31d25488c312040e08147a9449a983678198b,network_snapshot_restore,ms,lower,39.2
linux-mshv-virtual-machine,2,1,63b31d25488c312040e08147a9449a983678198b,network_snapshot_restore_wall,ms,lower,109.9
linux-mshv-virtual-machine,2,1,63b31d25488c312040e08147a9449a983678198b,openvmm_cold_start,ms,lower,223.5777315
linux-mshv-virtual-machine,2,1,63b31d25488c312040e08147a9449a983678198b,openvmm_cold_start_guest_exit_teardown,ms,lower,24.3446585
linux-mshv-virtual-machine,2,1,63b31d25488c312040e08147a9449a983678198b,openvmm_cold_start_peak_rss,MiB,lower,78.1640625
linux-mshv-virtual-machine,2,1,63b31d25488c312040e08147a9449a983678198b,openvmm_snapshot_generation,ms,lower,3.769418
linux-mshv-virtual-machine,2,1,63b31d25488c312040e08147a9449a983678198b,openvmm_snapshot_generation_peak_rss,MiB,lower,80.65625
linux-mshv-virtual-machine,2,1,63b31d25488c312040e08147a9449a983678198b,openvmm_snapshot_restore,ms,lower,32.068673
linux-mshv-virtual-machine,2,1,63b31d25488c312040e08147a9449a983678198b,openvmm_snapshot_restore_guest_exit_teardown,ms,lower,8.0309935
linux-mshv-virtual-machine,2,1,63b31d25488c312040e08147a9449a983678198b,openvmm_snapshot_restore_peak_rss,MiB,lower,58.078125
linux-mshv-virtual-machine,2,1,63b31d25488c312040e08147a9449a983678198b,shell_snapshot_cold_128_mib,ms,lower,304.9
linux-mshv-virtual-machine,2,1,63b31d25488c312040e08147a9449a983678198b,shell_snapshot_cold_256_mib,ms,lower,307
linux-mshv-virtual-machine,2,1,63b31d25488c312040e08147a9449a983678198b,shell_snapshot_cold_512_mib,ms,lower,314.7
linux-mshv-virtual-machine,2,1,63b31d25488c312040e08147a9449a983678198b,shell_snapshot_restore_128_mib,ms,lower,31.4
linux-mshv-virtual-machine,2,1,63b31d25488c312040e08147a9449a983678198b,shell_snapshot_restore_256_mib,ms,lower,35.1
linux-mshv-virtual-machine,2,1,63b31d25488c312040e08147a9449a983678198b,shell_snapshot_restore_512_mib,ms,lower,40
linux-mshv-virtual-machine,2,1,63b31d25488c312040e08147a9449a983678198b,virtfs_live_read,MB/s,higher,1100
linux-mshv-virtual-machine,2,1,63b31d25488c312040e08147a9449a983678198b,virtfs_live_roundtrip,ms,lower,453.5
linux-mshv-virtual-machine,2,1,63b31d25488c312040e08147a9449a983678198b,virtfs_live_write,MB/s,higher,877.2
linux-mshv-virtual-machine,2,1,63b31d25488c312040e08147a9449a983678198b,virtio_blk_random_read_iops,ops/s,higher,7386.19384948
linux-mshv-virtual-machine,2,1,63b31d25488c312040e08147a9449a983678198b,virtio_blk_random_write_iops,ops/s,higher,7355.14999843
linux-mshv-virtual-machine,2,1,63b31d25488c312040e08147a9449a983678198b,virtio_fs_random_read_iops,ops/s,higher,10706.5851325
linux-mshv-virtual-machine,2,1,63b31d25488c312040e08147a9449a983678198b,virtio_fs_random_write_iops,ops/s,higher,10702.7709586
linux-mshv-virtual-machine,2,1,63b31d25488c312040e08147a9449a983678198b,virtio_net_udp_roundtrip_ops,ops/s,higher,6277.86678685
linux-mshv-virtual-machine,2,1,96152c20a330404d6a75ef37c58940f48e978058,cold_start_base,ms,lower,304.6
linux-mshv-virtual-machine,2,1,96152c20a330404d6a75ef37c58940f48e978058,cold_start_clocksource,ms,lower,305.5
linux-mshv-virtual-machine,2,1,96152c20a330404d6a75ef37c58940f48e978058,cold_start_cryptomgr_notests,ms,lower,304.8
linux-mshv-virtual-machine,2,1,96152c20a330404d6a75ef37c58940f48e978058,cold_start_mitigations_off,ms,lower,269.9
linux-mshv-virtual-machine,2,1,96152c20a330404d6a75ef37c58940f48e978058,cold_start_no_timer_check,ms,lower,258
linux-mshv-virtual-machine,2,1,96152c20a330404d6a75ef37c58940f48e978058,cold_start_nokaslr,ms,lower,304.6
linux-mshv-virtual-machine,2,1,96152c20a330404d6a75ef37c58940f48e978058,cold_start_random_trust_cpu,ms,lower,304.6
linux-mshv-virtual-machine,2,1,96152c20a330404d6a75ef37c58940f48e978058,cold_start_rcu_expedited,ms,lower,304.2
linux-mshv-virtual-machine,2,1,96152c20a330404d6a75ef37c58940f48e978058,cold_start_tsc_reliable,ms,lower,304.1
linux-mshv-virtual-machine,2,1,96152c20a330404d6a75ef37c58940f48e978058,network_snapshot_cold,ms,lower,311.6
linux-mshv-virtual-machine,2,1,96152c20a330404d6a75ef37c58940f48e978058,network_snapshot_restore,ms,lower,42.2
linux-mshv-virtual-machine,2,1,96152c20a330404d6a75ef37c58940f48e978058,network_snapshot_restore_wall,ms,lower,115.9
linux-mshv-virtual-machine,2,1,96152c20a330404d6a75ef37c58940f48e978058,openvmm_cold_start,ms,lower,224.2587285
linux-mshv-virtual-machine,2,1,96152c20a330404d6a75ef37c58940f48e978058,openvmm_cold_start_guest_exit_teardown,ms,lower,24.456697
linux-mshv-virtual-machine,2,1,96152c20a330404d6a75ef37c58940f48e978058,openvmm_cold_start_peak_rss,MiB,lower,78.1640625
linux-mshv-virtual-machine,2,1,96152c20a330404d6a75ef37c58940f48e978058,openvmm_snapshot_generation,ms,lower,3.926612
linux-mshv-virtual-machine,2,1,96152c20a330404d6a75ef37c58940f48e978058,openvmm_snapshot_generation_peak_rss,MiB,lower,80.625
linux-mshv-virtual-machine,2,1,96152c20a330404d6a75ef37c58940f48e978058,openvmm_snapshot_restore,ms,lower,33.771288
linux-mshv-virtual-machine,2,1,96152c20a330404d6a75ef37c58940f48e978058,openvmm_snapshot_restore_guest_exit_teardown,ms,lower,8.135025
linux-mshv-virtual-machine,2,1,96152c20a330404d6a75ef37c58940f48e978058,openvmm_snapshot_restore_peak_rss,MiB,lower,58.078125
linux-mshv-virtual-machine,2,1,96152c20a330404d6a75ef37c58940f48e978058,shell_snapshot_cold_128_mib,ms,lower,304.6
linux-mshv-virtual-machine,2,1,96152c20a330404d6a75ef37c58940f48e978058,shell_snapshot_cold_256_mib,ms,lower,309.4
linux-mshv-virtual-machine,2,1,96152c20a330404d6a75ef37c58940f48e978058,shell_snapshot_cold_512_mib,ms,lower,312
linux-mshv-virtual-machine,2,1,96152c20a330404d6a75ef37c58940f48e978058,shell_snapshot_restore_128_mib,ms,lower,33.6
linux-mshv-virtual-machine,2,1,96152c20a330404d6a75ef37c58940f48e978058,shell_snapshot_restore_256_mib,ms,lower,35.2
linux-mshv-virtual-machine,2,1,96152c20a330404d6a75ef37c58940f48e978058,shell_snapshot_restore_512_mib,ms,lower,40
linux-mshv-virtual-machine,2,1,96152c20a330404d6a75ef37c58940f48e978058,virtfs_live_read,MB/s,higher,1100
linux-mshv-virtual-machine,2,1,96152c20a330404d6a75ef37c58940f48e978058,virtfs_live_roundtrip,ms,lower,455.4
linux-mshv-virtual-machine,2,1,96152c20a330404d6a75ef37c58940f48e978058,virtfs_live_write,MB/s,higher,857.4
linux-mshv-virtual-machine,2,1,96152c20a330404d6a75ef37c58940f48e978058,virtio_blk_random_read_iops,ops/s,higher,7491.63342967
linux-mshv-virtual-machine,2,1,96152c20a330404d6a75ef37c58940f48e978058,virtio_blk_random_write_iops,ops/s,higher,7442.59834918
linux-mshv-virtual-machine,2,1,96152c20a330404d6a75ef37c58940f48e978058,virtio_fs_random_read_iops,ops/s,higher,10685.4344018
linux-mshv-virtual-machine,2,1,96152c20a330404d6a75ef37c58940f48e978058,virtio_fs_random_write_iops,ops/s,higher,11133.2212761
linux-mshv-virtual-machine,2,1,96152c20a330404d6a75ef37c58940f48e978058,virtio_net_udp_roundtrip_ops,ops/s,higher,6405.69099884
linux-mshv-virtual-machine,2,1,df4df29aa359003264ee958fb849d046eb2007ef,cold_start_base,ms,lower,306.8
linux-mshv-virtual-machine,2,1,df4df29aa359003264ee958fb849d046eb2007ef,cold_start_clocksource,ms,lower,308.3
linux-mshv-virtual-machine,2,1,df4df29aa359003264ee958fb849d046eb2007ef,cold_start_cryptomgr_notests,ms,lower,304.9
linux-mshv-virtual-machine,2,1,df4df29aa359003264ee958fb849d046eb2007ef,cold_start_mitigations_off,ms,lower,269.5
linux-mshv-virtual-machine,2,1,df4df29aa359003264ee958fb849d046eb2007ef,cold_start_no_timer_check,ms,lower,259.5
linux-mshv-virtual-machine,2,1,df4df29aa359003264ee958fb849d046eb2007ef,cold_start_nokaslr,ms,lower,306.1
linux-mshv-virtual-machine,2,1,df4df29aa359003264ee958fb849d046eb2007ef,cold_start_random_trust_cpu,ms,lower,305.8
linux-mshv-virtual-machine,2,1,df4df29aa359003264ee958fb849d046eb2007ef,cold_start_rcu_expedited,ms,lower,306.8
linux-mshv-virtual-machine,2,1,df4df29aa359003264ee958fb849d046eb2007ef,cold_start_tsc_reliable,ms,lower,305.6
linux-mshv-virtual-machine,2,1,df4df29aa359003264ee958fb849d046eb2007ef,network_snapshot_cold,ms,lower,313.5
linux-mshv-virtual-machine,2,1,df4df29aa359003264ee958fb849d046eb2007ef,network_snapshot_restore,ms,lower,41.1
linux-mshv-virtual-machine,2,1,df4df29aa359003264ee958fb849d046eb2007ef,network_snapshot_restore_wall,ms,lower,110
linux-mshv-virtual-machine,2,1,df4df29aa359003264ee958fb849d046eb2007ef,openvmm_cold_start,ms,lower,228.5568415
linux-mshv-virtual-machine,2,1,df4df29aa359003264ee958fb849d046eb2007ef,openvmm_cold_start_guest_exit_teardown,ms,lower,25.153506
linux-mshv-virtual-machine,2,1,df4df29aa359003264ee958fb849d046eb2007ef,openvmm_cold_start_peak_rss,MiB,lower,78.1640625
linux-mshv-virtual-machine,2,1,df4df29aa359003264ee958fb849d046eb2007ef,openvmm_snapshot_generation,ms,lower,3.571875
linux-mshv-virtual-machine,2,1,df4df29aa359003264ee958fb849d046eb2007ef,openvmm_snapshot_generation_peak_rss,MiB,lower,80.6328125
linux-mshv-virtual-machine,2,1,df4df29aa359003264ee958fb849d046eb2007ef,openvmm_snapshot_restore,ms,lower,33.195331
linux-mshv-virtual-machine,2,1,df4df29aa359003264ee958fb849d046eb2007ef,openvmm_snapshot_restore_guest_exit_teardown,ms,lower,8.0350085
linux-mshv-virtual-machine,2,1,df4df29aa359003264ee958fb849d046eb2007ef,openvmm_snapshot_restore_peak_rss,MiB,lower,58.078125
linux-mshv-virtual-machine,2,1,df4df29aa359003264ee958fb849d046eb2007ef,shell_snapshot_cold_128_mib,ms,lower,305.3
linux-mshv-virtual-machine,2,1,df4df29aa359003264ee958fb849d046eb2007ef,shell_snapshot_cold_256_mib,ms,lower,310
linux-mshv-virtual-machine,2,1,df4df29aa359003264ee958fb849d046eb2007ef,shell_snapshot_cold_512_mib,ms,lower,314.2
linux-mshv-virtual-machine,2,1,df4df29aa359003264ee958fb849d046eb2007ef,shell_snapshot_restore_128_mib,ms,lower,33.8
linux-mshv-virtual-machine,2,1,df4df29aa359003264ee958fb849d046eb2007ef,shell_snapshot_restore_256_mib,ms,lower,35.5
linux-mshv-virtual-machine,2,1,df4df29aa359003264ee958fb849d046eb2007ef,shell_snapshot_restore_512_mib,ms,lower,39.4
linux-mshv-virtual-machine,2,1,df4df29aa359003264ee958fb849d046eb2007ef,virtfs_live_read,MB/s,higher,1100
linux-mshv-virtual-machine,2,1,df4df29aa359003264ee958fb849d046eb2007ef,virtfs_live_roundtrip,ms,lower,459.5
linux-mshv-virtual-machine,2,1,df4df29aa359003264ee958fb849d046eb2007ef,virtfs_live_write,MB/s,higher,835.2
linux-mshv-virtual-machine,2,1,df4df29aa359003264ee958fb849d046eb2007ef,virtio_blk_random_read_iops,ops/s,higher,7367.60227415
linux-mshv-virtual-machine,2,1,df4df29aa359003264ee958fb849d046eb2007ef,virtio_blk_random_write_iops,ops/s,higher,7187.67519473
linux-mshv-virtual-machine,2,1,df4df29aa359003264ee958fb849d046eb2007ef,virtio_fs_random_read_iops,ops/s,higher,10829.5389002
linux-mshv-virtual-machine,2,1,df4df29aa359003264ee958fb849d046eb2007ef,virtio_fs_random_write_iops,ops/s,higher,13182.8367745
linux-mshv-virtual-machine,2,1,df4df29aa359003264ee958fb849d046eb2007ef,virtio_net_udp_roundtrip_ops,ops/s,higher,6473.38224154
linux-mshv-virtual-machine,2,1,38e5116480198381248bd3844fe1fedca240758c,cold_start_base,ms,lower,311.7
linux-mshv-virtual-machine,2,1,38e5116480198381248bd3844fe1fedca240758c,cold_start_clocksource,ms,lower,312.5
linux-mshv-virtual-machine,2,1,38e5116480198381248bd3844fe1fedca240758c,cold_start_cryptomgr_notests,ms,lower,312.3
linux-mshv-virtual-machine,2,1,38e5116480198381248bd3844fe1fedca240758c,cold_start_mitigations_off,ms,lower,275.9
linux-mshv-virtual-machine,2,1,38e5116480198381248bd3844fe1fedca240758c,cold_start_no_timer_check,ms,lower,266.9
linux-mshv-virtual-machine,2,1,38e5116480198381248bd3844fe1fedca240758c,cold_start_nokaslr,ms,lower,313.2
linux-mshv-virtual-machine,2,1,38e5116480198381248bd3844fe1fedca240758c,cold_start_random_trust_cpu,ms,lower,311
linux-mshv-virtual-machine,2,1,38e5116480198381248bd3844fe1fedca240758c,cold_start_rcu_expedited,ms,lower,310.5
linux-mshv-virtual-machine,2,1,38e5116480198381248bd3844fe1fedca240758c,cold_start_tsc_reliable,ms,lower,312.3
linux-mshv-virtual-machine,2,1,38e5116480198381248bd3844fe1fedca240758c,network_snapshot_cold,ms,lower,322.6
linux-mshv-virtual-machine,2,1,38e5116480198381248bd3844fe1fedca240758c,network_snapshot_restore,ms,lower,45.3
linux-mshv-virtual-machine,2,1,38e5116480198381248bd3844fe1fedca240758c,network_snapshot_restore_wall,ms,lower,115.9
linux-mshv-virtual-machine,2,1,38e5116480198381248bd3844fe1fedca240758c,openvmm_cold_start,ms,lower,230.7798885
linux-mshv-virtual-machine,2,1,38e5116480198381248bd3844fe1fedca240758c,openvmm_cold_start_guest_exit_teardown,ms,lower,24.9881275
linux-mshv-virtual-machine,2,1,38e5116480198381248bd3844fe1fedca240758c,openvmm_cold_start_peak_rss,MiB,lower,78.2265625
linux-mshv-virtual-machine,2,1,38e5116480198381248bd3844fe1fedca240758c,openvmm_snapshot_generation,ms,lower,4.2038365
linux-mshv-virtual-machine,2,1,38e5116480198381248bd3844fe1fedca240758c,openvmm_snapshot_generation_peak_rss,MiB,lower,80.6328125
linux-mshv-virtual-machine,2,1,38e5116480198381248bd3844fe1fedca240758c,openvmm_snapshot_restore,ms,lower,36.504463
linux-mshv-virtual-machine,2,1,38e5116480198381248bd3844fe1fedca240758c,openvmm_snapshot_restore_guest_exit_teardown,ms,lower,9.092043
linux-mshv-virtual-machine,2,1,38e5116480198381248bd3844fe1fedca240758c,openvmm_snapshot_restore_peak_rss,MiB,lower,58.203125
linux-mshv-virtual-machine,2,1,38e5116480198381248bd3844fe1fedca240758c,shell_snapshot_cold_128_mib,ms,lower,314.5
linux-mshv-virtual-machine,2,1,38e5116480198381248bd3844fe1fedca240758c,shell_snapshot_cold_256_mib,ms,lower,320
linux-mshv-virtual-machine,2,1,38e5116480198381248bd3844fe1fedca240758c,shell_snapshot_cold_512_mib,ms,lower,321.1
linux-mshv-virtual-machine,2,1,38e5116480198381248bd3844fe1fedca240758c,shell_snapshot_restore_128_mib,ms,lower,35.9
linux-mshv-virtual-machine,2,1,38e5116480198381248bd3844fe1fedca240758c,shell_snapshot_restore_256_mib,ms,lower,38.1
linux-mshv-virtual-machine,2,1,38e5116480198381248bd3844fe1fedca240758c,shell_snapshot_restore_512_mib,ms,lower,41.7
linux-mshv-virtual-machine,2,1,38e5116480198381248bd3844fe1fedca240758c,virtfs_live_read,MB/s,higher,1000
linux-mshv-virtual-machine,2,1,38e5116480198381248bd3844fe1fedca240758c,virtfs_live_roundtrip,ms,lower,471.2
linux-mshv-virtual-machine,2,1,38e5116480198381248bd3844fe1fedca240758c,virtfs_live_write,MB/s,higher,830.3
linux-mshv-virtual-machine,2,1,38e5116480198381248bd3844fe1fedca240758c,virtio_blk_random_read_iops,ops/s,higher,7073.40960921
linux-mshv-virtual-machine,2,1,38e5116480198381248bd3844fe1fedca240758c,virtio_blk_random_write_iops,ops/s,higher,6913.17285706
linux-mshv-virtual-machine,2,1,38e5116480198381248bd3844fe1fedca240758c,virtio_fs_random_read_iops,ops/s,higher,10198.7712271
linux-mshv-virtual-machine,2,1,38e5116480198381248bd3844fe1fedca240758c,virtio_fs_random_write_iops,ops/s,higher,9961.66989125
linux-mshv-virtual-machine,2,1,38e5116480198381248bd3844fe1fedca240758c,virtio_net_udp_roundtrip_ops,ops/s,higher,5872.70614715
linux-mshv-virtual-machine,2,1,fc6fea5c0d6a4627c40b11174b47f18e04542d3a,cold_start_base,ms,lower,298.7
linux-mshv-virtual-machine,2,1,fc6fea5c0d6a4627c40b11174b47f18e04542d3a,cold_start_clocksource,ms,lower,299.8
linux-mshv-virtual-machine,2,1,fc6fea5c0d6a4627c40b11174b47f18e04542d3a,cold_start_cryptomgr_notests,ms,lower,299.6
linux-mshv-virtual-machine,2,1,fc6fea5c0d6a4627c40b11174b47f18e04542d3a,cold_start_mitigations_off,ms,lower,264.6
linux-mshv-virtual-machine,2,1,fc6fea5c0d6a4627c40b11174b47f18e04542d3a,cold_start_no_timer_check,ms,lower,253.4
linux-mshv-virtual-machine,2,1,fc6fea5c0d6a4627c40b11174b47f18e04542d3a,cold_start_nokaslr,ms,lower,298.9
linux-mshv-virtual-machine,2,1,fc6fea5c0d6a4627c40b11174b47f18e04542d3a,cold_start_random_trust_cpu,ms,lower,299.2
linux-mshv-virtual-machine,2,1,fc6fea5c0d6a4627c40b11174b47f18e04542d3a,cold_start_rcu_expedited,ms,lower,299.1
linux-mshv-virtual-machine,2,1,fc6fea5c0d6a4627c40b11174b47f18e04542d3a,cold_start_tsc_reliable,ms,lower,298.4
linux-mshv-virtual-machine,2,1,fc6fea5c0d6a4627c40b11174b47f18e04542d3a,network_snapshot_cold,ms,lower,306.4
linux-mshv-virtual-machine,2,1,fc6fea5c0d6a4627c40b11174b47f18e04542d3a,network_snapshot_restore,ms,lower,37.3
linux-mshv-virtual-machine,2,1,fc6fea5c0d6a4627c40b11174b47f18e04542d3a,network_snapshot_restore_wall,ms,lower,103.9
linux-mshv-virtual-machine,2,1,fc6fea5c0d6a4627c40b11174b47f18e04542d3a,openvmm_cold_start,ms,lower,219.822994
linux-mshv-virtual-machine,2,1,fc6fea5c0d6a4627c40b11174b47f18e04542d3a,openvmm_cold_start_guest_exit_teardown,ms,lower,24.689563
linux-mshv-virtual-machine,2,1,fc6fea5c0d6a4627c40b11174b47f18e04542d3a,openvmm_cold_start_peak_rss,MiB,lower,78.2265625
linux-mshv-virtual-machine,2,1,fc6fea5c0d6a4627c40b11174b47f18e04542d3a,openvmm_snapshot_generation,ms,lower,3.7698595
linux-mshv-virtual-machine,2,1,fc6fea5c0d6a4627c40b11174b47f18e04542d3a,openvmm_snapshot_generation_peak_rss,MiB,lower,80.640625
linux-mshv-virtual-machine,2,1,fc6fea5c0d6a4627c40b11174b47f18e04542d3a,openvmm_snapshot_restore,ms,lower,30.3599355
linux-mshv-virtual-machine,2,1,fc6fea5c0d6a4627c40b11174b47f18e04542d3a,openvmm_snapshot_restore_guest_exit_teardown,ms,lower,7.4805225
linux-mshv-virtual-machine,2,1,fc6fea5c0d6a4627c40b11174b47f18e04542d3a,openvmm_snapshot_restore_peak_rss,MiB,lower,58.203125
linux-mshv-virtual-machine,2,1,fc6fea5c0d6a4627c40b11174b47f18e04542d3a,shell_snapshot_cold_128_mib,ms,lower,299.2
linux-mshv-virtual-machine,2,1,fc6fea5c0d6a4627c40b11174b47f18e04542d3a,shell_snapshot_cold_256_mib,ms,lower,302
linux-mshv-virtual-machine,2,1,fc6fea5c0d6a4627c40b11174b47f18e04542d3a,shell_snapshot_cold_512_mib,ms,lower,310
linux-mshv-virtual-machine,2,1,fc6fea5c0d6a4627c40b11174b47f18e04542d3a,shell_snapshot_restore_128_mib,ms,lower,29.9
linux-mshv-virtual-machine,2,1,fc6fea5c0d6a4627c40b11174b47f18e04542d3a,shell_snapshot_restore_256_mib,ms,lower,33.9
linux-mshv-virtual-machine,2,1,fc6fea5c0d6a4627c40b11174b47f18e04542d3a,shell_snapshot_restore_512_mib,ms,lower,38.3
linux-mshv-virtual-machine,2,1,fc6fea5c0d6a4627c40b11174b47f18e04542d3a,virtfs_live_read,MB/s,higher,1200
linux-mshv-virtual-machine,2,1,fc6fea5c0d6a4627c40b11174b47f18e04542d3a,virtfs_live_roundtrip,ms,lower,457.6
linux-mshv-virtual-machine,2,1,fc6fea5c0d6a4627c40b11174b47f18e04542d3a,virtfs_live_write,MB/s,higher,891.6
linux-mshv-virtual-machine,2,1,fc6fea5c0d6a4627c40b11174b47f18e04542d3a,virtio_blk_random_read_iops,ops/s,higher,7367.87930603
linux-mshv-virtual-machine,2,1,fc6fea5c0d6a4627c40b11174b47f18e04542d3a,virtio_blk_random_write_iops,ops/s,higher,7345.1913036
linux-mshv-virtual-machine,2,1,fc6fea5c0d6a4627c40b11174b47f18e04542d3a,virtio_fs_random_read_iops,ops/s,higher,10593.1238978
linux-mshv-virtual-machine,2,1,fc6fea5c0d6a4627c40b11174b47f18e04542d3a,virtio_fs_random_write_iops,ops/s,higher,10911.1462142
linux-mshv-virtual-machine,2,1,fc6fea5c0d6a4627c40b11174b47f18e04542d3a,virtio_net_udp_roundtrip_ops,ops/s,higher,6264.37310609
linux-mshv-virtual-machine,2,1,554fc45b54537af41faf077f3354847804bbfc6c,cold_start_base,ms,lower,311.7
linux-mshv-virtual-machine,2,1,554fc45b54537af41faf077f3354847804bbfc6c,cold_start_clocksource,ms,lower,313.4
linux-mshv-virtual-machine,2,1,554fc45b54537af41faf077f3354847804bbfc6c,cold_start_cryptomgr_notests,ms,lower,313.4
linux-mshv-virtual-machine,2,1,554fc45b54537af41faf077f3354847804bbfc6c,cold_start_mitigations_off,ms,lower,276.3
linux-mshv-virtual-machine,2,1,554fc45b54537af41faf077f3354847804bbfc6c,cold_start_no_timer_check,ms,lower,266.6
linux-mshv-virtual-machine,2,1,554fc45b54537af41faf077f3354847804bbfc6c,cold_start_nokaslr,ms,lower,312.8
linux-mshv-virtual-machine,2,1,554fc45b54537af41faf077f3354847804bbfc6c,cold_start_random_trust_cpu,ms,lower,312.1
linux-mshv-virtual-machine,2,1,554fc45b54537af41faf077f3354847804bbfc6c,cold_start_rcu_expedited,ms,lower,312.5
linux-mshv-virtual-machine,2,1,554fc45b54537af41faf077f3354847804bbfc6c,cold_start_tsc_reliable,ms,lower,312.3
linux-mshv-virtual-machine,2,1,554fc45b54537af41faf077f3354847804bbfc6c,network_snapshot_cold,ms,lower,319.6
linux-mshv-virtual-machine,2,1,554fc45b54537af41faf077f3354847804bbfc6c,network_snapshot_restore,ms,lower,43.3
linux-mshv-virtual-machine,2,1,554fc45b54537af41faf077f3354847804bbfc6c,network_snapshot_restore_wall,ms,lower,117.9
linux-mshv-virtual-machine,2,1,554fc45b54537af41faf077f3354847804bbfc6c,openvmm_cold_start,ms,lower,230.1348705
linux-mshv-virtual-machine,2,1,554fc45b54537af41faf077f3354847804bbfc6c,openvmm_cold_start_guest_exit_teardown,ms,lower,26.1763765
linux-mshv-virtual-machine,2,1,554fc45b54537af41faf077f3354847804bbfc6c,openvmm_cold_start_peak_rss,MiB,lower,78.2265625
linux-mshv-virtual-machine,2,1,554fc45b54537af41faf077f3354847804bbfc6c,openvmm_snapshot_generation,ms,lower,4.1270725
linux-mshv-virtual-machine,2,1,554fc45b54537af41faf077f3354847804bbfc6c,openvmm_snapshot_generation_peak_rss,MiB,lower,80.62890625
linux-mshv-virtual-machine,2,1,554fc45b54537af41faf077f3354847804bbfc6c,openvmm_snapshot_restore,ms,lower,35.2113155
linux-mshv-virtual-machine,2,1,554fc45b54537af41faf077f3354847804bbfc6c,openvmm_snapshot_restore_guest_exit_teardown,ms,lower,8.5974925
linux-mshv-virtual-machine,2,1,554fc45b54537af41faf077f3354847804bbfc6c,openvmm_snapshot_restore_peak_rss,MiB,lower,58.203125
linux-mshv-virtual-machine,2,1,554fc45b54537af41faf077f3354847804bbfc6c,shell_snapshot_cold_128_mib,ms,lower,314.7
linux-mshv-virtual-machine,2,1,554fc45b54537af41faf077f3354847804bbfc6c,shell_snapshot_cold_256_mib,ms,lower,317
linux-mshv-virtual-machine,2,1,554fc45b54537af41faf077f3354847804bbfc6c,shell_snapshot_cold_512_mib,ms,lower,321.7
linux-mshv-virtual-machine,2,1,554fc45b54537af41faf077f3354847804bbfc6c,shell_snapshot_restore_128_mib,ms,lower,34
linux-mshv-virtual-machine,2,1,554fc45b54537af41faf077f3354847804bbfc6c,shell_snapshot_restore_256_mib,ms,lower,36.6
linux-mshv-virtual-machine,2,1,554fc45b54537af41faf077f3354847804bbfc6c,shell_snapshot_restore_512_mib,ms,lower,40.2
linux-mshv-virtual-machine,2,1,554fc45b54537af41faf077f3354847804bbfc6c,virtfs_live_read,MB/s,higher,1000
linux-mshv-virtual-machine,2,1,554fc45b54537af41faf077f3354847804bbfc6c,virtfs_live_roundtrip,ms,lower,471.3
linux-mshv-virtual-machine,2,1,554fc45b54537af41faf077f3354847804bbfc6c,virtfs_live_write,MB/s,higher,803.6
linux-mshv-virtual-machine,2,1,554fc45b54537af41faf077f3354847804bbfc6c,virtio_blk_random_read_iops,ops/s,higher,6778.33721681
linux-mshv-virtual-machine,2,1,554fc45b54537af41faf077f3354847804bbfc6c,virtio_blk_random_write_iops,ops/s,higher,6783.63746727
linux-mshv-virtual-machine,2,1,554fc45b54537af41faf077f3354847804bbfc6c,virtio_fs_random_read_iops,ops/s,higher,10321.9108478
linux-mshv-virtual-machine,2,1,554fc45b54537af41faf077f3354847804bbfc6c,virtio_fs_random_write_iops,ops/s,higher,11963.0799763
linux-mshv-virtual-machine,2,1,554fc45b54537af41faf077f3354847804bbfc6c,virtio_net_udp_roundtrip_ops,ops/s,higher,5967.42219766
linux-mshv-virtual-machine,2,1,4ecb612e1cafa940a208a6fc92d932d77eebced5,cold_start_base,ms,lower,316.6
linux-mshv-virtual-machine,2,1,4ecb612e1cafa940a208a6fc92d932d77eebced5,cold_start_clocksource,ms,lower,316.8
linux-mshv-virtual-machine,2,1,4ecb612e1cafa940a208a6fc92d932d77eebced5,cold_start_cryptomgr_notests,ms,lower,317.9
linux-mshv-virtual-machine,2,1,4ecb612e1cafa940a208a6fc92d932d77eebced5,cold_start_mitigations_off,ms,lower,280.9
linux-mshv-virtual-machine,2,1,4ecb612e1cafa940a208a6fc92d932d77eebced5,cold_start_no_timer_check,ms,lower,269.5
linux-mshv-virtual-machine,2,1,4ecb612e1cafa940a208a6fc92d932d77eebced5,cold_start_nokaslr,ms,lower,316.3
linux-mshv-virtual-machine,2,1,4ecb612e1cafa940a208a6fc92d932d77eebced5,cold_start_random_trust_cpu,ms,lower,317.4
linux-mshv-virtual-machine,2,1,4ecb612e1cafa940a208a6fc92d932d77eebced5,cold_start_rcu_expedited,ms,lower,316.2
linux-mshv-virtual-machine,2,1,4ecb612e1cafa940a208a6fc92d932d77eebced5,cold_start_tsc_reliable,ms,lower,316.9
linux-mshv-virtual-machine,2,1,4ecb612e1cafa940a208a6fc92d932d77eebced5,network_snapshot_cold,ms,lower,326.7
linux-mshv-virtual-machine,2,1,4ecb612e1cafa940a208a6fc92d932d77eebced5,network_snapshot_restore,ms,lower,44.5
linux-mshv-virtual-machine,2,1,4ecb612e1cafa940a208a6fc92d932d77eebced5,network_snapshot_restore_wall,ms,lower,122
linux-mshv-virtual-machine,2,1,4ecb612e1cafa940a208a6fc92d932d77eebced5,openvmm_cold_start,ms,lower,232.5766185
linux-mshv-virtual-machine,2,1,4ecb612e1cafa940a208a6fc92d932d77eebced5,openvmm_cold_start_guest_exit_teardown,ms,lower,24.96443
linux-mshv-virtual-machine,2,1,4ecb612e1cafa940a208a6fc92d932d77eebced5,openvmm_cold_start_peak_rss,MiB,lower,78.2890625
linux-mshv-virtual-machine,2,1,4ecb612e1cafa940a208a6fc92d932d77eebced5,openvmm_snapshot_generation,ms,lower,4.674462
linux-mshv-virtual-machine,2,1,4ecb612e1cafa940a208a6fc92d932d77eebced5,openvmm_snapshot_generation_peak_rss,MiB,lower,80.705078125
linux-mshv-virtual-machine,2,1,4ecb612e1cafa940a208a6fc92d932d77eebced5,openvmm_snapshot_restore,ms,lower,36.587155
linux-mshv-virtual-machine,2,1,4ecb612e1cafa940a208a6fc92d932d77eebced5,openvmm_snapshot_restore_guest_exit_teardown,ms,lower,8.908151
linux-mshv-virtual-machine,2,1,4ecb612e1cafa940a208a6fc92d932d77eebced5,openvmm_snapshot_restore_peak_rss,MiB,lower,58.078125
linux-mshv-virtual-machine,2,1,4ecb612e1cafa940a208a6fc92d932d77eebced5,shell_snapshot_cold_128_mib,ms,lower,318.5
linux-mshv-virtual-machine,2,1,4ecb612e1cafa940a208a6fc92d932d77eebced5,shell_snapshot_cold_256_mib,ms,lower,323.3
linux-mshv-virtual-machine,2,1,4ecb612e1cafa940a208a6fc92d932d77eebced5,shell_snapshot_cold_512_mib,ms,lower,330.4
linux-mshv-virtual-machine,2,1,4ecb612e1cafa940a208a6fc92d932d77eebced5,shell_snapshot_restore_128_mib,ms,lower,37.8
linux-mshv-virtual-machine,2,1,4ecb612e1cafa940a208a6fc92d932d77eebced5,shell_snapshot_restore_256_mib,ms,lower,40.9
linux-mshv-virtual-machine,2,1,4ecb612e1cafa940a208a6fc92d932d77eebced5,shell_snapshot_restore_512_mib,ms,lower,47
linux-mshv-virtual-machine,2,1,4ecb612e1cafa940a208a6fc92d932d77eebced5,virtfs_live_read,MB/s,higher,1000
linux-mshv-virtual-machine,2,1,4ecb612e1cafa940a208a6fc92d932d77eebced5,virtfs_live_roundtrip,ms,lower,473.7
linux-mshv-virtual-machine,2,1,4ecb612e1cafa940a208a6fc92d932d77eebced5,virtfs_live_write,MB/s,higher,790.2
linux-mshv-virtual-machine,2,1,4ecb612e1cafa940a208a6fc92d932d77eebced5,virtio_blk_random_read_iops,ops/s,higher,6697.22468409
linux-mshv-virtual-machine,2,1,4ecb612e1cafa940a208a6fc92d932d77eebced5,virtio_blk_random_write_iops,ops/s,higher,6565.79831166
linux-mshv-virtual-machine,2,1,4ecb612e1cafa940a208a6fc92d932d77eebced5,virtio_fs_random_read_iops,ops/s,higher,9808.9665832
linux-mshv-virtual-machine,2,1,4ecb612e1cafa940a208a6fc92d932d77eebced5,virtio_fs_random_write_iops,ops/s,higher,9986.89543904
linux-mshv-virtual-machine,2,1,4ecb612e1cafa940a208a6fc92d932d77eebced5,virtio_net_udp_roundtrip_ops,ops/s,higher,6066.21059635
linux-mshv-virtual-machine,2,1,4c8954ce5d6c91372b8407e22daf8bfaf17961ff,cold_start_base,ms,lower,313
linux-mshv-virtual-machine,2,1,4c8954ce5d6c91372b8407e22daf8bfaf17961ff,cold_start_clocksource,ms,lower,311.4
linux-mshv-virtual-machine,2,1,4c8954ce5d6c91372b8407e22daf8bfaf17961ff,cold_start_cryptomgr_notests,ms,lower,312
linux-mshv-virtual-machine,2,1,4c8954ce5d6c91372b8407e22daf8bfaf17961ff,cold_start_mitigations_off,ms,lower,274.4
linux-mshv-virtual-machine,2,1,4c8954ce5d6c91372b8407e22daf8bfaf17961ff,cold_start_no_timer_check,ms,lower,265.4
linux-mshv-virtual-machine,2,1,4c8954ce5d6c91372b8407e22daf8bfaf17961ff,cold_start_nokaslr,ms,lower,311.4
linux-mshv-virtual-machine,2,1,4c8954ce5d6c91372b8407e22daf8bfaf17961ff,cold_start_random_trust_cpu,ms,lower,312.9
linux-mshv-virtual-machine,2,1,4c8954ce5d6c91372b8407e22daf8bfaf17961ff,cold_start_rcu_expedited,ms,lower,314.3
linux-mshv-virtual-machine,2,1,4c8954ce5d6c91372b8407e22daf8bfaf17961ff,cold_start_tsc_reliable,ms,lower,312.4
linux-mshv-virtual-machine,2,1,4c8954ce5d6c91372b8407e22daf8bfaf17961ff,network_snapshot_cold,ms,lower,319.7
linux-mshv-virtual-machine,2,1,4c8954ce5d6c91372b8407e22daf8bfaf17961ff,network_snapshot_restore,ms,lower,43.3
linux-mshv-virtual-machine,2,1,4c8954ce5d6c91372b8407e22daf8bfaf17961ff,network_snapshot_restore_wall,ms,lower,115.9
linux-mshv-virtual-machine,2,1,4c8954ce5d6c91372b8407e22daf8bfaf17961ff,openvmm_cold_start,ms,lower,230.707059
linux-mshv-virtual-machine,2,1,4c8954ce5d6c91372b8407e22daf8bfaf17961ff,openvmm_cold_start_guest_exit_teardown,ms,lower,25.8750715
linux-mshv-virtual-machine,2,1,4c8954ce5d6c91372b8407e22daf8bfaf17961ff,openvmm_cold_start_peak_rss,MiB,lower,78.2890625
linux-mshv-virtual-machine,2,1,4c8954ce5d6c91372b8407e22daf8bfaf17961ff,openvmm_snapshot_generation,ms,lower,4.513569
linux-mshv-virtual-machine,2,1,4c8954ce5d6c91372b8407e22daf8bfaf17961ff,openvmm_snapshot_generation_peak_rss,MiB,lower,80.779296875
linux-mshv-virtual-machine,2,1,4c8954ce5d6c91372b8407e22daf8bfaf17961ff,openvmm_snapshot_restore,ms,lower,34.766013
linux-mshv-virtual-machine,2,1,4c8954ce5d6c91372b8407e22daf8bfaf17961ff,openvmm_snapshot_restore_guest_exit_teardown,ms,lower,9.620035
linux-mshv-virtual-machine,2,1,4c8954ce5d6c91372b8407e22daf8bfaf17961ff,openvmm_snapshot_restore_peak_rss,MiB,lower,56.078125
linux-mshv-virtual-machine,2,1,4c8954ce5d6c91372b8407e22daf8bfaf17961ff,shell_snapshot_cold_128_mib,ms,lower,311.6
linux-mshv-virtual-machine,2,1,4c8954ce5d6c91372b8407e22daf8bfaf17961ff,shell_snapshot_cold_256_mib,ms,lower,318.2
linux-mshv-virtual-machine,2,1,4c8954ce5d6c91372b8407e22daf8bfaf17961ff,shell_snapshot_cold_512_mib,ms,lower,324.3
linux-mshv-virtual-machine,2,1,4c8954ce5d6c91372b8407e22daf8bfaf17961ff,shell_snapshot_restore_128_mib,ms,lower,33.7
linux-mshv-virtual-machine,2,1,4c8954ce5d6c91372b8407e22daf8bfaf17961ff,shell_snapshot_restore_256_mib,ms,lower,37.2
linux-mshv-virtual-machine,2,1,4c8954ce5d6c91372b8407e22daf8bfaf17961ff,shell_snapshot_restore_512_mib,ms,lower,40.5
linux-mshv-virtual-machine,2,1,4c8954ce5d6c91372b8407e22daf8bfaf17961ff,virtfs_live_read,MB/s,higher,1100
linux-mshv-virtual-machine,2,1,4c8954ce5d6c91372b8407e22daf8bfaf17961ff,virtfs_live_roundtrip,ms,lower,473.3
linux-mshv-virtual-machine,2,1,4c8954ce5d6c91372b8407e22daf8bfaf17961ff,virtfs_live_write,MB/s,higher,813.1
linux-mshv-virtual-machine,2,1,4c8954ce5d6c91372b8407e22daf8bfaf17961ff,virtio_blk_random_read_iops,ops/s,higher,6683.48909254
linux-mshv-virtual-machine,2,1,4c8954ce5d6c91372b8407e22daf8bfaf17961ff,virtio_blk_random_write_iops,ops/s,higher,6785.14186015
linux-mshv-virtual-machine,2,1,4c8954ce5d6c91372b8407e22daf8bfaf17961ff,virtio_fs_random_read_iops,ops/s,higher,10216.1821102
linux-mshv-virtual-machine,2,1,4c8954ce5d6c91372b8407e22daf8bfaf17961ff,virtio_fs_random_write_iops,ops/s,higher,10210.4845796
linux-mshv-virtual-machine,2,1,4c8954ce5d6c91372b8407e22daf8bfaf17961ff,virtio_net_udp_roundtrip_ops,ops/s,higher,5928.6987125
linux-mshv-virtual-machine,2,1,967935bc11cdf582fdfa9407c1f45275ea8c8e4d,cold_start_base,ms,lower,311.8
linux-mshv-virtual-machine,2,1,967935bc11cdf582fdfa9407c1f45275ea8c8e4d,cold_start_clocksource,ms,lower,312.7
linux-mshv-virtual-machine,2,1,967935bc11cdf582fdfa9407c1f45275ea8c8e4d,cold_start_cryptomgr_notests,ms,lower,312.4
linux-mshv-virtual-machine,2,1,967935bc11cdf582fdfa9407c1f45275ea8c8e4d,cold_start_mitigations_off,ms,lower,276.6
linux-mshv-virtual-machine,2,1,967935bc11cdf582fdfa9407c1f45275ea8c8e4d,cold_start_no_timer_check,ms,lower,267.3
linux-mshv-virtual-machine,2,1,967935bc11cdf582fdfa9407c1f45275ea8c8e4d,cold_start_nokaslr,ms,lower,312.9
linux-mshv-virtual-machine,2,1,967935bc11cdf582fdfa9407c1f45275ea8c8e4d,cold_start_random_trust_cpu,ms,lower,312
linux-mshv-virtual-machine,2,1,967935bc11cdf582fdfa9407c1f45275ea8c8e4d,cold_start_rcu_expedited,ms,lower,311.7
linux-mshv-virtual-machine,2,1,967935bc11cdf582fdfa9407c1f45275ea8c8e4d,cold_start_tsc_reliable,ms,lower,312.3
linux-mshv-virtual-machine,2,1,967935bc11cdf582fdfa9407c1f45275ea8c8e4d,network_snapshot_cold,ms,lower,318.3
linux-mshv-virtual-machine,2,1,967935bc11cdf582fdfa9407c1f45275ea8c8e4d,network_snapshot_restore,ms,lower,42.7
linux-mshv-virtual-machine,2,1,967935bc11cdf582fdfa9407c1f45275ea8c8e4d,network_snapshot_restore_wall,ms,lower,116
linux-mshv-virtual-machine,2,1,967935bc11cdf582fdfa9407c1f45275ea8c8e4d,openvmm_cold_start,ms,lower,231.5612185
linux-mshv-virtual-machine,2,1,967935bc11cdf582fdfa9407c1f45275ea8c8e4d,openvmm_cold_start_guest_exit_teardown,ms,lower,25.989006
linux-mshv-virtual-machine,2,1,967935bc11cdf582fdfa9407c1f45275ea8c8e4d,openvmm_cold_start_peak_rss,MiB,lower,78.2890625
linux-mshv-virtual-machine,2,1,967935bc11cdf582fdfa9407c1f45275ea8c8e4d,openvmm_snapshot_generation,ms,lower,4.3942675
linux-mshv-virtual-machine,2,1,967935bc11cdf582fdfa9407c1f45275ea8c8e4d,openvmm_snapshot_generation_peak_rss,MiB,lower,80.76953125
linux-mshv-virtual-machine,2,1,967935bc11cdf582fdfa9407c1f45275ea8c8e4d,openvmm_snapshot_restore,ms,lower,35.510132
linux-mshv-virtual-machine,2,1,967935bc11cdf582fdfa9407c1f45275ea8c8e4d,openvmm_snapshot_restore_guest_exit_teardown,ms,lower,8.615885
linux-mshv-virtual-machine,2,1,967935bc11cdf582fdfa9407c1f45275ea8c8e4d,openvmm_snapshot_restore_peak_rss,MiB,lower,58.078125
linux-mshv-virtual-machine,2,1,967935bc11cdf582fdfa9407c1f45275ea8c8e4d,shell_snapshot_cold_128_mib,ms,lower,318
linux-mshv-virtual-machine,2,1,967935bc11cdf582fdfa9407c1f45275ea8c8e4d,shell_snapshot_cold_256_mib,ms,lower,318.1
linux-mshv-virtual-machine,2,1,967935bc11cdf582fdfa9407c1f45275ea8c8e4d,shell_snapshot_cold_512_mib,ms,lower,322.9
linux-mshv-virtual-machine,2,1,967935bc11cdf582fdfa9407c1f45275ea8c8e4d,shell_snapshot_restore_128_mib,ms,lower,34.9
linux-mshv-virtual-machine,2,1,967935bc11cdf582fdfa9407c1f45275ea8c8e4d,shell_snapshot_restore_256_mib,ms,lower,37.7
linux-mshv-virtual-machine,2,1,967935bc11cdf582fdfa9407c1f45275ea8c8e4d,shell_snapshot_restore_512_mib,ms,lower,40.3
linux-mshv-virtual-machine,2,1,967935bc11cdf582fdfa9407c1f45275ea8c8e4d,virtfs_live_read,MB/s,higher,1000
linux-mshv-virtual-machine,2,1,967935bc11cdf582fdfa9407c1f45275ea8c8e4d,virtfs_live_roundtrip,ms,lower,471.2
linux-mshv-virtual-machine,2,1,967935bc11cdf582fdfa9407c1f45275ea8c8e4d,virtfs_live_write,MB/s,higher,812.7
linux-mshv-virtual-machine,2,1,967935bc11cdf582fdfa9407c1f45275ea8c8e4d,virtio_blk_random_read_iops,ops/s,higher,6648.80860292
linux-mshv-virtual-machine,2,1,967935bc11cdf582fdfa9407c1f45275ea8c8e4d,virtio_blk_random_write_iops,ops/s,higher,6864.39073289
linux-mshv-virtual-machine,2,1,967935bc11cdf582fdfa9407c1f45275ea8c8e4d,virtio_fs_random_read_iops,ops/s,higher,10060.20447
linux-mshv-virtual-machine,2,1,967935bc11cdf582fdfa9407c1f45275ea8c8e4d,virtio_fs_random_write_iops,ops/s,higher,10749.6486101
linux-mshv-virtual-machine,2,1,967935bc11cdf582fdfa9407c1f45275ea8c8e4d,virtio_net_udp_roundtrip_ops,ops/s,higher,5847.31473215
linux-mshv-virtual-machine,2,1,b96eaac9a1198405beb8697dc3923465821d1dce,cold_start_base,ms,lower,311.4
linux-mshv-virtual-machine,2,1,b96eaac9a1198405beb8697dc3923465821d1dce,cold_start_clocksource,ms,lower,312.5
linux-mshv-virtual-machine,2,1,b96eaac9a1198405beb8697dc3923465821d1dce,cold_start_cryptomgr_notests,ms,lower,312.4
linux-mshv-virtual-machine,2,1,b96eaac9a1198405beb8697dc3923465821d1dce,cold_start_mitigations_off,ms,lower,276.8
linux-mshv-virtual-machine,2,1,b96eaac9a1198405beb8697dc3923465821d1dce,cold_start_no_timer_check,ms,lower,266.6
linux-mshv-virtual-machine,2,1,b96eaac9a1198405beb8697dc3923465821d1dce,cold_start_nokaslr,ms,lower,312.9
linux-mshv-virtual-machine,2,1,b96eaac9a1198405beb8697dc3923465821d1dce,cold_start_random_trust_cpu,ms,lower,311.6
linux-mshv-virtual-machine,2,1,b96eaac9a1198405beb8697dc3923465821d1dce,cold_start_rcu_expedited,ms,lower,311.3
linux-mshv-virtual-machine,2,1,b96eaac9a1198405beb8697dc3923465821d1dce,cold_start_tsc_reliable,ms,lower,311.8
linux-mshv-virtual-machine,2,1,b96eaac9a1198405beb8697dc3923465821d1dce,network_snapshot_cold,ms,lower,318.9
linux-mshv-virtual-machine,2,1,b96eaac9a1198405beb8697dc3923465821d1dce,network_snapshot_restore,ms,lower,43.2
linux-mshv-virtual-machine,2,1,b96eaac9a1198405beb8697dc3923465821d1dce,network_snapshot_restore_wall,ms,lower,120.1
linux-mshv-virtual-machine,2,1,b96eaac9a1198405beb8697dc3923465821d1dce,openvmm_cold_start,ms,lower,231.1448665
linux-mshv-virtual-machine,2,1,b96eaac9a1198405beb8697dc3923465821d1dce,openvmm_cold_start_guest_exit_teardown,ms,lower,25.8342285
linux-mshv-virtual-machine,2,1,b96eaac9a1198405beb8697dc3923465821d1dce,openvmm_cold_start_peak_rss,MiB,lower,78.2890625
linux-mshv-virtual-machine,2,1,b96eaac9a1198405beb8697dc3923465821d1dce,openvmm_snapshot_generation,ms,lower,4.1008655
linux-mshv-virtual-machine,2,1,b96eaac9a1198405beb8697dc3923465821d1dce,openvmm_snapshot_generation_peak_rss,MiB,lower,80.7734375
linux-mshv-virtual-machine,2,1,b96eaac9a1198405beb8697dc3923465821d1dce,openvmm_snapshot_restore,ms,lower,35.9694085
linux-mshv-virtual-machine,2,1,b96eaac9a1198405beb8697dc3923465821d1dce,openvmm_snapshot_restore_guest_exit_teardown,ms,lower,8.6822295
linux-mshv-virtual-machine,2,1,b96eaac9a1198405beb8697dc3923465821d1dce,openvmm_snapshot_restore_peak_rss,MiB,lower,58.078125
linux-mshv-virtual-machine,2,1,b96eaac9a1198405beb8697dc3923465821d1dce,shell_snapshot_cold_128_mib,ms,lower,313
linux-mshv-virtual-machine,2,1,b96eaac9a1198405beb8697dc3923465821d1dce,shell_snapshot_cold_256_mib,ms,lower,316.3
linux-mshv-virtual-machine,2,1,b96eaac9a1198405beb8697dc3923465821d1dce,shell_snapshot_cold_512_mib,ms,lower,324.7
linux-mshv-virtual-machine,2,1,b96eaac9a1198405beb8697dc3923465821d1dce,shell_snapshot_restore_128_mib,ms,lower,35.1
linux-mshv-virtual-machine,2,1,b96eaac9a1198405beb8697dc3923465821d1dce,shell_snapshot_restore_256_mib,ms,lower,39.6
linux-mshv-virtual-machine,2,1,b96eaac9a1198405beb8697dc3923465821d1dce,shell_snapshot_restore_512_mib,ms,lower,43.9
linux-mshv-virtual-machine,2,1,b96eaac9a1198405beb8697dc3923465821d1dce,virtfs_live_read,MB/s,higher,1100
linux-mshv-virtual-machine,2,1,b96eaac9a1198405beb8697dc3923465821d1dce,virtfs_live_roundtrip,ms,lower,467.7
linux-mshv-virtual-machine,2,1,b96eaac9a1198405beb8697dc3923465821d1dce,virtfs_live_write,MB/s,higher,807.8
linux-mshv-virtual-machine,2,1,b96eaac9a1198405beb8697dc3923465821d1dce,virtio_blk_random_read_iops,ops/s,higher,6801.86088635
linux-mshv-virtual-machine,2,1,b96eaac9a1198405beb8697dc3923465821d1dce,virtio_blk_random_write_iops,ops/s,higher,7013.33520353
linux-mshv-virtual-machine,2,1,b96eaac9a1198405beb8697dc3923465821d1dce,virtio_fs_random_read_iops,ops/s,higher,10072.9310347
linux-mshv-virtual-machine,2,1,b96eaac9a1198405beb8697dc3923465821d1dce,virtio_fs_random_write_iops,ops/s,higher,11014.6508251
linux-mshv-virtual-machine,2,1,b96eaac9a1198405beb8697dc3923465821d1dce,virtio_net_udp_roundtrip_ops,ops/s,higher,5750.04276771
linux-mshv-virtual-machine,2,1,5b37b4f159ad006e6b78278a27477fa93a7b4e80,cold_start_base,ms,lower,310.4
linux-mshv-virtual-machine,2,1,5b37b4f159ad006e6b78278a27477fa93a7b4e80,cold_start_clocksource,ms,lower,310.3
linux-mshv-virtual-machine,2,1,5b37b4f159ad006e6b78278a27477fa93a7b4e80,cold_start_cryptomgr_notests,ms,lower,305.6
linux-mshv-virtual-machine,2,1,5b37b4f159ad006e6b78278a27477fa93a7b4e80,cold_start_mitigations_off,ms,lower,270.3
linux-mshv-virtual-machine,2,1,5b37b4f159ad006e6b78278a27477fa93a7b4e80,cold_start_no_timer_check,ms,lower,259.8
linux-mshv-virtual-machine,2,1,5b37b4f159ad006e6b78278a27477fa93a7b4e80,cold_start_nokaslr,ms,lower,306.3
linux-mshv-virtual-machine,2,1,5b37b4f159ad006e6b78278a27477fa93a7b4e80,cold_start_random_trust_cpu,ms,lower,306.2
linux-mshv-virtual-machine,2,1,5b37b4f159ad006e6b78278a27477fa93a7b4e80,cold_start_rcu_expedited,ms,lower,305.7
linux-mshv-virtual-machine,2,1,5b37b4f159ad006e6b78278a27477fa93a7b4e80,cold_start_tsc_reliable,ms,lower,308.9
linux-mshv-virtual-machine,2,1,5b37b4f159ad006e6b78278a27477fa93a7b4e80,network_snapshot_cold,ms,lower,312.9
linux-mshv-virtual-machine,2,1,5b37b4f159ad006e6b78278a27477fa93a7b4e80,network_snapshot_restore,ms,lower,42.3
linux-mshv-virtual-machine,2,1,5b37b4f159ad006e6b78278a27477fa93a7b4e80,network_snapshot_restore_wall,ms,lower,118
linux-mshv-virtual-machine,2,1,5b37b4f159ad006e6b78278a27477fa93a7b4e80,openvmm_cold_start,ms,lower,230.585279
linux-mshv-virtual-machine,2,1,5b37b4f159ad006e6b78278a27477fa93a7b4e80,openvmm_cold_start_guest_exit_teardown,ms,lower,26.4206955
linux-mshv-virtual-machine,2,1,5b37b4f159ad006e6b78278a27477fa93a7b4e80,openvmm_cold_start_peak_rss,MiB,lower,78.2890625
linux-mshv-virtual-machine,2,1,5b37b4f159ad006e6b78278a27477fa93a7b4e80,openvmm_snapshot_generation,ms,lower,4.188336
linux-mshv-virtual-machine,2,1,5b37b4f159ad006e6b78278a27477fa93a7b4e80,openvmm_snapshot_generation_peak_rss,MiB,lower,80.767578125
linux-mshv-virtual-machine,2,1,5b37b4f159ad006e6b78278a27477fa93a7b4e80,openvmm_snapshot_restore,ms,lower,36.3452885
linux-mshv-virtual-machine,2,1,5b37b4f159ad006e6b78278a27477fa93a7b4e80,openvmm_snapshot_restore_guest_exit_teardown,ms,lower,8.7354525
linux-mshv-virtual-machine,2,1,5b37b4f159ad006e6b78278a27477fa93a7b4e80,openvmm_snapshot_restore_peak_rss,MiB,lower,58.078125
linux-mshv-virtual-machine,2,1,5b37b4f159ad006e6b78278a27477fa93a7b4e80,shell_snapshot_cold_128_mib,ms,lower,305.6
linux-mshv-virtual-machine,2,1,5b37b4f159ad006e6b78278a27477fa93a7b4e80,shell_snapshot_cold_256_mib,ms,lower,310.9
linux-mshv-virtual-machine,2,1,5b37b4f159ad006e6b78278a27477fa93a7b4e80,shell_snapshot_cold_512_mib,ms,lower,316.9
linux-mshv-virtual-machine,2,1,5b37b4f159ad006e6b78278a27477fa93a7b4e80,shell_snapshot_restore_128_mib,ms,lower,34.1
linux-mshv-virtual-machine,2,1,5b37b4f159ad006e6b78278a27477fa93a7b4e80,shell_snapshot_restore_256_mib,ms,lower,37.7
linux-mshv-virtual-machine,2,1,5b37b4f159ad006e6b78278a27477fa93a7b4e80,shell_snapshot_restore_512_mib,ms,lower,42
linux-mshv-virtual-machine,2,1,5b37b4f159ad006e6b78278a27477fa93a7b4e80,virtfs_live_read,MB/s,higher,1100
linux-mshv-virtual-machine,2,1,5b37b4f159ad006e6b78278a27477fa93a7b4e80,virtfs_live_roundtrip,ms,lower,459.1
linux-mshv-virtual-machine,2,1,5b37b4f159ad006e6b78278a27477fa93a7b4e80,virtfs_live_write,MB/s,higher,841.5
linux-mshv-virtual-machine,2,1,5b37b4f159ad006e6b78278a27477fa93a7b4e80,virtio_blk_random_read_iops,ops/s,higher,7076.13296746
linux-mshv-virtual-machine,2,1,5b37b4f159ad006e6b78278a27477fa93a7b4e80,virtio_blk_random_write_iops,ops/s,higher,7215.47832702
linux-mshv-virtual-machine,2,1,5b37b4f159ad006e6b78278a27477fa93a7b4e80,virtio_fs_random_read_iops,ops/s,higher,10834.0073269
linux-mshv-virtual-machine,2,1,5b37b4f159ad006e6b78278a27477fa93a7b4e80,virtio_fs_random_write_iops,ops/s,higher,10484.186417
linux-mshv-virtual-machine,2,1,5b37b4f159ad006e6b78278a27477fa93a7b4e80,virtio_net_udp_roundtrip_ops,ops/s,higher,6294.44536374
linux-mshv-virtual-machine,2,1,165b768b7a659e15ef6593a2b7ebc605991d38ce,cold_start_base,ms,lower,307.4
linux-mshv-virtual-machine,2,1,165b768b7a659e15ef6593a2b7ebc605991d38ce,cold_start_clocksource,ms,lower,305.5
linux-mshv-virtual-machine,2,1,165b768b7a659e15ef6593a2b7ebc605991d38ce,cold_start_cryptomgr_notests,ms,lower,303.6
linux-mshv-virtual-machine,2,1,165b768b7a659e15ef6593a2b7ebc605991d38ce,cold_start_mitigations_off,ms,lower,269.9
linux-mshv-virtual-machine,2,1,165b768b7a659e15ef6593a2b7ebc605991d38ce,cold_start_no_timer_check,ms,lower,259.1
linux-mshv-virtual-machine,2,1,165b768b7a659e15ef6593a2b7ebc605991d38ce,cold_start_nokaslr,ms,lower,306.8
linux-mshv-virtual-machine,2,1,165b768b7a659e15ef6593a2b7ebc605991d38ce,cold_start_random_trust_cpu,ms,lower,305.6
linux-mshv-virtual-machine,2,1,165b768b7a659e15ef6593a2b7ebc605991d38ce,cold_start_rcu_expedited,ms,lower,304.7
linux-mshv-virtual-machine,2,1,165b768b7a659e15ef6593a2b7ebc605991d38ce,cold_start_tsc_reliable,ms,lower,305.4
linux-mshv-virtual-machine,2,1,165b768b7a659e15ef6593a2b7ebc605991d38ce,network_snapshot_cold,ms,lower,313
linux-mshv-virtual-machine,2,1,165b768b7a659e15ef6593a2b7ebc605991d38ce,network_snapshot_restore,ms,lower,43.2
linux-mshv-virtual-machine,2,1,165b768b7a659e15ef6593a2b7ebc605991d38ce,network_snapshot_restore_wall,ms,lower,125.9
linux-mshv-virtual-machine,2,1,165b768b7a659e15ef6593a2b7ebc605991d38ce,openvmm_cold_start,ms,lower,225.319967
linux-mshv-virtual-machine,2,1,165b768b7a659e15ef6593a2b7ebc605991d38ce,openvmm_cold_start_guest_exit_teardown,ms,lower,25.6885895
linux-mshv-virtual-machine,2,1,165b768b7a659e15ef6593a2b7ebc605991d38ce,openvmm_cold_start_peak_rss,MiB,lower,78.2890625
linux-mshv-virtual-machine,2,1,165b768b7a659e15ef6593a2b7ebc605991d38ce,openvmm_snapshot_generation,ms,lower,4.168608
linux-mshv-virtual-machine,2,1,165b768b7a659e15ef6593a2b7ebc605991d38ce,openvmm_snapshot_generation_peak_rss,MiB,lower,80.751953125
linux-mshv-virtual-machine,2,1,165b768b7a659e15ef6593a2b7ebc605991d38ce,openvmm_snapshot_restore,ms,lower,35.2118435
linux-mshv-virtual-machine,2,1,165b768b7a659e15ef6593a2b7ebc605991d38ce,openvmm_snapshot_restore_guest_exit_teardown,ms,lower,8.2690665
linux-mshv-virtual-machine,2,1,165b768b7a659e15ef6593a2b7ebc605991d38ce,openvmm_snapshot_restore_peak_rss,MiB,lower,58.080078125
linux-mshv-virtual-machine,2,1,165b768b7a659e15ef6593a2b7ebc605991d38ce,shell_snapshot_cold_128_mib,ms,lower,306
linux-mshv-virtual-machine,2,1,165b768b7a659e15ef6593a2b7ebc605991d38ce,shell_snapshot_cold_256_mib,ms,lower,309.1
linux-mshv-virtual-machine,2,1,165b768b7a659e15ef6593a2b7ebc605991d38ce,shell_snapshot_cold_512_mib,ms,lower,312.8
linux-mshv-virtual-machine,2,1,165b768b7a659e15ef6593a2b7ebc605991d38ce,shell_snapshot_restore_128_mib,ms,lower,33.7
linux-mshv-virtual-machine,2,1,165b768b7a659e15ef6593a2b7ebc605991d38ce,shell_snapshot_restore_256_mib,ms,lower,36.1
linux-mshv-virtual-machine,2,1,165b768b7a659e15ef6593a2b7ebc605991d38ce,shell_snapshot_restore_512_mib,ms,lower,39.9
linux-mshv-virtual-machine,2,1,165b768b7a659e15ef6593a2b7ebc605991d38ce,virtfs_live_read,MB/s,higher,1100
linux-mshv-virtual-machine,2,1,165b768b7a659e15ef6593a2b7ebc605991d38ce,virtfs_live_roundtrip,ms,lower,480.8
linux-mshv-virtual-machine,2,1,165b768b7a659e15ef6593a2b7ebc605991d38ce,virtfs_live_write,MB/s,higher,838.6
linux-mshv-virtual-machine,2,1,165b768b7a659e15ef6593a2b7ebc605991d38ce,virtio_blk_random_read_iops,ops/s,higher,6945.47944565
linux-mshv-virtual-machine,2,1,165b768b7a659e15ef6593a2b7ebc605991d38ce,virtio_blk_random_write_iops,ops/s,higher,7030.98376235
linux-mshv-virtual-machine,2,1,165b768b7a659e15ef6593a2b7ebc605991d38ce,virtio_fs_random_read_iops,ops/s,higher,10451.0331272
linux-mshv-virtual-machine,2,1,165b768b7a659e15ef6593a2b7ebc605991d38ce,virtio_fs_random_write_iops,ops/s,higher,10384.6286627
linux-mshv-virtual-machine,2,1,165b768b7a659e15ef6593a2b7ebc605991d38ce,virtio_net_udp_roundtrip_ops,ops/s,higher,6147.9315811
linux-mshv-virtual-machine,2,1,f22f3b74d8dee2f7b87abfefbd294f4dd8b2eaab,cold_start_base,ms,lower,304.2
linux-mshv-virtual-machine,2,1,f22f3b74d8dee2f7b87abfefbd294f4dd8b2eaab,cold_start_clocksource,ms,lower,303.5
linux-mshv-virtual-machine,2,1,f22f3b74d8dee2f7b87abfefbd294f4dd8b2eaab,cold_start_cryptomgr_notests,ms,lower,306.4
linux-mshv-virtual-machine,2,1,f22f3b74d8dee2f7b87abfefbd294f4dd8b2eaab,cold_start_mitigations_off,ms,lower,267.2
linux-mshv-virtual-machine,2,1,f22f3b74d8dee2f7b87abfefbd294f4dd8b2eaab,cold_start_no_timer_check,ms,lower,256.2
linux-mshv-virtual-machine,2,1,f22f3b74d8dee2f7b87abfefbd294f4dd8b2eaab,cold_start_nokaslr,ms,lower,303.2
linux-mshv-virtual-machine,2,1,f22f3b74d8dee2f7b87abfefbd294f4dd8b2eaab,cold_start_random_trust_cpu,ms,lower,302.5
linux-mshv-virtual-machine,2,1,f22f3b74d8dee2f7b87abfefbd294f4dd8b2eaab,cold_start_rcu_expedited,ms,lower,302.5
linux-mshv-virtual-machine,2,1,f22f3b74d8dee2f7b87abfefbd294f4dd8b2eaab,cold_start_tsc_reliable,ms,lower,303.4
linux-mshv-virtual-machine,2,1,f22f3b74d8dee2f7b87abfefbd294f4dd8b2eaab,network_snapshot_cold,ms,lower,309.6
linux-mshv-virtual-machine,2,1,f22f3b74d8dee2f7b87abfefbd294f4dd8b2eaab,network_snapshot_restore,ms,lower,41.1
linux-mshv-virtual-machine,2,1,f22f3b74d8dee2f7b87abfefbd294f4dd8b2eaab,network_snapshot_restore_wall,ms,lower,149.8
linux-mshv-virtual-machine,2,1,f22f3b74d8dee2f7b87abfefbd294f4dd8b2eaab,openvmm_cold_start,ms,lower,222.737673
linux-mshv-virtual-machine,2,1,f22f3b74d8dee2f7b87abfefbd294f4dd8b2eaab,openvmm_cold_start_guest_exit_teardown,ms,lower,25.335168
linux-mshv-virtual-machine,2,1,f22f3b74d8dee2f7b87abfefbd294f4dd8b2eaab,openvmm_cold_start_peak_rss,MiB,lower,78.2890625
linux-mshv-virtual-machine,2,1,f22f3b74d8dee2f7b87abfefbd294f4dd8b2eaab,openvmm_snapshot_generation,ms,lower,4.382102
linux-mshv-virtual-machine,2,1,f22f3b74d8dee2f7b87abfefbd294f4dd8b2eaab,openvmm_snapshot_generation_peak_rss,MiB,lower,80.7421875
linux-mshv-virtual-machine,2,1,f22f3b74d8dee2f7b87abfefbd294f4dd8b2eaab,openvmm_snapshot_restore,ms,lower,34.2546195
linux-mshv-virtual-machine,2,1,f22f3b74d8dee2f7b87abfefbd294f4dd8b2eaab,openvmm_snapshot_restore_guest_exit_teardown,ms,lower,8.3183075
linux-mshv-virtual-machine,2,1,f22f3b74d8dee2f7b87abfefbd294f4dd8b2eaab,openvmm_snapshot_restore_peak_rss,MiB,lower,58.078125
linux-mshv-virtual-machine,2,1,f22f3b74d8dee2f7b87abfefbd294f4dd8b2eaab,shell_snapshot_cold_128_mib,ms,lower,302.5
linux-mshv-virtual-machine,2,1,f22f3b74d8dee2f7b87abfefbd294f4dd8b2eaab,shell_snapshot_cold_256_mib,ms,lower,308.4
linux-mshv-virtual-machine,2,1,f22f3b74d8dee2f7b87abfefbd294f4dd8b2eaab,shell_snapshot_cold_512_mib,ms,lower,315.5
linux-mshv-virtual-machine,2,1,f22f3b74d8dee2f7b87abfefbd294f4dd8b2eaab,shell_snapshot_restore_128_mib,ms,lower,33.3
linux-mshv-virtual-machine,2,1,f22f3b74d8dee2f7b87abfefbd294f4dd8b2eaab,shell_snapshot_restore_256_mib,ms,lower,36.6
linux-mshv-virtual-machine,2,1,f22f3b74d8dee2f7b87abfefbd294f4dd8b2eaab,shell_snapshot_restore_512_mib,ms,lower,39.1
linux-mshv-virtual-machine,2,1,f22f3b74d8dee2f7b87abfefbd294f4dd8b2eaab,virtfs_live_read,MB/s,higher,1058.8
linux-mshv-virtual-machine,2,1,f22f3b74d8dee2f7b87abfefbd294f4dd8b2eaab,virtfs_live_roundtrip,ms,lower,469.4
linux-mshv-virtual-machine,2,1,f22f3b74d8dee2f7b87abfefbd294f4dd8b2eaab,virtfs_live_write,MB/s,higher,797.1
linux-mshv-virtual-machine,2,1,f22f3b74d8dee2f7b87abfefbd294f4dd8b2eaab,virtio_blk_random_read_iops,ops/s,higher,7008.43324144
linux-mshv-virtual-machine,2,1,f22f3b74d8dee2f7b87abfefbd294f4dd8b2eaab,virtio_blk_random_write_iops,ops/s,higher,7152.48879072
linux-mshv-virtual-machine,2,1,f22f3b74d8dee2f7b87abfefbd294f4dd8b2eaab,virtio_fs_random_read_iops,ops/s,higher,10609.7338302
linux-mshv-virtual-machine,2,1,f22f3b74d8dee2f7b87abfefbd294f4dd8b2eaab,virtio_fs_random_write_iops,ops/s,higher,10591.2827241
linux-mshv-virtual-machine,2,1,f22f3b74d8dee2f7b87abfefbd294f4dd8b2eaab,virtio_net_udp_roundtrip_ops,ops/s,higher,6075.9824202
linux-mshv-virtual-machine,2,1,9653b1e1419b63daba6930ae29a1aadfd79946a4,cold_start_base,ms,lower,303.7
linux-mshv-virtual-machine,2,1,9653b1e1419b63daba6930ae29a1aadfd79946a4,cold_start_clocksource,ms,lower,303.4
linux-mshv-virtual-machine,2,1,9653b1e1419b63daba6930ae29a1aadfd79946a4,cold_start_cryptomgr_notests,ms,lower,303.4
linux-mshv-virtual-machine,2,1,9653b1e1419b63daba6930ae29a1aadfd79946a4,cold_start_mitigations_off,ms,lower,268.3
linux-mshv-virtual-machine,2,1,9653b1e1419b63daba6930ae29a1aadfd79946a4,cold_start_no_timer_check,ms,lower,257.4
linux-mshv-virtual-machine,2,1,9653b1e1419b63daba6930ae29a1aadfd79946a4,cold_start_nokaslr,ms,lower,303.9
linux-mshv-virtual-machine,2,1,9653b1e1419b63daba6930ae29a1aadfd79946a4,cold_start_random_trust_cpu,ms,lower,304.2
linux-mshv-virtual-machine,2,1,9653b1e1419b63daba6930ae29a1aadfd79946a4,cold_start_rcu_expedited,ms,lower,304.9
linux-mshv-virtual-machine,2,1,9653b1e1419b63daba6930ae29a1aadfd79946a4,cold_start_tsc_reliable,ms,lower,307.8
linux-mshv-virtual-machine,2,1,9653b1e1419b63daba6930ae29a1aadfd79946a4,network_snapshot_cold,ms,lower,310.5
linux-mshv-virtual-machine,2,1,9653b1e1419b63daba6930ae29a1aadfd79946a4,network_snapshot_restore,ms,lower,41.3
linux-mshv-virtual-machine,2,1,9653b1e1419b63daba6930ae29a1aadfd79946a4,network_snapshot_restore_wall,ms,lower,132
linux-mshv-virtual-machine,2,1,9653b1e1419b63daba6930ae29a1aadfd79946a4,openvmm_cold_start,ms,lower,222.5819515
linux-mshv-virtual-machine,2,1,9653b1e1419b63daba6930ae29a1aadfd79946a4,openvmm_cold_start_guest_exit_teardown,ms,lower,25.521475
linux-mshv-virtual-machine,2,1,9653b1e1419b63daba6930ae29a1aadfd79946a4,openvmm_cold_start_peak_rss,MiB,lower,78.2265625
linux-mshv-virtual-machine,2,1,9653b1e1419b63daba6930ae29a1aadfd79946a4,openvmm_snapshot_generation,ms,lower,3.9447575
linux-mshv-virtual-machine,2,1,9653b1e1419b63daba6930ae29a1aadfd79946a4,openvmm_snapshot_generation_peak_rss,MiB,lower,80.736328125
linux-mshv-virtual-machine,2,1,9653b1e1419b63daba6930ae29a1aadfd79946a4,openvmm_snapshot_restore,ms,lower,34.176481
linux-mshv-virtual-machine,2,1,9653b1e1419b63daba6930ae29a1aadfd79946a4,openvmm_snapshot_restore_guest_exit_teardown,ms,lower,8.3411095
linux-mshv-virtual-machine,2,1,9653b1e1419b63daba6930ae29a1aadfd79946a4,openvmm_snapshot_restore_peak_rss,MiB,lower,58.078125
linux-mshv-virtual-machine,2,1,9653b1e1419b63daba6930ae29a1aadfd79946a4,shell_snapshot_cold_128_mib,ms,lower,303.1
linux-mshv-virtual-machine,2,1,9653b1e1419b63daba6930ae29a1aadfd79946a4,shell_snapshot_cold_256_mib,ms,lower,307.2
linux-mshv-virtual-machine,2,1,9653b1e1419b63daba6930ae29a1aadfd79946a4,shell_snapshot_cold_512_mib,ms,lower,312.3
linux-mshv-virtual-machine,2,1,9653b1e1419b63daba6930ae29a1aadfd79946a4,shell_snapshot_restore_128_mib,ms,lower,33.4
linux-mshv-virtual-machine,2,1,9653b1e1419b63daba6930ae29a1aadfd79946a4,shell_snapshot_restore_256_mib,ms,lower,35.9
linux-mshv-virtual-machine,2,1,9653b1e1419b63daba6930ae29a1aadfd79946a4,shell_snapshot_restore_512_mib,ms,lower,39.4
linux-mshv-virtual-machine,2,1,9653b1e1419b63daba6930ae29a1aadfd79946a4,virtfs_live_read,MB/s,higher,1100
linux-mshv-virtual-machine,2,1,9653b1e1419b63daba6930ae29a1aadfd79946a4,virtfs_live_roundtrip,ms,lower,463.3
linux-mshv-virtual-machine,2,1,9653b1e1419b63daba6930ae29a1aadfd79946a4,virtfs_live_write,MB/s,higher,849.4
linux-mshv-virtual-machine,2,1,9653b1e1419b63daba6930ae29a1aadfd79946a4,virtio_blk_random_read_iops,ops/s,higher,6990.64516695
linux-mshv-virtual-machine,2,1,9653b1e1419b63daba6930ae29a1aadfd79946a4,virtio_blk_random_write_iops,ops/s,higher,7046.01735456
linux-mshv-virtual-machine,2,1,9653b1e1419b63daba6930ae29a1aadfd79946a4,virtio_fs_random_read_iops,ops/s,higher,10167.3141438
linux-mshv-virtual-machine,2,1,9653b1e1419b63daba6930ae29a1aadfd79946a4,virtio_fs_random_write_iops,ops/s,higher,10138.5497291
linux-mshv-virtual-machine,2,1,9653b1e1419b63daba6930ae29a1aadfd79946a4,virtio_net_udp_roundtrip_ops,ops/s,higher,6154.11914167
linux-mshv-virtual-machine,2,1,0982734ccb74ca12bd2effb05487c06af3390abb,cold_start_base,ms,lower,308.3
linux-mshv-virtual-machine,2,1,0982734ccb74ca12bd2effb05487c06af3390abb,cold_start_clocksource,ms,lower,310.2
linux-mshv-virtual-machine,2,1,0982734ccb74ca12bd2effb05487c06af3390abb,cold_start_cryptomgr_notests,ms,lower,308.3
linux-mshv-virtual-machine,2,1,0982734ccb74ca12bd2effb05487c06af3390abb,cold_start_mitigations_off,ms,lower,275.6
linux-mshv-virtual-machine,2,1,0982734ccb74ca12bd2effb05487c06af3390abb,cold_start_no_timer_check,ms,lower,261.2
linux-mshv-virtual-machine,2,1,0982734ccb74ca12bd2effb05487c06af3390abb,cold_start_nokaslr,ms,lower,312.6
linux-mshv-virtual-machine,2,1,0982734ccb74ca12bd2effb05487c06af3390abb,cold_start_random_trust_cpu,ms,lower,313.8
linux-mshv-virtual-machine,2,1,0982734ccb74ca12bd2effb05487c06af3390abb,cold_start_rcu_expedited,ms,lower,311.1
linux-mshv-virtual-machine,2,1,0982734ccb74ca12bd2effb05487c06af3390abb,cold_start_tsc_reliable,ms,lower,309.8
linux-mshv-virtual-machine,2,1,0982734ccb74ca12bd2effb05487c06af3390abb,network_snapshot_cold,ms,lower,319.8
linux-mshv-virtual-machine,2,1,0982734ccb74ca12bd2effb05487c06af3390abb,network_snapshot_restore,ms,lower,43.9
linux-mshv-virtual-machine,2,1,0982734ccb74ca12bd2effb05487c06af3390abb,network_snapshot_restore_wall,ms,lower,123.9
linux-mshv-virtual-machine,2,1,0982734ccb74ca12bd2effb05487c06af3390abb,openvmm_cold_start,ms,lower,227.4432385
linux-mshv-virtual-machine,2,1,0982734ccb74ca12bd2effb05487c06af3390abb,openvmm_cold_start_guest_exit_teardown,ms,lower,25.5936265
linux-mshv-virtual-machine,2,1,0982734ccb74ca12bd2effb05487c06af3390abb,openvmm_cold_start_peak_rss,MiB,lower,78.2265625
linux-mshv-virtual-machine,2,1,0982734ccb74ca12bd2effb05487c06af3390abb,openvmm_snapshot_generation,ms,lower,3.9247475
linux-mshv-virtual-machine,2,1,0982734ccb74ca12bd2effb05487c06af3390abb,openvmm_snapshot_generation_peak_rss,MiB,lower,80.775390625
linux-mshv-virtual-machine,2,1,0982734ccb74ca12bd2effb05487c06af3390abb,openvmm_snapshot_restore,ms,lower,35.033692
linux-mshv-virtual-machine,2,1,0982734ccb74ca12bd2effb05487c06af3390abb,openvmm_snapshot_restore_guest_exit_teardown,ms,lower,8.960638
linux-mshv-virtual-machine,2,1,0982734ccb74ca12bd2effb05487c06af3390abb,openvmm_snapshot_restore_peak_rss,MiB,lower,58.078125
linux-mshv-virtual-machine,2,1,0982734ccb74ca12bd2effb05487c06af3390abb,shell_snapshot_cold_128_mib,ms,lower,313.1
linux-mshv-virtual-machine,2,1,0982734ccb74ca12bd2effb05487c06af3390abb,shell_snapshot_cold_256_mib,ms,lower,309.9
linux-mshv-virtual-machine,2,1,0982734ccb74ca12bd2effb05487c06af3390abb,shell_snapshot_cold_512_mib,ms,lower,318.9
linux-mshv-virtual-machine,2,1,0982734ccb74ca12bd2effb05487c06af3390abb,shell_snapshot_restore_128_mib,ms,lower,31.6
linux-mshv-virtual-machine,2,1,0982734ccb74ca12bd2effb05487c06af3390abb,shell_snapshot_restore_256_mib,ms,lower,34.7
linux-mshv-virtual-machine,2,1,0982734ccb74ca12bd2effb05487c06af3390abb,shell_snapshot_restore_512_mib,ms,lower,39.9
linux-mshv-virtual-machine,2,1,0982734ccb74ca12bd2effb05487c06af3390abb,virtfs_live_read,MB/s,higher,1100
linux-mshv-virtual-machine,2,1,0982734ccb74ca12bd2effb05487c06af3390abb,virtfs_live_roundtrip,ms,lower,463.4
linux-mshv-virtual-machine,2,1,0982734ccb74ca12bd2effb05487c06af3390abb,virtfs_live_write,MB/s,higher,848.4
linux-mshv-virtual-machine,2,1,0982734ccb74ca12bd2effb05487c06af3390abb,virtio_blk_random_read_iops,ops/s,higher,6972.14378791
linux-mshv-virtual-machine,2,1,0982734ccb74ca12bd2effb05487c06af3390abb,virtio_blk_random_write_iops,ops/s,higher,6951.70204972
linux-mshv-virtual-machine,2,1,0982734ccb74ca12bd2effb05487c06af3390abb,virtio_fs_random_read_iops,ops/s,higher,11368.2216965
linux-mshv-virtual-machine,2,1,0982734ccb74ca12bd2effb05487c06af3390abb,virtio_fs_random_write_iops,ops/s,higher,10161.0054673
linux-mshv-virtual-machine,2,1,0982734ccb74ca12bd2effb05487c06af3390abb,virtio_net_udp_roundtrip_ops,ops/s,higher,5777.80208782
linux-mshv-virtual-machine,2,1,faa4c2beae777d986346cfd12faccb5e82599229,cold_start_base,ms,lower,304.6
linux-mshv-virtual-machine,2,1,faa4c2beae777d986346cfd12faccb5e82599229,cold_start_clocksource,ms,lower,303.9
linux-mshv-virtual-machine,2,1,faa4c2beae777d986346cfd12faccb5e82599229,cold_start_cryptomgr_notests,ms,lower,305.6
linux-mshv-virtual-machine,2,1,faa4c2beae777d986346cfd12faccb5e82599229,cold_start_mitigations_off,ms,lower,269.9
linux-mshv-virtual-machine,2,1,faa4c2beae777d986346cfd12faccb5e82599229,cold_start_no_timer_check,ms,lower,257.9
linux-mshv-virtual-machine,2,1,faa4c2beae777d986346cfd12faccb5e82599229,cold_start_nokaslr,ms,lower,304.6
linux-mshv-virtual-machine,2,1,faa4c2beae777d986346cfd12faccb5e82599229,cold_start_random_trust_cpu,ms,lower,304.2
linux-mshv-virtual-machine,2,1,faa4c2beae777d986346cfd12faccb5e82599229,cold_start_rcu_expedited,ms,lower,304.6
linux-mshv-virtual-machine,2,1,faa4c2beae777d986346cfd12faccb5e82599229,cold_start_tsc_reliable,ms,lower,304.1
linux-mshv-virtual-machine,2,1,faa4c2beae777d986346cfd12faccb5e82599229,network_snapshot_cold,ms,lower,311.6
linux-mshv-virtual-machine,2,1,faa4c2beae777d986346cfd12faccb5e82599229,network_snapshot_restore,ms,lower,42.2
linux-mshv-virtual-machine,2,1,faa4c2beae777d986346cfd12faccb5e82599229,network_snapshot_restore_wall,ms,lower,123.8
linux-mshv-virtual-machine,2,1,faa4c2beae777d986346cfd12faccb5e82599229,openvmm_cold_start,ms,lower,223.7445625
linux-mshv-virtual-machine,2,1,faa4c2beae777d986346cfd12faccb5e82599229,openvmm_cold_start_guest_exit_teardown,ms,lower,25.3593295
linux-mshv-virtual-machine,2,1,faa4c2beae777d986346cfd12faccb5e82599229,openvmm_cold_start_peak_rss,MiB,lower,80.2265625
linux-mshv-virtual-machine,2,1,faa4c2beae777d986346cfd12faccb5e82599229,openvmm_snapshot_generation,ms,lower,4.368352
linux-mshv-virtual-machine,2,1,faa4c2beae777d986346cfd12faccb5e82599229,openvmm_snapshot_generation_peak_rss,MiB,lower,82.75390625
linux-mshv-virtual-machine,2,1,faa4c2beae777d986346cfd12faccb5e82599229,openvmm_snapshot_restore,ms,lower,34.641672
linux-mshv-virtual-machine,2,1,faa4c2beae777d986346cfd12faccb5e82599229,openvmm_snapshot_restore_guest_exit_teardown,ms,lower,8.3578675
linux-mshv-virtual-machine,2,1,faa4c2beae777d986346cfd12faccb5e82599229,openvmm_snapshot_restore_peak_rss,MiB,lower,60.078125
linux-mshv-virtual-machine,2,1,faa4c2beae777d986346cfd12faccb5e82599229,shell_snapshot_cold_128_mib,ms,lower,303.7
linux-mshv-virtual-machine,2,1,faa4c2beae777d986346cfd12faccb5e82599229,shell_snapshot_cold_256_mib,ms,lower,309.6
linux-mshv-virtual-machine,2,1,faa4c2beae777d986346cfd12faccb5e82599229,shell_snapshot_cold_512_mib,ms,lower,315.1
linux-mshv-virtual-machine,2,1,faa4c2beae777d986346cfd12faccb5e82599229,shell_snapshot_restore_128_mib,ms,lower,34
linux-mshv-virtual-machine,2,1,faa4c2beae777d986346cfd12faccb5e82599229,shell_snapshot_restore_256_mib,ms,lower,36.9
linux-mshv-virtual-machine,2,1,faa4c2beae777d986346cfd12faccb5e82599229,shell_snapshot_restore_512_mib,ms,lower,39.7
linux-mshv-virtual-machine,2,1,faa4c2beae777d986346cfd12faccb5e82599229,virtfs_live_read,MB/s,higher,1100
linux-mshv-virtual-machine,2,1,faa4c2beae777d986346cfd12faccb5e82599229,virtfs_live_roundtrip,ms,lower,469.5
linux-mshv-virtual-machine,2,1,faa4c2beae777d986346cfd12faccb5e82599229,virtfs_live_write,MB/s,higher,845.8
linux-mshv-virtual-machine,2,1,faa4c2beae777d986346cfd12faccb5e82599229,virtio_blk_random_read_iops,ops/s,higher,7207.10856589
linux-mshv-virtual-machine,2,1,faa4c2beae777d986346cfd12faccb5e82599229,virtio_blk_random_write_iops,ops/s,higher,7151.84917594
linux-mshv-virtual-machine,2,1,faa4c2beae777d986346cfd12faccb5e82599229,virtio_fs_random_read_iops,ops/s,higher,11419.475355
linux-mshv-virtual-machine,2,1,faa4c2beae777d986346cfd12faccb5e82599229,virtio_fs_random_write_iops,ops/s,higher,11144.1212364
linux-mshv-virtual-machine,2,1,faa4c2beae777d986346cfd12faccb5e82599229,virtio_net_udp_roundtrip_ops,ops/s,higher,6112.31617117
linux-mshv-virtual-machine,2,1,c8aa30db76bd4b8e14591df8d0e5f0d077c06363,cold_start_base,ms,lower,304.8
linux-mshv-virtual-machine,2,1,c8aa30db76bd4b8e14591df8d0e5f0d077c06363,cold_start_clocksource,ms,lower,304.1
linux-mshv-virtual-machine,2,1,c8aa30db76bd4b8e14591df8d0e5f0d077c06363,cold_start_cryptomgr_notests,ms,lower,304.6
linux-mshv-virtual-machine,2,1,c8aa30db76bd4b8e14591df8d0e5f0d077c06363,cold_start_mitigations_off,ms,lower,268.8
linux-mshv-virtual-machine,2,1,c8aa30db76bd4b8e14591df8d0e5f0d077c06363,cold_start_no_timer_check,ms,lower,257.2
linux-mshv-virtual-machine,2,1,c8aa30db76bd4b8e14591df8d0e5f0d077c06363,cold_start_nokaslr,ms,lower,304.1
linux-mshv-virtual-machine,2,1,c8aa30db76bd4b8e14591df8d0e5f0d077c06363,cold_start_random_trust_cpu,ms,lower,304.2
linux-mshv-virtual-machine,2,1,c8aa30db76bd4b8e14591df8d0e5f0d077c06363,cold_start_rcu_expedited,ms,lower,303.6
linux-mshv-virtual-machine,2,1,c8aa30db76bd4b8e14591df8d0e5f0d077c06363,cold_start_tsc_reliable,ms,lower,304.6
linux-mshv-virtual-machine,2,1,c8aa30db76bd4b8e14591df8d0e5f0d077c06363,network_snapshot_cold,ms,lower,310.4
linux-mshv-virtual-machine,2,1,c8aa30db76bd4b8e14591df8d0e5f0d077c06363,network_snapshot_restore,ms,lower,42.4
linux-mshv-virtual-machine,2,1,c8aa30db76bd4b8e14591df8d0e5f0d077c06363,network_snapshot_restore_wall,ms,lower,133.9
linux-mshv-virtual-machine,2,1,c8aa30db76bd4b8e14591df8d0e5f0d077c06363,openvmm_cold_start,ms,lower,224.122204
linux-mshv-virtual-machine,2,1,c8aa30db76bd4b8e14591df8d0e5f0d077c06363,openvmm_cold_start_guest_exit_teardown,ms,lower,25.5809495
linux-mshv-virtual-machine,2,1,c8aa30db76bd4b8e14591df8d0e5f0d077c06363,openvmm_cold_start_peak_rss,MiB,lower,80.2265625
linux-mshv-virtual-machine,2,1,c8aa30db76bd4b8e14591df8d0e5f0d077c06363,openvmm_snapshot_generation,ms,lower,4.237408
linux-mshv-virtual-machine,2,1,c8aa30db76bd4b8e14591df8d0e5f0d077c06363,openvmm_snapshot_generation_peak_rss,MiB,lower,82.68359375
linux-mshv-virtual-machine,2,1,c8aa30db76bd4b8e14591df8d0e5f0d077c06363,openvmm_snapshot_restore,ms,lower,34.904346
linux-mshv-virtual-machine,2,1,c8aa30db76bd4b8e14591df8d0e5f0d077c06363,openvmm_snapshot_restore_guest_exit_teardown,ms,lower,8.731061
linux-mshv-virtual-machine,2,1,c8aa30db76bd4b8e14591df8d0e5f0d077c06363,openvmm_snapshot_restore_peak_rss,MiB,lower,60.08203125
linux-mshv-virtual-machine,2,1,c8aa30db76bd4b8e14591df8d0e5f0d077c06363,shell_snapshot_cold_128_mib,ms,lower,305.1
linux-mshv-virtual-machine,2,1,c8aa30db76bd4b8e14591df8d0e5f0d077c06363,shell_snapshot_cold_256_mib,ms,lower,310.4
linux-mshv-virtual-machine,2,1,c8aa30db76bd4b8e14591df8d0e5f0d077c06363,shell_snapshot_cold_512_mib,ms,lower,317.5
linux-mshv-virtual-machine,2,1,c8aa30db76bd4b8e14591df8d0e5f0d077c06363,shell_snapshot_restore_128_mib,ms,lower,34.2
linux-mshv-virtual-machine,2,1,c8aa30db76bd4b8e14591df8d0e5f0d077c06363,shell_snapshot_restore_256_mib,ms,lower,38.1
linux-mshv-virtual-machine,2,1,c8aa30db76bd4b8e14591df8d0e5f0d077c06363,shell_snapshot_restore_512_mib,ms,lower,42.9
linux-mshv-virtual-machine,2,1,c8aa30db76bd4b8e14591df8d0e5f0d077c06363,virtfs_live_read,MB/s,higher,1100
linux-mshv-virtual-machine,2,1,c8aa30db76bd4b8e14591df8d0e5f0d077c06363,virtfs_live_roundtrip,ms,lower,471.5
linux-mshv-virtual-machine,2,1,c8aa30db76bd4b8e14591df8d0e5f0d077c06363,virtfs_live_write,MB/s,higher,855.3
linux-mshv-virtual-machine,2,1,c8aa30db76bd4b8e14591df8d0e5f0d077c06363,virtio_blk_random_read_iops,ops/s,higher,7397.87633141
linux-mshv-virtual-machine,2,1,c8aa30db76bd4b8e14591df8d0e5f0d077c06363,virtio_blk_random_write_iops,ops/s,higher,7357.12986131
linux-mshv-virtual-machine,2,1,c8aa30db76bd4b8e14591df8d0e5f0d077c06363,virtio_fs_random_read_iops,ops/s,higher,10764.921094
linux-mshv-virtual-machine,2,1,c8aa30db76bd4b8e14591df8d0e5f0d077c06363,virtio_fs_random_write_iops,ops/s,higher,11155.1788976
linux-mshv-virtual-machine,2,1,c8aa30db76bd4b8e14591df8d0e5f0d077c06363,virtio_net_udp_roundtrip_ops,ops/s,higher,6033.12845661
linux-mshv-virtual-machine,2,1,06c0b6297a8e5f9ad779948766165db7bf750399,cold_start_base,ms,lower,304.6
linux-mshv-virtual-machine,2,1,06c0b6297a8e5f9ad779948766165db7bf750399,cold_start_clocksource,ms,lower,305.4
linux-mshv-virtual-machine,2,1,06c0b6297a8e5f9ad779948766165db7bf750399,cold_start_cryptomgr_notests,ms,lower,304.5
linux-mshv-virtual-machine,2,1,06c0b6297a8e5f9ad779948766165db7bf750399,cold_start_mitigations_off,ms,lower,269.1
linux-mshv-virtual-machine,2,1,06c0b6297a8e5f9ad779948766165db7bf750399,cold_start_no_timer_check,ms,lower,258.3
linux-mshv-virtual-machine,2,1,06c0b6297a8e5f9ad779948766165db7bf750399,cold_start_nokaslr,ms,lower,304.6
linux-mshv-virtual-machine,2,1,06c0b6297a8e5f9ad779948766165db7bf750399,cold_start_random_trust_cpu,ms,lower,304
linux-mshv-virtual-machine,2,1,06c0b6297a8e5f9ad779948766165db7bf750399,cold_start_rcu_expedited,ms,lower,304.1
linux-mshv-virtual-machine,2,1,06c0b6297a8e5f9ad779948766165db7bf750399,cold_start_tsc_reliable,ms,lower,304.8
linux-mshv-virtual-machine,2,1,06c0b6297a8e5f9ad779948766165db7bf750399,network_snapshot_cold,ms,lower,312.1
linux-mshv-virtual-machine,2,1,06c0b6297a8e5f9ad779948766165db7bf750399,network_snapshot_restore,ms,lower,42.5
linux-mshv-virtual-machine,2,1,06c0b6297a8e5f9ad779948766165db7bf750399,network_snapshot_restore_wall,ms,lower,137.7
linux-mshv-virtual-machine,2,1,06c0b6297a8e5f9ad779948766165db7bf750399,openvmm_cold_start,ms,lower,223.744532
linux-mshv-virtual-machine,2,1,06c0b6297a8e5f9ad779948766165db7bf750399,openvmm_cold_start_guest_exit_teardown,ms,lower,25.6091645
linux-mshv-virtual-machine,2,1,06c0b6297a8e5f9ad779948766165db7bf750399,openvmm_cold_start_peak_rss,MiB,lower,80.22265625
linux-mshv-virtual-machine,2,1,06c0b6297a8e5f9ad779948766165db7bf750399,openvmm_snapshot_generation,ms,lower,4.3506915
linux-mshv-virtual-machine,2,1,06c0b6297a8e5f9ad779948766165db7bf750399,openvmm_snapshot_generation_peak_rss,MiB,lower,82.708984375
linux-mshv-virtual-machine,2,1,06c0b6297a8e5f9ad779948766165db7bf750399,openvmm_snapshot_restore,ms,lower,34.872148
linux-mshv-virtual-machine,2,1,06c0b6297a8e5f9ad779948766165db7bf750399,openvmm_snapshot_restore_guest_exit_teardown,ms,lower,8.550277
linux-mshv-virtual-machine,2,1,06c0b6297a8e5f9ad779948766165db7bf750399,openvmm_snapshot_restore_peak_rss,MiB,lower,60.078125
linux-mshv-virtual-machine,2,1,06c0b6297a8e5f9ad779948766165db7bf750399,shell_snapshot_cold_128_mib,ms,lower,304.6
linux-mshv-virtual-machine,2,1,06c0b6297a8e5f9ad779948766165db7bf750399,shell_snapshot_cold_256_mib,ms,lower,309.3
linux-mshv-virtual-machine,2,1,06c0b6297a8e5f9ad779948766165db7bf750399,shell_snapshot_cold_512_mib,ms,lower,317.7
linux-mshv-virtual-machine,2,1,06c0b6297a8e5f9ad779948766165db7bf750399,shell_snapshot_restore_128_mib,ms,lower,34.1
linux-mshv-virtual-machine,2,1,06c0b6297a8e5f9ad779948766165db7bf750399,shell_snapshot_restore_256_mib,ms,lower,38.4
linux-mshv-virtual-machine,2,1,06c0b6297a8e5f9ad779948766165db7bf750399,shell_snapshot_restore_512_mib,ms,lower,41.6
linux-mshv-virtual-machine,2,1,06c0b6297a8e5f9ad779948766165db7bf750399,virtfs_live_read,MB/s,higher,1100
linux-mshv-virtual-machine,2,1,06c0b6297a8e5f9ad779948766165db7bf750399,virtfs_live_roundtrip,ms,lower,473.5
linux-mshv-virtual-machine,2,1,06c0b6297a8e5f9ad779948766165db7bf750399,virtfs_live_write,MB/s,higher,828.7
linux-mshv-virtual-machine,2,1,06c0b6297a8e5f9ad779948766165db7bf750399,virtio_blk_random_read_iops,ops/s,higher,7226.03439628
linux-mshv-virtual-machine,2,1,06c0b6297a8e5f9ad779948766165db7bf750399,virtio_blk_random_write_iops,ops/s,higher,7166.34104982
linux-mshv-virtual-machine,2,1,06c0b6297a8e5f9ad779948766165db7bf750399,virtio_fs_random_read_iops,ops/s,higher,10420.1262294
linux-mshv-virtual-machine,2,1,06c0b6297a8e5f9ad779948766165db7bf750399,virtio_fs_random_write_iops,ops/s,higher,10241.0198358
linux-mshv-virtual-machine,2,1,06c0b6297a8e5f9ad779948766165db7bf750399,virtio_net_udp_roundtrip_ops,ops/s,higher,5980.64113752
linux-mshv-virtual-machine,2,1,3c1c147ff2b04170d23fba7b83c084f72d1f1a7f,cold_start_base,ms,lower,313.8
linux-mshv-virtual-machine,2,1,3c1c147ff2b04170d23fba7b83c084f72d1f1a7f,cold_start_clocksource,ms,lower,315.2
linux-mshv-virtual-machine,2,1,3c1c147ff2b04170d23fba7b83c084f72d1f1a7f,cold_start_cryptomgr_notests,ms,lower,314.4
linux-mshv-virtual-machine,2,1,3c1c147ff2b04170d23fba7b83c084f72d1f1a7f,cold_start_mitigations_off,ms,lower,277.1
linux-mshv-virtual-machine,2,1,3c1c147ff2b04170d23fba7b83c084f72d1f1a7f,cold_start_no_timer_check,ms,lower,267.8
linux-mshv-virtual-machine,2,1,3c1c147ff2b04170d23fba7b83c084f72d1f1a7f,cold_start_nokaslr,ms,lower,314.9
linux-mshv-virtual-machine,2,1,3c1c147ff2b04170d23fba7b83c084f72d1f1a7f,cold_start_random_trust_cpu,ms,lower,314.9
linux-mshv-virtual-machine,2,1,3c1c147ff2b04170d23fba7b83c084f72d1f1a7f,cold_start_rcu_expedited,ms,lower,314.6
linux-mshv-virtual-machine,2,1,3c1c147ff2b04170d23fba7b83c084f72d1f1a7f,cold_start_tsc_reliable,ms,lower,313.4
linux-mshv-virtual-machine,2,1,3c1c147ff2b04170d23fba7b83c084f72d1f1a7f,network_snapshot_cold,ms,lower,322.3
linux-mshv-virtual-machine,2,1,3c1c147ff2b04170d23fba7b83c084f72d1f1a7f,network_snapshot_restore,ms,lower,44.2
linux-mshv-virtual-machine,2,1,3c1c147ff2b04170d23fba7b83c084f72d1f1a7f,network_snapshot_restore_wall,ms,lower,119.6
linux-mshv-virtual-machine,2,1,3c1c147ff2b04170d23fba7b83c084f72d1f1a7f,openvmm_cold_start,ms,lower,233.660214
linux-mshv-virtual-machine,2,1,3c1c147ff2b04170d23fba7b83c084f72d1f1a7f,openvmm_cold_start_guest_exit_teardown,ms,lower,26.4611035
linux-mshv-virtual-machine,2,1,3c1c147ff2b04170d23fba7b83c084f72d1f1a7f,openvmm_cold_start_peak_rss,MiB,lower,80.2265625
linux-mshv-virtual-machine,2,1,3c1c147ff2b04170d23fba7b83c084f72d1f1a7f,openvmm_snapshot_generation,ms,lower,4.4909665
linux-mshv-virtual-machine,2,1,3c1c147ff2b04170d23fba7b83c084f72d1f1a7f,openvmm_snapshot_generation_peak_rss,MiB,lower,82.759765625
linux-mshv-virtual-machine,2,1,3c1c147ff2b04170d23fba7b83c084f72d1f1a7f,openvmm_snapshot_restore,ms,lower,37.0434755
linux-mshv-virtual-machine,2,1,3c1c147ff2b04170d23fba7b83c084f72d1f1a7f,openvmm_snapshot_restore_guest_exit_teardown,ms,lower,8.922134
linux-mshv-virtual-machine,2,1,3c1c147ff2b04170d23fba7b83c084f72d1f1a7f,openvmm_snapshot_restore_peak_rss,MiB,lower,60.078125
linux-mshv-virtual-machine,2,1,3c1c147ff2b04170d23fba7b83c084f72d1f1a7f,shell_snapshot_cold_128_mib,ms,lower,314.4
linux-mshv-virtual-machine,2,1,3c1c147ff2b04170d23fba7b83c084f72d1f1a7f,shell_snapshot_cold_256_mib,ms,lower,319.6
linux-mshv-virtual-machine,2,1,3c1c147ff2b04170d23fba7b83c084f72d1f1a7f,shell_snapshot_cold_512_mib,ms,lower,326
linux-mshv-virtual-machine,2,1,3c1c147ff2b04170d23fba7b83c084f72d1f1a7f,shell_snapshot_restore_128_mib,ms,lower,36.7
linux-mshv-virtual-machine,2,1,3c1c147ff2b04170d23fba7b83c084f72d1f1a7f,shell_snapshot_restore_256_mib,ms,lower,39.8
linux-mshv-virtual-machine,2,1,3c1c147ff2b04170d23fba7b83c084f72d1f1a7f,shell_snapshot_restore_512_mib,ms,lower,42.4
linux-mshv-virtual-machine,2,1,3c1c147ff2b04170d23fba7b83c084f72d1f1a7f,virtfs_live_read,MB/s,higher,1000
linux-mshv-virtual-machine,2,1,3c1c147ff2b04170d23fba7b83c084f72d1f1a7f,virtfs_live_roundtrip,ms,lower,475.3
linux-mshv-virtual-machine,2,1,3c1c147ff2b04170d23fba7b83c084f72d1f1a7f,virtfs_live_write,MB/s,higher,797.2
linux-mshv-virtual-machine,2,1,3c1c147ff2b04170d23fba7b83c084f72d1f1a7f,virtio_blk_random_read_iops,ops/s,higher,6701.81849821
linux-mshv-virtual-machine,2,1,3c1c147ff2b04170d23fba7b83c084f72d1f1a7f,virtio_blk_random_write_iops,ops/s,higher,6746.44963735
linux-mshv-virtual-machine,2,1,3c1c147ff2b04170d23fba7b83c084f72d1f1a7f,virtio_fs_random_read_iops,ops/s,higher,10910.514068
linux-mshv-virtual-machine,2,1,3c1c147ff2b04170d23fba7b83c084f72d1f1a7f,virtio_fs_random_write_iops,ops/s,higher,10264.3934641
linux-mshv-virtual-machine,2,1,3c1c147ff2b04170d23fba7b83c084f72d1f1a7f,virtio_net_udp_roundtrip_ops,ops/s,higher,5761.32827301
linux-mshv-virtual-machine,2,1,acd647200344d01a0904b73a4a99a7a64ee0468f,cold_start_base,ms,lower,314.1
linux-mshv-virtual-machine,2,1,acd647200344d01a0904b73a4a99a7a64ee0468f,cold_start_clocksource,ms,lower,314
linux-mshv-virtual-machine,2,1,acd647200344d01a0904b73a4a99a7a64ee0468f,cold_start_cryptomgr_notests,ms,lower,315.6
linux-mshv-virtual-machine,2,1,acd647200344d01a0904b73a4a99a7a64ee0468f,cold_start_mitigations_off,ms,lower,278.9
linux-mshv-virtual-machine,2,1,acd647200344d01a0904b73a4a99a7a64ee0468f,cold_start_no_timer_check,ms,lower,268.5
linux-mshv-virtual-machine,2,1,acd647200344d01a0904b73a4a99a7a64ee0468f,cold_start_nokaslr,ms,lower,313.5
linux-mshv-virtual-machine,2,1,acd647200344d01a0904b73a4a99a7a64ee0468f,cold_start_random_trust_cpu,ms,lower,314.7
linux-mshv-virtual-machine,2,1,acd647200344d01a0904b73a4a99a7a64ee0468f,cold_start_rcu_expedited,ms,lower,314.3
linux-mshv-virtual-machine,2,1,acd647200344d01a0904b73a4a99a7a64ee0468f,cold_start_tsc_reliable,ms,lower,314.4
linux-mshv-virtual-machine,2,1,acd647200344d01a0904b73a4a99a7a64ee0468f,network_snapshot_cold,ms,lower,322.1
linux-mshv-virtual-machine,2,1,acd647200344d01a0904b73a4a99a7a64ee0468f,network_snapshot_restore,ms,lower,45.4
linux-mshv-virtual-machine,2,1,acd647200344d01a0904b73a4a99a7a64ee0468f,network_snapshot_restore_wall,ms,lower,115.9
linux-mshv-virtual-machine,2,1,acd647200344d01a0904b73a4a99a7a64ee0468f,openvmm_cold_start,ms,lower,232.90685
linux-mshv-virtual-machine,2,1,acd647200344d01a0904b73a4a99a7a64ee0468f,openvmm_cold_start_guest_exit_teardown,ms,lower,26.5376615
linux-mshv-virtual-machine,2,1,acd647200344d01a0904b73a4a99a7a64ee0468f,openvmm_cold_start_peak_rss,MiB,lower,80.2265625
linux-mshv-virtual-machine,2,1,acd647200344d01a0904b73a4a99a7a64ee0468f,openvmm_snapshot_generation,ms,lower,4.4601195
linux-mshv-virtual-machine,2,1,acd647200344d01a0904b73a4a99a7a64ee0468f,openvmm_snapshot_generation_peak_rss,MiB,lower,82.72265625
linux-mshv-virtual-machine,2,1,acd647200344d01a0904b73a4a99a7a64ee0468f,openvmm_snapshot_restore,ms,lower,36.958337
linux-mshv-virtual-machine,2,1,acd647200344d01a0904b73a4a99a7a64ee0468f,openvmm_snapshot_restore_guest_exit_teardown,ms,lower,9.287334
linux-mshv-virtual-machine,2,1,acd647200344d01a0904b73a4a99a7a64ee0468f,openvmm_snapshot_restore_peak_rss,MiB,lower,60.078125
linux-mshv-virtual-machine,2,1,acd647200344d01a0904b73a4a99a7a64ee0468f,shell_snapshot_cold_128_mib,ms,lower,314.8
linux-mshv-virtual-machine,2,1,acd647200344d01a0904b73a4a99a7a64ee0468f,shell_snapshot_cold_256_mib,ms,lower,319.2
linux-mshv-virtual-machine,2,1,acd647200344d01a0904b73a4a99a7a64ee0468f,shell_snapshot_cold_512_mib,ms,lower,325.6
linux-mshv-virtual-machine,2,1,acd647200344d01a0904b73a4a99a7a64ee0468f,shell_snapshot_restore_128_mib,ms,lower,36.1
linux-mshv-virtual-machine,2,1,acd647200344d01a0904b73a4a99a7a64ee0468f,shell_snapshot_restore_256_mib,ms,lower,38.4
linux-mshv-virtual-machine,2,1,acd647200344d01a0904b73a4a99a7a64ee0468f,shell_snapshot_restore_512_mib,ms,lower,42.1
linux-mshv-virtual-machine,2,1,acd647200344d01a0904b73a4a99a7a64ee0468f,virtfs_live_read,MB/s,higher,1000
linux-mshv-virtual-machine,2,1,acd647200344d01a0904b73a4a99a7a64ee0468f,virtfs_live_roundtrip,ms,lower,475.3
linux-mshv-virtual-machine,2,1,acd647200344d01a0904b73a4a99a7a64ee0468f,virtfs_live_write,MB/s,higher,818.2
linux-mshv-virtual-machine,2,1,acd647200344d01a0904b73a4a99a7a64ee0468f,virtio_blk_random_read_iops,ops/s,higher,6616.63389458
linux-mshv-virtual-machine,2,1,acd647200344d01a0904b73a4a99a7a64ee0468f,virtio_blk_random_write_iops,ops/s,higher,6676.52165817
linux-mshv-virtual-machine,2,1,acd647200344d01a0904b73a4a99a7a64ee0468f,virtio_fs_random_read_iops,ops/s,higher,10431.1379592
linux-mshv-virtual-machine,2,1,acd647200344d01a0904b73a4a99a7a64ee0468f,virtio_fs_random_write_iops,ops/s,higher,10635.1934533
linux-mshv-virtual-machine,2,1,acd647200344d01a0904b73a4a99a7a64ee0468f,virtio_net_udp_roundtrip_ops,ops/s,higher,5888.05523444
linux-mshv-virtual-machine,2,1,beaee18bddfa352f3ab54baaebe26781a2fa9d4f,cold_start_base,ms,lower,305.7
linux-mshv-virtual-machine,2,1,beaee18bddfa352f3ab54baaebe26781a2fa9d4f,cold_start_clocksource,ms,lower,304.9
linux-mshv-virtual-machine,2,1,beaee18bddfa352f3ab54baaebe26781a2fa9d4f,cold_start_cryptomgr_notests,ms,lower,305.2
linux-mshv-virtual-machine,2,1,beaee18bddfa352f3ab54baaebe26781a2fa9d4f,cold_start_mitigations_off,ms,lower,268.2
linux-mshv-virtual-machine,2,1,beaee18bddfa352f3ab54baaebe26781a2fa9d4f,cold_start_no_timer_check,ms,lower,258.8
linux-mshv-virtual-machine,2,1,beaee18bddfa352f3ab54baaebe26781a2fa9d4f,cold_start_nokaslr,ms,lower,304.1
linux-mshv-virtual-machine,2,1,beaee18bddfa352f3ab54baaebe26781a2fa9d4f,cold_start_random_trust_cpu,ms,lower,307
linux-mshv-virtual-machine,2,1,beaee18bddfa352f3ab54baaebe26781a2fa9d4f,cold_start_rcu_expedited,ms,lower,304.9
linux-mshv-virtual-machine,2,1,beaee18bddfa352f3ab54baaebe26781a2fa9d4f,cold_start_tsc_reliable,ms,lower,306.3
linux-mshv-virtual-machine,2,1,beaee18bddfa352f3ab54baaebe26781a2fa9d4f,network_snapshot_cold,ms,lower,313.4
linux-mshv-virtual-machine,2,1,beaee18bddfa352f3ab54baaebe26781a2fa9d4f,network_snapshot_restore,ms,lower,42.9
linux-mshv-virtual-machine,2,1,beaee18bddfa352f3ab54baaebe26781a2fa9d4f,network_snapshot_restore_wall,ms,lower,128
linux-mshv-virtual-machine,2,1,beaee18bddfa352f3ab54baaebe26781a2fa9d4f,openvmm_cold_start,ms,lower,224.921966
linux-mshv-virtual-machine,2,1,beaee18bddfa352f3ab54baaebe26781a2fa9d4f,openvmm_cold_start_guest_exit_teardown,ms,lower,25.6630625
linux-mshv-virtual-machine,2,1,beaee18bddfa352f3ab54baaebe26781a2fa9d4f,openvmm_cold_start_peak_rss,MiB,lower,80.2265625
linux-mshv-virtual-machine,2,1,beaee18bddfa352f3ab54baaebe26781a2fa9d4f,openvmm_snapshot_generation,ms,lower,4.0907085
linux-mshv-virtual-machine,2,1,beaee18bddfa352f3ab54baaebe26781a2fa9d4f,openvmm_snapshot_generation_peak_rss,MiB,lower,82.759765625
linux-mshv-virtual-machine,2,1,beaee18bddfa352f3ab54baaebe26781a2fa9d4f,openvmm_snapshot_restore,ms,lower,35.60047
linux-mshv-virtual-machine,2,1,beaee18bddfa352f3ab54baaebe26781a2fa9d4f,openvmm_snapshot_restore_guest_exit_teardown,ms,lower,8.735669
linux-mshv-virtual-machine,2,1,beaee18bddfa352f3ab54baaebe26781a2fa9d4f,openvmm_snapshot_restore_peak_rss,MiB,lower,60.078125
linux-mshv-virtual-machine,2,1,beaee18bddfa352f3ab54baaebe26781a2fa9d4f,shell_snapshot_cold_128_mib,ms,lower,304.6
linux-mshv-virtual-machine,2,1,beaee18bddfa352f3ab54baaebe26781a2fa9d4f,shell_snapshot_cold_256_mib,ms,lower,311.1
linux-mshv-virtual-machine,2,1,beaee18bddfa352f3ab54baaebe26781a2fa9d4f,shell_snapshot_cold_512_mib,ms,lower,318.1
linux-mshv-virtual-machine,2,1,beaee18bddfa352f3ab54baaebe26781a2fa9d4f,shell_snapshot_restore_128_mib,ms,lower,34.7
linux-mshv-virtual-machine,2,1,beaee18bddfa352f3ab54baaebe26781a2fa9d4f,shell_snapshot_restore_256_mib,ms,lower,38.9
linux-mshv-virtual-machine,2,1,beaee18bddfa352f3ab54baaebe26781a2fa9d4f,shell_snapshot_restore_512_mib,ms,lower,41.9
linux-mshv-virtual-machine,2,1,beaee18bddfa352f3ab54baaebe26781a2fa9d4f,virtfs_live_read,MB/s,higher,1050
linux-mshv-virtual-machine,2,1,beaee18bddfa352f3ab54baaebe26781a2fa9d4f,virtfs_live_roundtrip,ms,lower,481.6
linux-mshv-virtual-machine,2,1,beaee18bddfa352f3ab54baaebe26781a2fa9d4f,virtfs_live_write,MB/s,higher,840.2
linux-mshv-virtual-machine,2,1,beaee18bddfa352f3ab54baaebe26781a2fa9d4f,virtio_blk_random_read_iops,ops/s,higher,7023.82078901
linux-mshv-virtual-machine,2,1,beaee18bddfa352f3ab54baaebe26781a2fa9d4f,virtio_blk_random_write_iops,ops/s,higher,7018.71543981
linux-mshv-virtual-machine,2,1,beaee18bddfa352f3ab54baaebe26781a2fa9d4f,virtio_fs_random_read_iops,ops/s,higher,10669.8060366
linux-mshv-virtual-machine,2,1,beaee18bddfa352f3ab54baaebe26781a2fa9d4f,virtio_fs_random_write_iops,ops/s,higher,10474.9337695
linux-mshv-virtual-machine,2,1,beaee18bddfa352f3ab54baaebe26781a2fa9d4f,virtio_net_udp_roundtrip_ops,ops/s,higher,6255.01448611
linux-mshv-virtual-machine,2,1,276eecd868a6018a8217db457773b5ad39a0ee28,cold_start_base,ms,lower,316.5
linux-mshv-virtual-machine,2,1,276eecd868a6018a8217db457773b5ad39a0ee28,cold_start_clocksource,ms,lower,315
linux-mshv-virtual-machine,2,1,276eecd868a6018a8217db457773b5ad39a0ee28,cold_start_cryptomgr_notests,ms,lower,315.7
linux-mshv-virtual-machine,2,1,276eecd868a6018a8217db457773b5ad39a0ee28,cold_start_mitigations_off,ms,lower,278
linux-mshv-virtual-machine,2,1,276eecd868a6018a8217db457773b5ad39a0ee28,cold_start_no_timer_check,ms,lower,269.2
linux-mshv-virtual-machine,2,1,276eecd868a6018a8217db457773b5ad39a0ee28,cold_start_nokaslr,ms,lower,315.1
linux-mshv-virtual-machine,2,1,276eecd868a6018a8217db457773b5ad39a0ee28,cold_start_random_trust_cpu,ms,lower,315
linux-mshv-virtual-machine,2,1,276eecd868a6018a8217db457773b5ad39a0ee28,cold_start_rcu_expedited,ms,lower,315.8
linux-mshv-virtual-machine,2,1,276eecd868a6018a8217db457773b5ad39a0ee28,cold_start_tsc_reliable,ms,lower,316
linux-mshv-virtual-machine,2,1,276eecd868a6018a8217db457773b5ad39a0ee28,network_snapshot_cold,ms,lower,325
linux-mshv-virtual-machine,2,1,276eecd868a6018a8217db457773b5ad39a0ee28,network_snapshot_restore,ms,lower,44.9
linux-mshv-virtual-machine,2,1,276eecd868a6018a8217db457773b5ad39a0ee28,network_snapshot_restore_wall,ms,lower,123.6
linux-mshv-virtual-machine,2,1,276eecd868a6018a8217db457773b5ad39a0ee28,openvmm_cold_start,ms,lower,237.7442165
linux-mshv-virtual-machine,2,1,276eecd868a6018a8217db457773b5ad39a0ee28,openvmm_cold_start_guest_exit_teardown,ms,lower,26.2396275
linux-mshv-virtual-machine,2,1,276eecd868a6018a8217db457773b5ad39a0ee28,openvmm_cold_start_peak_rss,MiB,lower,80.2265625
linux-mshv-virtual-machine,2,1,276eecd868a6018a8217db457773b5ad39a0ee28,openvmm_snapshot_generation,ms,lower,4.476775
linux-mshv-virtual-machine,2,1,276eecd868a6018a8217db457773b5ad39a0ee28,openvmm_snapshot_generation_peak_rss,MiB,lower,82.74609375
linux-mshv-virtual-machine,2,1,276eecd868a6018a8217db457773b5ad39a0ee28,openvmm_snapshot_restore,ms,lower,37.1085375
linux-mshv-virtual-machine,2,1,276eecd868a6018a8217db457773b5ad39a0ee28,openvmm_snapshot_restore_guest_exit_teardown,ms,lower,10.605318
linux-mshv-virtual-machine,2,1,276eecd868a6018a8217db457773b5ad39a0ee28,openvmm_snapshot_restore_peak_rss,MiB,lower,58.078125
linux-mshv-virtual-machine,2,1,276eecd868a6018a8217db457773b5ad39a0ee28,shell_snapshot_cold_128_mib,ms,lower,317.3
linux-mshv-virtual-machine,2,1,276eecd868a6018a8217db457773b5ad39a0ee28,shell_snapshot_cold_256_mib,ms,lower,320.9
linux-mshv-virtual-machine,2,1,276eecd868a6018a8217db457773b5ad39a0ee28,shell_snapshot_cold_512_mib,ms,lower,330.5
linux-mshv-virtual-machine,2,1,276eecd868a6018a8217db457773b5ad39a0ee28,shell_snapshot_restore_128_mib,ms,lower,36.9
linux-mshv-virtual-machine,2,1,276eecd868a6018a8217db457773b5ad39a0ee28,shell_snapshot_restore_256_mib,ms,lower,41
linux-mshv-virtual-machine,2,1,276eecd868a6018a8217db457773b5ad39a0ee28,shell_snapshot_restore_512_mib,ms,lower,46
linux-mshv-virtual-machine,2,1,276eecd868a6018a8217db457773b5ad39a0ee28,virtfs_live_read,MB/s,higher,1020.9
linux-mshv-virtual-machine,2,1,276eecd868a6018a8217db457773b5ad39a0ee28,virtfs_live_roundtrip,ms,lower,471.7
linux-mshv-virtual-machine,2,1,276eecd868a6018a8217db457773b5ad39a0ee28,virtfs_live_write,MB/s,higher,811.8
linux-mshv-virtual-machine,2,1,276eecd868a6018a8217db457773b5ad39a0ee28,virtio_blk_random_read_iops,ops/s,higher,7072.79341832
linux-mshv-virtual-machine,2,1,276eecd868a6018a8217db457773b5ad39a0ee28,virtio_blk_random_write_iops,ops/s,higher,7226.23700968
linux-mshv-virtual-machine,2,1,276eecd868a6018a8217db457773b5ad39a0ee28,virtio_fs_random_read_iops,ops/s,higher,11173.1183448
linux-mshv-virtual-machine,2,1,276eecd868a6018a8217db457773b5ad39a0ee28,virtio_fs_random_write_iops,ops/s,higher,10596.919783
linux-mshv-virtual-machine,2,1,276eecd868a6018a8217db457773b5ad39a0ee28,virtio_net_udp_roundtrip_ops,ops/s,higher,5792.79676232
linux-mshv-virtual-machine,2,1,ea5dd3c497515f97b4aa715bf914f134707b16bb,cold_start_base,ms,lower,304.9
linux-mshv-virtual-machine,2,1,ea5dd3c497515f97b4aa715bf914f134707b16bb,cold_start_clocksource,ms,lower,305.6
linux-mshv-virtual-machine,2,1,ea5dd3c497515f97b4aa715bf914f134707b16bb,cold_start_cryptomgr_notests,ms,lower,305.5
linux-mshv-virtual-machine,2,1,ea5dd3c497515f97b4aa715bf914f134707b16bb,cold_start_mitigations_off,ms,lower,270.2
linux-mshv-virtual-machine,2,1,ea5dd3c497515f97b4aa715bf914f134707b16bb,cold_start_no_timer_check,ms,lower,258.5
linux-mshv-virtual-machine,2,1,ea5dd3c497515f97b4aa715bf914f134707b16bb,cold_start_nokaslr,ms,lower,305.3
linux-mshv-virtual-machine,2,1,ea5dd3c497515f97b4aa715bf914f134707b16bb,cold_start_random_trust_cpu,ms,lower,305.2
linux-mshv-virtual-machine,2,1,ea5dd3c497515f97b4aa715bf914f134707b16bb,cold_start_rcu_expedited,ms,lower,305
linux-mshv-virtual-machine,2,1,ea5dd3c497515f97b4aa715bf914f134707b16bb,cold_start_tsc_reliable,ms,lower,305.3
linux-mshv-virtual-machine,2,1,ea5dd3c497515f97b4aa715bf914f134707b16bb,network_snapshot_cold,ms,lower,312.4
linux-mshv-virtual-machine,2,1,ea5dd3c497515f97b4aa715bf914f134707b16bb,network_snapshot_restore,ms,lower,42.3
linux-mshv-virtual-machine,2,1,ea5dd3c497515f97b4aa715bf914f134707b16bb,network_snapshot_restore_wall,ms,lower,127.6
linux-mshv-virtual-machine,2,1,ea5dd3c497515f97b4aa715bf914f134707b16bb,openvmm_cold_start,ms,lower,224.5518605
linux-mshv-virtual-machine,2,1,ea5dd3c497515f97b4aa715bf914f134707b16bb,openvmm_cold_start_guest_exit_teardown,ms,lower,25.3188765
linux-mshv-virtual-machine,2,1,ea5dd3c497515f97b4aa715bf914f134707b16bb,openvmm_cold_start_peak_rss,MiB,lower,80.22265625
linux-mshv-virtual-machine,2,1,ea5dd3c497515f97b4aa715bf914f134707b16bb,openvmm_snapshot_generation,ms,lower,4.33732
linux-mshv-virtual-machine,2,1,ea5dd3c497515f97b4aa715bf914f134707b16bb,openvmm_snapshot_generation_peak_rss,MiB,lower,82.763671875
linux-mshv-virtual-machine,2,1,ea5dd3c497515f97b4aa715bf914f134707b16bb,openvmm_snapshot_restore,ms,lower,35.2414055
linux-mshv-virtual-machine,2,1,ea5dd3c497515f97b4aa715bf914f134707b16bb,openvmm_snapshot_restore_guest_exit_teardown,ms,lower,8.34003
linux-mshv-virtual-machine,2,1,ea5dd3c497515f97b4aa715bf914f134707b16bb,openvmm_snapshot_restore_peak_rss,MiB,lower,60.078125
linux-mshv-virtual-machine,2,1,ea5dd3c497515f97b4aa715bf914f134707b16bb,shell_snapshot_cold_128_mib,ms,lower,306.4
linux-mshv-virtual-machine,2,1,ea5dd3c497515f97b4aa715bf914f134707b16bb,shell_snapshot_cold_256_mib,ms,lower,310.1
linux-mshv-virtual-machine,2,1,ea5dd3c497515f97b4aa715bf914f134707b16bb,shell_snapshot_cold_512_mib,ms,lower,314.4
linux-mshv-virtual-machine,2,1,ea5dd3c497515f97b4aa715bf914f134707b16bb,shell_snapshot_restore_128_mib,ms,lower,34.8
linux-mshv-virtual-machine,2,1,ea5dd3c497515f97b4aa715bf914f134707b16bb,shell_snapshot_restore_256_mib,ms,lower,36.1
linux-mshv-virtual-machine,2,1,ea5dd3c497515f97b4aa715bf914f134707b16bb,shell_snapshot_restore_512_mib,ms,lower,39.8
linux-mshv-virtual-machine,2,1,ea5dd3c497515f97b4aa715bf914f134707b16bb,virtfs_live_read,MB/s,higher,1100
linux-mshv-virtual-machine,2,1,ea5dd3c497515f97b4aa715bf914f134707b16bb,virtfs_live_roundtrip,ms,lower,471.3
linux-mshv-virtual-machine,2,1,ea5dd3c497515f97b4aa715bf914f134707b16bb,virtfs_live_write,MB/s,higher,851.4
linux-mshv-virtual-machine,2,1,ea5dd3c497515f97b4aa715bf914f134707b16bb,virtio_blk_random_read_iops,ops/s,higher,6971.67057412
linux-mshv-virtual-machine,2,1,ea5dd3c497515f97b4aa715bf914f134707b16bb,virtio_blk_random_write_iops,ops/s,higher,7116.98077366
linux-mshv-virtual-machine,2,1,ea5dd3c497515f97b4aa715bf914f134707b16bb,virtio_fs_random_read_iops,ops/s,higher,10459.1645444
linux-mshv-virtual-machine,2,1,ea5dd3c497515f97b4aa715bf914f134707b16bb,virtio_fs_random_write_iops,ops/s,higher,10388.0000498
linux-mshv-virtual-machine,2,1,ea5dd3c497515f97b4aa715bf914f134707b16bb,virtio_net_udp_roundtrip_ops,ops/s,higher,6046.26719725
linux-mshv-virtual-machine,2,1,9ceb89fcc31f9a8fab7bc6ef84f2aa0c9744f614,cold_start_base,ms,lower,317.2
linux-mshv-virtual-machine,2,1,9ceb89fcc31f9a8fab7bc6ef84f2aa0c9744f614,cold_start_clocksource,ms,lower,315.5
linux-mshv-virtual-machine,2,1,9ceb89fcc31f9a8fab7bc6ef84f2aa0c9744f614,cold_start_cryptomgr_notests,ms,lower,314.8
linux-mshv-virtual-machine,2,1,9ceb89fcc31f9a8fab7bc6ef84f2aa0c9744f614,cold_start_mitigations_off,ms,lower,277.9
linux-mshv-virtual-machine,2,1,9ceb89fcc31f9a8fab7bc6ef84f2aa0c9744f614,cold_start_no_timer_check,ms,lower,270.8
linux-mshv-virtual-machine,2,1,9ceb89fcc31f9a8fab7bc6ef84f2aa0c9744f614,cold_start_nokaslr,ms,lower,315.3
linux-mshv-virtual-machine,2,1,9ceb89fcc31f9a8fab7bc6ef84f2aa0c9744f614,cold_start_random_trust_cpu,ms,lower,317.3
linux-mshv-virtual-machine,2,1,9ceb89fcc31f9a8fab7bc6ef84f2aa0c9744f614,cold_start_rcu_expedited,ms,lower,317.4
linux-mshv-virtual-machine,2,1,9ceb89fcc31f9a8fab7bc6ef84f2aa0c9744f614,cold_start_tsc_reliable,ms,lower,315
linux-mshv-virtual-machine,2,1,9ceb89fcc31f9a8fab7bc6ef84f2aa0c9744f614,network_snapshot_cold,ms,lower,321.6
linux-mshv-virtual-machine,2,1,9ceb89fcc31f9a8fab7bc6ef84f2aa0c9744f614,network_snapshot_restore,ms,lower,44.3
linux-mshv-virtual-machine,2,1,9ceb89fcc31f9a8fab7bc6ef84f2aa0c9744f614,network_snapshot_restore_wall,ms,lower,117.5
linux-mshv-virtual-machine,2,1,9ceb89fcc31f9a8fab7bc6ef84f2aa0c9744f614,openvmm_cold_start,ms,lower,235.194132
linux-mshv-virtual-machine,2,1,9ceb89fcc31f9a8fab7bc6ef84f2aa0c9744f614,openvmm_cold_start_guest_exit_teardown,ms,lower,26.7761785
linux-mshv-virtual-machine,2,1,9ceb89fcc31f9a8fab7bc6ef84f2aa0c9744f614,openvmm_cold_start_peak_rss,MiB,lower,80.2265625
linux-mshv-virtual-machine,2,1,9ceb89fcc31f9a8fab7bc6ef84f2aa0c9744f614,openvmm_snapshot_generation,ms,lower,4.3056465
linux-mshv-virtual-machine,2,1,9ceb89fcc31f9a8fab7bc6ef84f2aa0c9744f614,openvmm_snapshot_generation_peak_rss,MiB,lower,82.7109375
linux-mshv-virtual-machine,2,1,9ceb89fcc31f9a8fab7bc6ef84f2aa0c9744f614,openvmm_snapshot_restore,ms,lower,38.4433375
linux-mshv-virtual-machine,2,1,9ceb89fcc31f9a8fab7bc6ef84f2aa0c9744f614,openvmm_snapshot_restore_guest_exit_teardown,ms,lower,9.397107
linux-mshv-virtual-machine,2,1,9ceb89fcc31f9a8fab7bc6ef84f2aa0c9744f614,openvmm_snapshot_restore_peak_rss,MiB,lower,60.078125
linux-mshv-virtual-machine,2,1,9ceb89fcc31f9a8fab7bc6ef84f2aa0c9744f614,shell_snapshot_cold_128_mib,ms,lower,313.5
linux-mshv-virtual-machine,2,1,9ceb89fcc31f9a8fab7bc6ef84f2aa0c9744f614,shell_snapshot_cold_256_mib,ms,lower,319.7
linux-mshv-virtual-machine,2,1,9ceb89fcc31f9a8fab7bc6ef84f2aa0c9744f614,shell_snapshot_cold_512_mib,ms,lower,326.3
linux-mshv-virtual-machine,2,1,9ceb89fcc31f9a8fab7bc6ef84f2aa0c9744f614,shell_snapshot_restore_128_mib,ms,lower,36
linux-mshv-virtual-machine,2,1,9ceb89fcc31f9a8fab7bc6ef84f2aa0c9744f614,shell_snapshot_restore_256_mib,ms,lower,40.1
linux-mshv-virtual-machine,2,1,9ceb89fcc31f9a8fab7bc6ef84f2aa0c9744f614,shell_snapshot_restore_512_mib,ms,lower,42.3
linux-mshv-virtual-machine,2,1,9ceb89fcc31f9a8fab7bc6ef84f2aa0c9744f614,virtfs_live_read,MB/s,higher,1000
linux-mshv-virtual-machine,2,1,9ceb89fcc31f9a8fab7bc6ef84f2aa0c9744f614,virtfs_live_roundtrip,ms,lower,474.9
linux-mshv-virtual-machine,2,1,9ceb89fcc31f9a8fab7bc6ef84f2aa0c9744f614,virtfs_live_write,MB/s,higher,810.3
linux-mshv-virtual-machine,2,1,9ceb89fcc31f9a8fab7bc6ef84f2aa0c9744f614,virtio_blk_random_read_iops,ops/s,higher,6595.37140563
linux-mshv-virtual-machine,2,1,9ceb89fcc31f9a8fab7bc6ef84f2aa0c9744f614,virtio_blk_random_write_iops,ops/s,higher,6688.03367358
linux-mshv-virtual-machine,2,1,9ceb89fcc31f9a8fab7bc6ef84f2aa0c9744f614,virtio_fs_random_read_iops,ops/s,higher,10602.2850503
linux-mshv-virtual-machine,2,1,9ceb89fcc31f9a8fab7bc6ef84f2aa0c9744f614,virtio_fs_random_write_iops,ops/s,higher,9029.90142251
linux-mshv-virtual-machine,2,1,9ceb89fcc31f9a8fab7bc6ef84f2aa0c9744f614,virtio_net_udp_roundtrip_ops,ops/s,higher,5166.70065205
linux-mshv-virtual-machine,2,1,27f771b6657420c8e8537410d71be6b29a3aef40,cold_start_base,ms,lower,315.9
linux-mshv-virtual-machine,2,1,27f771b6657420c8e8537410d71be6b29a3aef40,cold_start_clocksource,ms,lower,315.7
linux-mshv-virtual-machine,2,1,27f771b6657420c8e8537410d71be6b29a3aef40,cold_start_cryptomgr_notests,ms,lower,315.7
linux-mshv-virtual-machine,2,1,27f771b6657420c8e8537410d71be6b29a3aef40,cold_start_mitigations_off,ms,lower,281.3
linux-mshv-virtual-machine,2,1,27f771b6657420c8e8537410d71be6b29a3aef40,cold_start_no_timer_check,ms,lower,268.8
linux-mshv-virtual-machine,2,1,27f771b6657420c8e8537410d71be6b29a3aef40,cold_start_nokaslr,ms,lower,314.2
linux-mshv-virtual-machine,2,1,27f771b6657420c8e8537410d71be6b29a3aef40,cold_start_random_trust_cpu,ms,lower,314.5
linux-mshv-virtual-machine,2,1,27f771b6657420c8e8537410d71be6b29a3aef40,cold_start_rcu_expedited,ms,lower,315
linux-mshv-virtual-machine,2,1,27f771b6657420c8e8537410d71be6b29a3aef40,cold_start_tsc_reliable,ms,lower,321
linux-mshv-virtual-machine,2,1,27f771b6657420c8e8537410d71be6b29a3aef40,network_snapshot_cold,ms,lower,321.5
linux-mshv-virtual-machine,2,1,27f771b6657420c8e8537410d71be6b29a3aef40,network_snapshot_restore,ms,lower,43.8
linux-mshv-virtual-machine,2,1,27f771b6657420c8e8537410d71be6b29a3aef40,network_snapshot_restore_wall,ms,lower,117.8
linux-mshv-virtual-machine,2,1,27f771b6657420c8e8537410d71be6b29a3aef40,openvmm_cold_start,ms,lower,237.9820135
linux-mshv-virtual-machine,2,1,27f771b6657420c8e8537410d71be6b29a3aef40,openvmm_cold_start_guest_exit_teardown,ms,lower,25.9002755
linux-mshv-virtual-machine,2,1,27f771b6657420c8e8537410d71be6b29a3aef40,openvmm_cold_start_peak_rss,MiB,lower,80.2265625
linux-mshv-virtual-machine,2,1,27f771b6657420c8e8537410d71be6b29a3aef40,openvmm_snapshot_generation,ms,lower,4.157793
linux-mshv-virtual-machine,2,1,27f771b6657420c8e8537410d71be6b29a3aef40,openvmm_snapshot_generation_peak_rss,MiB,lower,82.720703125
linux-mshv-virtual-machine,2,1,27f771b6657420c8e8537410d71be6b29a3aef40,openvmm_snapshot_restore,ms,lower,34.374451
linux-mshv-virtual-machine,2,1,27f771b6657420c8e8537410d71be6b29a3aef40,openvmm_snapshot_restore_guest_exit_teardown,ms,lower,8.5472755
linux-mshv-virtual-machine,2,1,27f771b6657420c8e8537410d71be6b29a3aef40,openvmm_snapshot_restore_peak_rss,MiB,lower,60.078125
linux-mshv-virtual-machine,2,1,27f771b6657420c8e8537410d71be6b29a3aef40,shell_snapshot_cold_128_mib,ms,lower,314.2
linux-mshv-virtual-machine,2,1,27f771b6657420c8e8537410d71be6b29a3aef40,shell_snapshot_cold_256_mib,ms,lower,316.1
linux-mshv-virtual-machine,2,1,27f771b6657420c8e8537410d71be6b29a3aef40,shell_snapshot_cold_512_mib,ms,lower,322.4
linux-mshv-virtual-machine,2,1,27f771b6657420c8e8537410d71be6b29a3aef40,shell_snapshot_restore_128_mib,ms,lower,34.2
linux-mshv-virtual-machine,2,1,27f771b6657420c8e8537410d71be6b29a3aef40,shell_snapshot_restore_256_mib,ms,lower,37
linux-mshv-virtual-machine,2,1,27f771b6657420c8e8537410d71be6b29a3aef40,shell_snapshot_restore_512_mib,ms,lower,41.8
linux-mshv-virtual-machine,2,1,27f771b6657420c8e8537410d71be6b29a3aef40,virtfs_live_read,MB/s,higher,1000
linux-mshv-virtual-machine,2,1,27f771b6657420c8e8537410d71be6b29a3aef40,virtfs_live_roundtrip,ms,lower,469.4
linux-mshv-virtual-machine,2,1,27f771b6657420c8e8537410d71be6b29a3aef40,virtfs_live_write,MB/s,higher,808.7
linux-mshv-virtual-machine,2,1,27f771b6657420c8e8537410d71be6b29a3aef40,virtio_blk_random_read_iops,ops/s,higher,6826.9450294
linux-mshv-virtual-machine,2,1,27f771b6657420c8e8537410d71be6b29a3aef40,virtio_blk_random_write_iops,ops/s,higher,6762.29058665
linux-mshv-virtual-machine,2,1,27f771b6657420c8e8537410d71be6b29a3aef40,virtio_fs_random_read_iops,ops/s,higher,10361.4278685
linux-mshv-virtual-machine,2,1,27f771b6657420c8e8537410d71be6b29a3aef40,virtio_fs_random_write_iops,ops/s,higher,10524.5571873
linux-mshv-virtual-machine,2,1,27f771b6657420c8e8537410d71be6b29a3aef40,virtio_net_udp_roundtrip_ops,ops/s,higher,5740.70316574
linux-mshv-virtual-machine,2,1,a905b1c404fd87c30ac0f12380dc0764e97dbe47,cold_start_base,ms,lower,313.6
linux-mshv-virtual-machine,2,1,a905b1c404fd87c30ac0f12380dc0764e97dbe47,cold_start_clocksource,ms,lower,315.7
linux-mshv-virtual-machine,2,1,a905b1c404fd87c30ac0f12380dc0764e97dbe47,cold_start_cryptomgr_notests,ms,lower,314.4
linux-mshv-virtual-machine,2,1,a905b1c404fd87c30ac0f12380dc0764e97dbe47,cold_start_mitigations_off,ms,lower,279.1
linux-mshv-virtual-machine,2,1,a905b1c404fd87c30ac0f12380dc0764e97dbe47,cold_start_no_timer_check,ms,lower,269
linux-mshv-virtual-machine,2,1,a905b1c404fd87c30ac0f12380dc0764e97dbe47,cold_start_nokaslr,ms,lower,315.3
linux-mshv-virtual-machine,2,1,a905b1c404fd87c30ac0f12380dc0764e97dbe47,cold_start_random_trust_cpu,ms,lower,315.4
linux-mshv-virtual-machine,2,1,a905b1c404fd87c30ac0f12380dc0764e97dbe47,cold_start_rcu_expedited,ms,lower,316
linux-mshv-virtual-machine,2,1,a905b1c404fd87c30ac0f12380dc0764e97dbe47,cold_start_tsc_reliable,ms,lower,315.7
linux-mshv-virtual-machine,2,1,a905b1c404fd87c30ac0f12380dc0764e97dbe47,network_snapshot_cold,ms,lower,321.9
linux-mshv-virtual-machine,2,1,a905b1c404fd87c30ac0f12380dc0764e97dbe47,network_snapshot_restore,ms,lower,44.4
linux-mshv-virtual-machine,2,1,a905b1c404fd87c30ac0f12380dc0764e97dbe47,network_snapshot_restore_wall,ms,lower,119.9
linux-mshv-virtual-machine,2,1,a905b1c404fd87c30ac0f12380dc0764e97dbe47,openvmm_cold_start,ms,lower,234.7754785
linux-mshv-virtual-machine,2,1,a905b1c404fd87c30ac0f12380dc0764e97dbe47,openvmm_cold_start_guest_exit_teardown,ms,lower,26.378207
linux-mshv-virtual-machine,2,1,a905b1c404fd87c30ac0f12380dc0764e97dbe47,openvmm_cold_start_peak_rss,MiB,lower,80.2265625
linux-mshv-virtual-machine,2,1,a905b1c404fd87c30ac0f12380dc0764e97dbe47,openvmm_snapshot_generation,ms,lower,4.339326
linux-mshv-virtual-machine,2,1,a905b1c404fd87c30ac0f12380dc0764e97dbe47,openvmm_snapshot_generation_peak_rss,MiB,lower,82.775390625
linux-mshv-virtual-machine,2,1,a905b1c404fd87c30ac0f12380dc0764e97dbe47,openvmm_snapshot_restore,ms,lower,38.136237
linux-mshv-virtual-machine,2,1,a905b1c404fd87c30ac0f12380dc0764e97dbe47,openvmm_snapshot_restore_guest_exit_teardown,ms,lower,9.161249
linux-mshv-virtual-machine,2,1,a905b1c404fd87c30ac0f12380dc0764e97dbe47,openvmm_snapshot_restore_peak_rss,MiB,lower,60.078125
linux-mshv-virtual-machine,2,1,a905b1c404fd87c30ac0f12380dc0764e97dbe47,shell_snapshot_cold_128_mib,ms,lower,315.1
linux-mshv-virtual-machine,2,1,a905b1c404fd87c30ac0f12380dc0764e97dbe47,shell_snapshot_cold_256_mib,ms,lower,319.6
linux-mshv-virtual-machine,2,1,a905b1c404fd87c30ac0f12380dc0764e97dbe47,shell_snapshot_cold_512_mib,ms,lower,321.8
linux-mshv-virtual-machine,2,1,a905b1c404fd87c30ac0f12380dc0764e97dbe47,shell_snapshot_restore_128_mib,ms,lower,35
linux-mshv-virtual-machine,2,1,a905b1c404fd87c30ac0f12380dc0764e97dbe47,shell_snapshot_restore_256_mib,ms,lower,37
linux-mshv-virtual-machine,2,1,a905b1c404fd87c30ac0f12380dc0764e97dbe47,shell_snapshot_restore_512_mib,ms,lower,41.4
linux-mshv-virtual-machine,2,1,a905b1c404fd87c30ac0f12380dc0764e97dbe47,virtfs_live_read,MB/s,higher,1000
linux-mshv-virtual-machine,2,1,a905b1c404fd87c30ac0f12380dc0764e97dbe47,virtfs_live_roundtrip,ms,lower,469.3
linux-mshv-virtual-machine,2,1,a905b1c404fd87c30ac0f12380dc0764e97dbe47,virtfs_live_write,MB/s,higher,802.7
linux-mshv-virtual-machine,2,1,a905b1c404fd87c30ac0f12380dc0764e97dbe47,virtio_blk_random_read_iops,ops/s,higher,6798.84012147
linux-mshv-virtual-machine,2,1,a905b1c404fd87c30ac0f12380dc0764e97dbe47,virtio_blk_random_write_iops,ops/s,higher,6641.21410268
linux-mshv-virtual-machine,2,1,a905b1c404fd87c30ac0f12380dc0764e97dbe47,virtio_fs_random_read_iops,ops/s,higher,10488.607924
linux-mshv-virtual-machine,2,1,a905b1c404fd87c30ac0f12380dc0764e97dbe47,virtio_fs_random_write_iops,ops/s,higher,10537.9910131
linux-mshv-virtual-machine,2,1,a905b1c404fd87c30ac0f12380dc0764e97dbe47,virtio_net_udp_roundtrip_ops,ops/s,higher,5908.55892163
linux-mshv-virtual-machine,2,1,2508acd86c550a43a292e0142e0a642a0207b573,cold_start_base,ms,lower,306
linux-mshv-virtual-machine,2,1,2508acd86c550a43a292e0142e0a642a0207b573,cold_start_clocksource,ms,lower,305.7
linux-mshv-virtual-machine,2,1,2508acd86c550a43a292e0142e0a642a0207b573,cold_start_cryptomgr_notests,ms,lower,305.3
linux-mshv-virtual-machine,2,1,2508acd86c550a43a292e0142e0a642a0207b573,cold_start_mitigations_off,ms,lower,270.5
linux-mshv-virtual-machine,2,1,2508acd86c550a43a292e0142e0a642a0207b573,cold_start_no_timer_check,ms,lower,259.3
linux-mshv-virtual-machine,2,1,2508acd86c550a43a292e0142e0a642a0207b573,cold_start_nokaslr,ms,lower,306.1
linux-mshv-virtual-machine,2,1,2508acd86c550a43a292e0142e0a642a0207b573,cold_start_random_trust_cpu,ms,lower,305.7
linux-mshv-virtual-machine,2,1,2508acd86c550a43a292e0142e0a642a0207b573,cold_start_rcu_expedited,ms,lower,306
linux-mshv-virtual-machine,2,1,2508acd86c550a43a292e0142e0a642a0207b573,cold_start_tsc_reliable,ms,lower,305.7
linux-mshv-virtual-machine,2,1,2508acd86c550a43a292e0142e0a642a0207b573,network_snapshot_cold,ms,lower,313.1
linux-mshv-virtual-machine,2,1,2508acd86c550a43a292e0142e0a642a0207b573,network_snapshot_restore,ms,lower,43.3
linux-mshv-virtual-machine,2,1,2508acd86c550a43a292e0142e0a642a0207b573,network_snapshot_restore_wall,ms,lower,131.9
linux-mshv-virtual-machine,2,1,2508acd86c550a43a292e0142e0a642a0207b573,openvmm_cold_start,ms,lower,225.9820005
linux-mshv-virtual-machine,2,1,2508acd86c550a43a292e0142e0a642a0207b573,openvmm_cold_start_guest_exit_teardown,ms,lower,25.6770015
linux-mshv-virtual-machine,2,1,2508acd86c550a43a292e0142e0a642a0207b573,openvmm_cold_start_peak_rss,MiB,lower,80.2265625
linux-mshv-virtual-machine,2,1,2508acd86c550a43a292e0142e0a642a0207b573,openvmm_snapshot_generation,ms,lower,4.4827655
linux-mshv-virtual-machine,2,1,2508acd86c550a43a292e0142e0a642a0207b573,openvmm_snapshot_generation_peak_rss,MiB,lower,82.748046875
linux-mshv-virtual-machine,2,1,2508acd86c550a43a292e0142e0a642a0207b573,openvmm_snapshot_restore,ms,lower,34.4149765
linux-mshv-virtual-machine,2,1,2508acd86c550a43a292e0142e0a642a0207b573,openvmm_snapshot_restore_guest_exit_teardown,ms,lower,8.377983
linux-mshv-virtual-machine,2,1,2508acd86c550a43a292e0142e0a642a0207b573,openvmm_snapshot_restore_peak_rss,MiB,lower,60.078125
linux-mshv-virtual-machine,2,1,2508acd86c550a43a292e0142e0a642a0207b573,shell_snapshot_cold_128_mib,ms,lower,305.3
linux-mshv-virtual-machine,2,1,2508acd86c550a43a292e0142e0a642a0207b573,shell_snapshot_cold_256_mib,ms,lower,309
linux-mshv-virtual-machine,2,1,2508acd86c550a43a292e0142e0a642a0207b573,shell_snapshot_cold_512_mib,ms,lower,312.9
linux-mshv-virtual-machine,2,1,2508acd86c550a43a292e0142e0a642a0207b573,shell_snapshot_restore_128_mib,ms,lower,33.9
linux-mshv-virtual-machine,2,1,2508acd86c550a43a292e0142e0a642a0207b573,shell_snapshot_restore_256_mib,ms,lower,35.8
linux-mshv-virtual-machine,2,1,2508acd86c550a43a292e0142e0a642a0207b573,shell_snapshot_restore_512_mib,ms,lower,39.8
linux-mshv-virtual-machine,2,1,2508acd86c550a43a292e0142e0a642a0207b573,virtfs_live_read,MB/s,higher,1100
linux-mshv-virtual-machine,2,1,2508acd86c550a43a292e0142e0a642a0207b573,virtfs_live_roundtrip,ms,lower,485.3
linux-mshv-virtual-machine,2,1,2508acd86c550a43a292e0142e0a642a0207b573,virtfs_live_write,MB/s,higher,835
linux-mshv-virtual-machine,2,1,2508acd86c550a43a292e0142e0a642a0207b573,virtio_blk_random_read_iops,ops/s,higher,7101.35340978
linux-mshv-virtual-machine,2,1,2508acd86c550a43a292e0142e0a642a0207b573,virtio_blk_random_write_iops,ops/s,higher,7033.7841845
linux-mshv-virtual-machine,2,1,2508acd86c550a43a292e0142e0a642a0207b573,virtio_fs_random_read_iops,ops/s,higher,10472.2478814
linux-mshv-virtual-machine,2,1,2508acd86c550a43a292e0142e0a642a0207b573,virtio_fs_random_write_iops,ops/s,higher,10303.7402281
linux-mshv-virtual-machine,2,1,2508acd86c550a43a292e0142e0a642a0207b573,virtio_net_udp_roundtrip_ops,ops/s,higher,6216.39691984
linux-mshv-virtual-machine,2,1,8666167609074047340453251e8607581924447c,cold_start_base,ms,lower,259.3
linux-mshv-virtual-machine,2,1,8666167609074047340453251e8607581924447c,cold_start_clocksource,ms,lower,259.3
linux-mshv-virtual-machine,2,1,8666167609074047340453251e8607581924447c,cold_start_cryptomgr_notests,ms,lower,259.9
linux-mshv-virtual-machine,2,1,8666167609074047340453251e8607581924447c,cold_start_mitigations_off,ms,lower,220.5
linux-mshv-virtual-machine,2,1,8666167609074047340453251e8607581924447c,cold_start_no_timer_check,ms,lower,259.5
linux-mshv-virtual-machine,2,1,8666167609074047340453251e8607581924447c,cold_start_nokaslr,ms,lower,260
linux-mshv-virtual-machine,2,1,8666167609074047340453251e8607581924447c,cold_start_random_trust_cpu,ms,lower,259.3
linux-mshv-virtual-machine,2,1,8666167609074047340453251e8607581924447c,cold_start_rcu_expedited,ms,lower,260.2
linux-mshv-virtual-machine,2,1,8666167609074047340453251e8607581924447c,cold_start_tsc_reliable,ms,lower,259.9
linux-mshv-virtual-machine,2,1,8666167609074047340453251e8607581924447c,network_snapshot_cold,ms,lower,267.6
linux-mshv-virtual-machine,2,1,8666167609074047340453251e8607581924447c,network_snapshot_restore,ms,lower,42.3
linux-mshv-virtual-machine,2,1,8666167609074047340453251e8607581924447c,network_snapshot_restore_wall,ms,lower,125.9
linux-mshv-virtual-machine,2,1,8666167609074047340453251e8607581924447c,openvmm_cold_start,ms,lower,223.324474
linux-mshv-virtual-machine,2,1,8666167609074047340453251e8607581924447c,openvmm_cold_start_guest_exit_teardown,ms,lower,23.844334
linux-mshv-virtual-machine,2,1,8666167609074047340453251e8607581924447c,openvmm_cold_start_peak_rss,MiB,lower,78.68359375
linux-mshv-virtual-machine,2,1,8666167609074047340453251e8607581924447c,openvmm_snapshot_generation,ms,lower,4.609211
linux-mshv-virtual-machine,2,1,8666167609074047340453251e8607581924447c,openvmm_snapshot_generation_peak_rss,MiB,lower,81.26171875
linux-mshv-virtual-machine,2,1,8666167609074047340453251e8607581924447c,openvmm_snapshot_restore,ms,lower,35.0199255
linux-mshv-virtual-machine,2,1,8666167609074047340453251e8607581924447c,openvmm_snapshot_restore_guest_exit_teardown,ms,lower,7.9369375
linux-mshv-virtual-machine,2,1,8666167609074047340453251e8607581924447c,openvmm_snapshot_restore_peak_rss,MiB,lower,58.72265625
linux-mshv-virtual-machine,2,1,8666167609074047340453251e8607581924447c,shell_snapshot_cold_128_mib,ms,lower,259.7
linux-mshv-virtual-machine,2,1,8666167609074047340453251e8607581924447c,shell_snapshot_cold_256_mib,ms,lower,262.9
linux-mshv-virtual-machine,2,1,8666167609074047340453251e8607581924447c,shell_snapshot_cold_512_mib,ms,lower,270.1
linux-mshv-virtual-machine,2,1,8666167609074047340453251e8607581924447c,shell_snapshot_restore_128_mib,ms,lower,33.5
linux-mshv-virtual-machine,2,1,8666167609074047340453251e8607581924447c,shell_snapshot_restore_256_mib,ms,lower,37.6
linux-mshv-virtual-machine,2,1,8666167609074047340453251e8607581924447c,shell_snapshot_restore_512_mib,ms,lower,39.4
linux-mshv-virtual-machine,2,1,8666167609074047340453251e8607581924447c,virtfs_live_read,MB/s,higher,1100
linux-mshv-virtual-machine,2,1,8666167609074047340453251e8607581924447c,virtfs_live_roundtrip,ms,lower,431.2
linux-mshv-virtual-machine,2,1,8666167609074047340453251e8607581924447c,virtfs_live_write,MB/s,higher,818.3
linux-mshv-virtual-machine,2,1,8666167609074047340453251e8607581924447c,virtio_blk_random_read_iops,ops/s,higher,7162.54499958
linux-mshv-virtual-machine,2,1,8666167609074047340453251e8607581924447c,virtio_blk_random_write_iops,ops/s,higher,7319.15278995
linux-mshv-virtual-machine,2,1,8666167609074047340453251e8607581924447c,virtio_fs_random_read_iops,ops/s,higher,10701.6879569
linux-mshv-virtual-machine,2,1,8666167609074047340453251e8607581924447c,virtio_fs_random_write_iops,ops/s,higher,10596.4652679
linux-mshv-virtual-machine,2,1,8666167609074047340453251e8607581924447c,virtio_net_udp_roundtrip_ops,ops/s,higher,5877.35403127
linux-mshv-virtual-machine,2,1,2472412feb4500d825859e9be405a04594d73c10,cold_start_base,ms,lower,264.2
linux-mshv-virtual-machine,2,1,2472412feb4500d825859e9be405a04594d73c10,cold_start_clocksource,ms,lower,265.7
linux-mshv-virtual-machine,2,1,2472412feb4500d825859e9be405a04594d73c10,cold_start_cryptomgr_notests,ms,lower,265.3
linux-mshv-virtual-machine,2,1,2472412feb4500d825859e9be405a04594d73c10,cold_start_mitigations_off,ms,lower,224.3
linux-mshv-virtual-machine,2,1,2472412feb4500d825859e9be405a04594d73c10,cold_start_no_timer_check,ms,lower,265.3
linux-mshv-virtual-machine,2,1,2472412feb4500d825859e9be405a04594d73c10,cold_start_nokaslr,ms,lower,265.2
linux-mshv-virtual-machine,2,1,2472412feb4500d825859e9be405a04594d73c10,cold_start_random_trust_cpu,ms,lower,264.3
linux-mshv-virtual-machine,2,1,2472412feb4500d825859e9be405a04594d73c10,cold_start_rcu_expedited,ms,lower,266.3
linux-mshv-virtual-machine,2,1,2472412feb4500d825859e9be405a04594d73c10,cold_start_tsc_reliable,ms,lower,265.2
linux-mshv-virtual-machine,2,1,2472412feb4500d825859e9be405a04594d73c10,network_snapshot_cold,ms,lower,274.5
linux-mshv-virtual-machine,2,1,2472412feb4500d825859e9be405a04594d73c10,network_snapshot_restore,ms,lower,39.9
linux-mshv-virtual-machine,2,1,2472412feb4500d825859e9be405a04594d73c10,network_snapshot_restore_wall,ms,lower,113.7
linux-mshv-virtual-machine,2,1,2472412feb4500d825859e9be405a04594d73c10,openvmm_cold_start,ms,lower,225.496751
linux-mshv-virtual-machine,2,1,2472412feb4500d825859e9be405a04594d73c10,openvmm_cold_start_guest_exit_teardown,ms,lower,24.690828
linux-mshv-virtual-machine,2,1,2472412feb4500d825859e9be405a04594d73c10,openvmm_cold_start_peak_rss,MiB,lower,78.6796875
linux-mshv-virtual-machine,2,1,2472412feb4500d825859e9be405a04594d73c10,openvmm_snapshot_generation,ms,lower,4.123842
linux-mshv-virtual-machine,2,1,2472412feb4500d825859e9be405a04594d73c10,openvmm_snapshot_generation_peak_rss,MiB,lower,81.3125
linux-mshv-virtual-machine,2,1,2472412feb4500d825859e9be405a04594d73c10,openvmm_snapshot_restore,ms,lower,32.652187
linux-mshv-virtual-machine,2,1,2472412feb4500d825859e9be405a04594d73c10,openvmm_snapshot_restore_guest_exit_teardown,ms,lower,7.839235
linux-mshv-virtual-machine,2,1,2472412feb4500d825859e9be405a04594d73c10,openvmm_snapshot_restore_peak_rss,MiB,lower,58.71484375
linux-mshv-virtual-machine,2,1,2472412feb4500d825859e9be405a04594d73c10,shell_snapshot_cold_128_mib,ms,lower,266.2
linux-mshv-virtual-machine,2,1,2472412feb4500d825859e9be405a04594d73c10,shell_snapshot_cold_256_mib,ms,lower,268.3
linux-mshv-virtual-machine,2,1,2472412feb4500d825859e9be405a04594d73c10,shell_snapshot_cold_512_mib,ms,lower,276.4
linux-mshv-virtual-machine,2,1,2472412feb4500d825859e9be405a04594d73c10,shell_snapshot_restore_128_mib,ms,lower,31.6
linux-mshv-virtual-machine,2,1,2472412feb4500d825859e9be405a04594d73c10,shell_snapshot_restore_256_mib,ms,lower,35.9
linux-mshv-virtual-machine,2,1,2472412feb4500d825859e9be405a04594d73c10,shell_snapshot_restore_512_mib,ms,lower,41
linux-mshv-virtual-machine,2,1,2472412feb4500d825859e9be405a04594d73c10,virtfs_live_read,MB/s,higher,1100
linux-mshv-virtual-machine,2,1,2472412feb4500d825859e9be405a04594d73c10,virtfs_live_roundtrip,ms,lower,421.4
linux-mshv-virtual-machine,2,1,2472412feb4500d825859e9be405a04594d73c10,virtfs_live_write,MB/s,higher,841.1
linux-mshv-virtual-machine,2,1,2472412feb4500d825859e9be405a04594d73c10,virtio_blk_random_read_iops,ops/s,higher,7106.85658515
linux-mshv-virtual-machine,2,1,2472412feb4500d825859e9be405a04594d73c10,virtio_blk_random_write_iops,ops/s,higher,7282.31930082
linux-mshv-virtual-machine,2,1,2472412feb4500d825859e9be405a04594d73c10,virtio_fs_random_read_iops,ops/s,higher,11053.2971432
linux-mshv-virtual-machine,2,1,2472412feb4500d825859e9be405a04594d73c10,virtio_fs_random_write_iops,ops/s,higher,10700.4525206
linux-mshv-virtual-machine,2,1,2472412feb4500d825859e9be405a04594d73c10,virtio_net_udp_roundtrip_ops,ops/s,higher,5948.64973425
linux-mshv-virtual-machine,2,1,a3d929a69a07f22eaf9b7309bdb64648905d3794,cold_start_base,ms,lower,258.5
linux-mshv-virtual-machine,2,1,a3d929a69a07f22eaf9b7309bdb64648905d3794,cold_start_clocksource,ms,lower,259.4
linux-mshv-virtual-machine,2,1,a3d929a69a07f22eaf9b7309bdb64648905d3794,cold_start_cryptomgr_notests,ms,lower,259.2
linux-mshv-virtual-machine,2,1,a3d929a69a07f22eaf9b7309bdb64648905d3794,cold_start_mitigations_off,ms,lower,219.5
linux-mshv-virtual-machine,2,1,a3d929a69a07f22eaf9b7309bdb64648905d3794,cold_start_no_timer_check,ms,lower,260.5
linux-mshv-virtual-machine,2,1,a3d929a69a07f22eaf9b7309bdb64648905d3794,cold_start_nokaslr,ms,lower,259.3
linux-mshv-virtual-machine,2,1,a3d929a69a07f22eaf9b7309bdb64648905d3794,cold_start_random_trust_cpu,ms,lower,258.8
linux-mshv-virtual-machine,2,1,a3d929a69a07f22eaf9b7309bdb64648905d3794,cold_start_rcu_expedited,ms,lower,258.4
linux-mshv-virtual-machine,2,1,a3d929a69a07f22eaf9b7309bdb64648905d3794,cold_start_tsc_reliable,ms,lower,261
linux-mshv-virtual-machine,2,1,a3d929a69a07f22eaf9b7309bdb64648905d3794,network_snapshot_cold,ms,lower,266.2
linux-mshv-virtual-machine,2,1,a3d929a69a07f22eaf9b7309bdb64648905d3794,network_snapshot_restore,ms,lower,41.2
linux-mshv-virtual-machine,2,1,a3d929a69a07f22eaf9b7309bdb64648905d3794,network_snapshot_restore_wall,ms,lower,127.6
linux-mshv-virtual-machine,2,1,a3d929a69a07f22eaf9b7309bdb64648905d3794,openvmm_cold_start,ms,lower,221.429941
linux-mshv-virtual-machine,2,1,a3d929a69a07f22eaf9b7309bdb64648905d3794,openvmm_cold_start_guest_exit_teardown,ms,lower,23.7347345
linux-mshv-virtual-machine,2,1,a3d929a69a07f22eaf9b7309bdb64648905d3794,openvmm_cold_start_peak_rss,MiB,lower,78.681640625
linux-mshv-virtual-machine,2,1,a3d929a69a07f22eaf9b7309bdb64648905d3794,openvmm_snapshot_generation,ms,lower,4.297761
linux-mshv-virtual-machine,2,1,a3d929a69a07f22eaf9b7309bdb64648905d3794,openvmm_snapshot_generation_peak_rss,MiB,lower,81.37109375
linux-mshv-virtual-machine,2,1,a3d929a69a07f22eaf9b7309bdb64648905d3794,openvmm_snapshot_restore,ms,lower,33.1998985
linux-mshv-virtual-machine,2,1,a3d929a69a07f22eaf9b7309bdb64648905d3794,openvmm_snapshot_restore_guest_exit_teardown,ms,lower,7.70603
linux-mshv-virtual-machine,2,1,a3d929a69a07f22eaf9b7309bdb64648905d3794,openvmm_snapshot_restore_peak_rss,MiB,lower,58.71484375
linux-mshv-virtual-machine,2,1,a3d929a69a07f22eaf9b7309bdb64648905d3794,shell_snapshot_cold_128_mib,ms,lower,258.6
linux-mshv-virtual-machine,2,1,a3d929a69a07f22eaf9b7309bdb64648905d3794,shell_snapshot_cold_256_mib,ms,lower,261
linux-mshv-virtual-machine,2,1,a3d929a69a07f22eaf9b7309bdb64648905d3794,shell_snapshot_cold_512_mib,ms,lower,266.6
linux-mshv-virtual-machine,2,1,a3d929a69a07f22eaf9b7309bdb64648905d3794,shell_snapshot_restore_128_mib,ms,lower,32.3
linux-mshv-virtual-machine,2,1,a3d929a69a07f22eaf9b7309bdb64648905d3794,shell_snapshot_restore_256_mib,ms,lower,36.4
linux-mshv-virtual-machine,2,1,a3d929a69a07f22eaf9b7309bdb64648905d3794,shell_snapshot_restore_512_mib,ms,lower,39
linux-mshv-virtual-machine,2,1,a3d929a69a07f22eaf9b7309bdb64648905d3794,virtfs_live_read,MB/s,higher,1100
linux-mshv-virtual-machine,2,1,a3d929a69a07f22eaf9b7309bdb64648905d3794,virtfs_live_roundtrip,ms,lower,421.6
linux-mshv-virtual-machine,2,1,a3d929a69a07f22eaf9b7309bdb64648905d3794,virtfs_live_write,MB/s,higher,857
linux-mshv-virtual-machine,2,1,a3d929a69a07f22eaf9b7309bdb64648905d3794,virtio_blk_random_read_iops,ops/s,higher,7253.82326414
linux-mshv-virtual-machine,2,1,a3d929a69a07f22eaf9b7309bdb64648905d3794,virtio_blk_random_write_iops,ops/s,higher,7350.02268428
linux-mshv-virtual-machine,2,1,a3d929a69a07f22eaf9b7309bdb64648905d3794,virtio_fs_random_read_iops,ops/s,higher,11317.5932009
linux-mshv-virtual-machine,2,1,a3d929a69a07f22eaf9b7309bdb64648905d3794,virtio_fs_random_write_iops,ops/s,higher,11115.1000598
linux-mshv-virtual-machine,2,1,a3d929a69a07f22eaf9b7309bdb64648905d3794,virtio_net_udp_roundtrip_ops,ops/s,higher,5975.83843155
linux-mshv-virtual-machine,2,1,0e6526128caf7d7af56dd5c6fcdf27a82fd97943,cold_start_base,ms,lower,262.9
linux-mshv-virtual-machine,2,1,0e6526128caf7d7af56dd5c6fcdf27a82fd97943,cold_start_clocksource,ms,lower,264.4
linux-mshv-virtual-machine,2,1,0e6526128caf7d7af56dd5c6fcdf27a82fd97943,cold_start_cryptomgr_notests,ms,lower,268.8
linux-mshv-virtual-machine,2,1,0e6526128caf7d7af56dd5c6fcdf27a82fd97943,cold_start_mitigations_off,ms,lower,224.8
linux-mshv-virtual-machine,2,1,0e6526128caf7d7af56dd5c6fcdf27a82fd97943,cold_start_no_timer_check,ms,lower,266.5
linux-mshv-virtual-machine,2,1,0e6526128caf7d7af56dd5c6fcdf27a82fd97943,cold_start_nokaslr,ms,lower,265
linux-mshv-virtual-machine,2,1,0e6526128caf7d7af56dd5c6fcdf27a82fd97943,cold_start_random_trust_cpu,ms,lower,266.5
linux-mshv-virtual-machine,2,1,0e6526128caf7d7af56dd5c6fcdf27a82fd97943,cold_start_rcu_expedited,ms,lower,265.5
linux-mshv-virtual-machine,2,1,0e6526128caf7d7af56dd5c6fcdf27a82fd97943,cold_start_tsc_reliable,ms,lower,266.4
linux-mshv-virtual-machine,2,1,0e6526128caf7d7af56dd5c6fcdf27a82fd97943,network_snapshot_cold,ms,lower,278.9
linux-mshv-virtual-machine,2,1,0e6526128caf7d7af56dd5c6fcdf27a82fd97943,network_snapshot_restore,ms,lower,43.5
linux-mshv-virtual-machine,2,1,0e6526128caf7d7af56dd5c6fcdf27a82fd97943,network_snapshot_restore_wall,ms,lower,113.8
linux-mshv-virtual-machine,2,1,0e6526128caf7d7af56dd5c6fcdf27a82fd97943,openvmm_cold_start,ms,lower,227.4329325
linux-mshv-virtual-machine,2,1,0e6526128caf7d7af56dd5c6fcdf27a82fd97943,openvmm_cold_start_guest_exit_teardown,ms,lower,24.4893545
linux-mshv-virtual-machine,2,1,0e6526128caf7d7af56dd5c6fcdf27a82fd97943,openvmm_cold_start_peak_rss,MiB,lower,78.68359375
linux-mshv-virtual-machine,2,1,0e6526128caf7d7af56dd5c6fcdf27a82fd97943,openvmm_snapshot_generation,ms,lower,4.6020665
linux-mshv-virtual-machine,2,1,0e6526128caf7d7af56dd5c6fcdf27a82fd97943,openvmm_snapshot_generation_peak_rss,MiB,lower,81.203125
linux-mshv-virtual-machine,2,1,0e6526128caf7d7af56dd5c6fcdf27a82fd97943,openvmm_snapshot_restore,ms,lower,35.9047355
linux-mshv-virtual-machine,2,1,0e6526128caf7d7af56dd5c6fcdf27a82fd97943,openvmm_snapshot_restore_guest_exit_teardown,ms,lower,8.572867
linux-mshv-virtual-machine,2,1,0e6526128caf7d7af56dd5c6fcdf27a82fd97943,openvmm_snapshot_restore_peak_rss,MiB,lower,58.72265625
linux-mshv-virtual-machine,2,1,0e6526128caf7d7af56dd5c6fcdf27a82fd97943,shell_snapshot_cold_128_mib,ms,lower,267
linux-mshv-virtual-machine,2,1,0e6526128caf7d7af56dd5c6fcdf27a82fd97943,shell_snapshot_cold_256_mib,ms,lower,273.5
linux-mshv-virtual-machine,2,1,0e6526128caf7d7af56dd5c6fcdf27a82fd97943,shell_snapshot_cold_512_mib,ms,lower,276.7
linux-mshv-virtual-machine,2,1,0e6526128caf7d7af56dd5c6fcdf27a82fd97943,shell_snapshot_restore_128_mib,ms,lower,34.9
linux-mshv-virtual-machine,2,1,0e6526128caf7d7af56dd5c6fcdf27a82fd97943,shell_snapshot_restore_256_mib,ms,lower,38.1
linux-mshv-virtual-machine,2,1,0e6526128caf7d7af56dd5c6fcdf27a82fd97943,shell_snapshot_restore_512_mib,ms,lower,42.3
linux-mshv-virtual-machine,2,1,0e6526128caf7d7af56dd5c6fcdf27a82fd97943,virtfs_live_read,MB/s,higher,1050
linux-mshv-virtual-machine,2,1,0e6526128caf7d7af56dd5c6fcdf27a82fd97943,virtfs_live_roundtrip,ms,lower,423.2
linux-mshv-virtual-machine,2,1,0e6526128caf7d7af56dd5c6fcdf27a82fd97943,virtfs_live_write,MB/s,higher,829.8
linux-mshv-virtual-machine,2,1,0e6526128caf7d7af56dd5c6fcdf27a82fd97943,virtio_blk_random_read_iops,ops/s,higher,7521.16972808
linux-mshv-virtual-machine,2,1,0e6526128caf7d7af56dd5c6fcdf27a82fd97943,virtio_blk_random_write_iops,ops/s,higher,7444.93362413
linux-mshv-virtual-machine,2,1,0e6526128caf7d7af56dd5c6fcdf27a82fd97943,virtio_fs_random_read_iops,ops/s,higher,11093.0930378
linux-mshv-virtual-machine,2,1,0e6526128caf7d7af56dd5c6fcdf27a82fd97943,virtio_fs_random_write_iops,ops/s,higher,10949.5151441
linux-mshv-virtual-machine,2,1,0e6526128caf7d7af56dd5c6fcdf27a82fd97943,virtio_net_udp_roundtrip_ops,ops/s,higher,6270.21368118
linux-mshv-virtual-machine,2,1,e33c0babac739da7f250676477810ad165d64dbb,cold_start_base,ms,lower,274.6
linux-mshv-virtual-machine,2,1,e33c0babac739da7f250676477810ad165d64dbb,cold_start_clocksource,ms,lower,275.1
linux-mshv-virtual-machine,2,1,e33c0babac739da7f250676477810ad165d64dbb,cold_start_cryptomgr_notests,ms,lower,270.5
linux-mshv-virtual-machine,2,1,e33c0babac739da7f250676477810ad165d64dbb,cold_start_mitigations_off,ms,lower,231.4
linux-mshv-virtual-machine,2,1,e33c0babac739da7f250676477810ad165d64dbb,cold_start_no_timer_check,ms,lower,269.1
linux-mshv-virtual-machine,2,1,e33c0babac739da7f250676477810ad165d64dbb,cold_start_nokaslr,ms,lower,268.8
linux-mshv-virtual-machine,2,1,e33c0babac739da7f250676477810ad165d64dbb,cold_start_random_trust_cpu,ms,lower,266.5
linux-mshv-virtual-machine,2,1,e33c0babac739da7f250676477810ad165d64dbb,cold_start_rcu_expedited,ms,lower,273.6
linux-mshv-virtual-machine,2,1,e33c0babac739da7f250676477810ad165d64dbb,cold_start_tsc_reliable,ms,lower,268.8
linux-mshv-virtual-machine,2,1,e33c0babac739da7f250676477810ad165d64dbb,network_snapshot_cold,ms,lower,278.3
linux-mshv-virtual-machine,2,1,e33c0babac739da7f250676477810ad165d64dbb,network_snapshot_restore,ms,lower,42.5
linux-mshv-virtual-machine,2,1,e33c0babac739da7f250676477810ad165d64dbb,network_snapshot_restore_wall,ms,lower,117.7
linux-mshv-virtual-machine,2,1,e33c0babac739da7f250676477810ad165d64dbb,openvmm_cold_start,ms,lower,223.5398665
linux-mshv-virtual-machine,2,1,e33c0babac739da7f250676477810ad165d64dbb,openvmm_cold_start_guest_exit_teardown,ms,lower,24.1414655
linux-mshv-virtual-machine,2,1,e33c0babac739da7f250676477810ad165d64dbb,openvmm_cold_start_peak_rss,MiB,lower,78.68359375
linux-mshv-virtual-machine,2,1,e33c0babac739da7f250676477810ad165d64dbb,openvmm_snapshot_generation,ms,lower,4.2578845
linux-mshv-virtual-machine,2,1,e33c0babac739da7f250676477810ad165d64dbb,openvmm_snapshot_generation_peak_rss,MiB,lower,81.357421875
linux-mshv-virtual-machine,2,1,e33c0babac739da7f250676477810ad165d64dbb,openvmm_snapshot_restore,ms,lower,34.9618425
linux-mshv-virtual-machine,2,1,e33c0babac739da7f250676477810ad165d64dbb,openvmm_snapshot_restore_guest_exit_teardown,ms,lower,8.476074
linux-mshv-virtual-machine,2,1,e33c0babac739da7f250676477810ad165d64dbb,openvmm_snapshot_restore_peak_rss,MiB,lower,58.71484375
linux-mshv-virtual-machine,2,1,e33c0babac739da7f250676477810ad165d64dbb,shell_snapshot_cold_128_mib,ms,lower,265.5
linux-mshv-virtual-machine,2,1,e33c0babac739da7f250676477810ad165d64dbb,shell_snapshot_cold_256_mib,ms,lower,270.9
linux-mshv-virtual-machine,2,1,e33c0babac739da7f250676477810ad165d64dbb,shell_snapshot_cold_512_mib,ms,lower,279.5
linux-mshv-virtual-machine,2,1,e33c0babac739da7f250676477810ad165d64dbb,shell_snapshot_restore_128_mib,ms,lower,32.8
linux-mshv-virtual-machine,2,1,e33c0babac739da7f250676477810ad165d64dbb,shell_snapshot_restore_256_mib,ms,lower,37.2
linux-mshv-virtual-machine,2,1,e33c0babac739da7f250676477810ad165d64dbb,shell_snapshot_restore_512_mib,ms,lower,41.7
linux-mshv-virtual-machine,2,1,e33c0babac739da7f250676477810ad165d64dbb,virtfs_live_read,MB/s,higher,1100
linux-mshv-virtual-machine,2,1,e33c0babac739da7f250676477810ad165d64dbb,virtfs_live_roundtrip,ms,lower,421.2
linux-mshv-virtual-machine,2,1,e33c0babac739da7f250676477810ad165d64dbb,virtfs_live_write,MB/s,higher,840.4
linux-mshv-virtual-machine,2,1,e33c0babac739da7f250676477810ad165d64dbb,virtio_blk_random_read_iops,ops/s,higher,7080.6862738
linux-mshv-virtual-machine,2,1,e33c0babac739da7f250676477810ad165d64dbb,virtio_blk_random_write_iops,ops/s,higher,6833.34281075
linux-mshv-virtual-machine,2,1,e33c0babac739da7f250676477810ad165d64dbb,virtio_fs_random_read_iops,ops/s,higher,11501.5568466
linux-mshv-virtual-machine,2,1,e33c0babac739da7f250676477810ad165d64dbb,virtio_fs_random_write_iops,ops/s,higher,11236.0850708
linux-mshv-virtual-machine,2,1,e33c0babac739da7f250676477810ad165d64dbb,virtio_net_udp_roundtrip_ops,ops/s,higher,5944.68548691
linux-mshv-virtual-machine,2,1,b816d8c259a5aade2d0a13eee8e9d5c8c02bbc4a,cold_start_base,ms,lower,259.3
linux-mshv-virtual-machine,2,1,b816d8c259a5aade2d0a13eee8e9d5c8c02bbc4a,cold_start_clocksource,ms,lower,259.1
linux-mshv-virtual-machine,2,1,b816d8c259a5aade2d0a13eee8e9d5c8c02bbc4a,cold_start_cryptomgr_notests,ms,lower,260.2
linux-mshv-virtual-machine,2,1,b816d8c259a5aade2d0a13eee8e9d5c8c02bbc4a,cold_start_mitigations_off,ms,lower,220
linux-mshv-virtual-machine,2,1,b816d8c259a5aade2d0a13eee8e9d5c8c02bbc4a,cold_start_no_timer_check,ms,lower,259.9
linux-mshv-virtual-machine,2,1,b816d8c259a5aade2d0a13eee8e9d5c8c02bbc4a,cold_start_nokaslr,ms,lower,259.5
linux-mshv-virtual-machine,2,1,b816d8c259a5aade2d0a13eee8e9d5c8c02bbc4a,cold_start_random_trust_cpu,ms,lower,259.6
linux-mshv-virtual-machine,2,1,b816d8c259a5aade2d0a13eee8e9d5c8c02bbc4a,cold_start_rcu_expedited,ms,lower,259.9
linux-mshv-virtual-machine,2,1,b816d8c259a5aade2d0a13eee8e9d5c8c02bbc4a,cold_start_tsc_reliable,ms,lower,260
linux-mshv-virtual-machine,2,1,b816d8c259a5aade2d0a13eee8e9d5c8c02bbc4a,network_snapshot_cold,ms,lower,271.3
linux-mshv-virtual-machine,2,1,b816d8c259a5aade2d0a13eee8e9d5c8c02bbc4a,network_snapshot_restore,ms,lower,39.9
linux-mshv-virtual-machine,2,1,b816d8c259a5aade2d0a13eee8e9d5c8c02bbc4a,network_snapshot_restore_wall,ms,lower,135.5
linux-mshv-virtual-machine,2,1,b816d8c259a5aade2d0a13eee8e9d5c8c02bbc4a,openvmm_cold_start,ms,lower,222.905572
linux-mshv-virtual-machine,2,1,b816d8c259a5aade2d0a13eee8e9d5c8c02bbc4a,openvmm_cold_start_guest_exit_teardown,ms,lower,24.66302
linux-mshv-virtual-machine,2,1,b816d8c259a5aade2d0a13eee8e9d5c8c02bbc4a,openvmm_cold_start_peak_rss,MiB,lower,78.6796875
linux-mshv-virtual-machine,2,1,b816d8c259a5aade2d0a13eee8e9d5c8c02bbc4a,openvmm_snapshot_generation,ms,lower,4.6288565
linux-mshv-virtual-machine,2,1,b816d8c259a5aade2d0a13eee8e9d5c8c02bbc4a,openvmm_snapshot_generation_peak_rss,MiB,lower,81.263671875
linux-mshv-virtual-machine,2,1,b816d8c259a5aade2d0a13eee8e9d5c8c02bbc4a,openvmm_snapshot_restore,ms,lower,31.785404
linux-mshv-virtual-machine,2,1,b816d8c259a5aade2d0a13eee8e9d5c8c02bbc4a,openvmm_snapshot_restore_guest_exit_teardown,ms,lower,7.6611785
linux-mshv-virtual-machine,2,1,b816d8c259a5aade2d0a13eee8e9d5c8c02bbc4a,openvmm_snapshot_restore_peak_rss,MiB,lower,56.72265625
linux-mshv-virtual-machine,2,1,b816d8c259a5aade2d0a13eee8e9d5c8c02bbc4a,shell_snapshot_cold_128_mib,ms,lower,259.8
linux-mshv-virtual-machine,2,1,b816d8c259a5aade2d0a13eee8e9d5c8c02bbc4a,shell_snapshot_cold_256_mib,ms,lower,260.3
linux-mshv-virtual-machine,2,1,b816d8c259a5aade2d0a13eee8e9d5c8c02bbc4a,shell_snapshot_cold_512_mib,ms,lower,265.6
linux-mshv-virtual-machine,2,1,b816d8c259a5aade2d0a13eee8e9d5c8c02bbc4a,shell_snapshot_restore_128_mib,ms,lower,30.9
linux-mshv-virtual-machine,2,1,b816d8c259a5aade2d0a13eee8e9d5c8c02bbc4a,shell_snapshot_restore_256_mib,ms,lower,34.4
linux-mshv-virtual-machine,2,1,b816d8c259a5aade2d0a13eee8e9d5c8c02bbc4a,shell_snapshot_restore_512_mib,ms,lower,39.2
linux-mshv-virtual-machine,2,1,b816d8c259a5aade2d0a13eee8e9d5c8c02bbc4a,virtfs_live_read,MB/s,higher,1100
linux-mshv-virtual-machine,2,1,b816d8c259a5aade2d0a13eee8e9d5c8c02bbc4a,virtfs_live_roundtrip,ms,lower,421.5
linux-mshv-virtual-machine,2,1,b816d8c259a5aade2d0a13eee8e9d5c8c02bbc4a,virtfs_live_write,MB/s,higher,868.5
linux-mshv-virtual-machine,2,1,b816d8c259a5aade2d0a13eee8e9d5c8c02bbc4a,virtio_blk_random_read_iops,ops/s,higher,7414.02489619
linux-mshv-virtual-machine,2,1,b816d8c259a5aade2d0a13eee8e9d5c8c02bbc4a,virtio_blk_random_write_iops,ops/s,higher,7440.51196819
linux-mshv-virtual-machine,2,1,b816d8c259a5aade2d0a13eee8e9d5c8c02bbc4a,virtio_fs_random_read_iops,ops/s,higher,12429.8922018
linux-mshv-virtual-machine,2,1,b816d8c259a5aade2d0a13eee8e9d5c8c02bbc4a,virtio_fs_random_write_iops,ops/s,higher,11773.968973
linux-mshv-virtual-machine,2,1,b816d8c259a5aade2d0a13eee8e9d5c8c02bbc4a,virtio_net_udp_roundtrip_ops,ops/s,higher,5966.62156054
linux-mshv-virtual-machine,2,1,e2fbe8ba1a2485e4ab7fc472184ea193e5782502,cold_start_base,ms,lower,263.6
linux-mshv-virtual-machine,2,1,e2fbe8ba1a2485e4ab7fc472184ea193e5782502,cold_start_clocksource,ms,lower,264.9
linux-mshv-virtual-machine,2,1,e2fbe8ba1a2485e4ab7fc472184ea193e5782502,cold_start_cryptomgr_notests,ms,lower,264.6
linux-mshv-virtual-machine,2,1,e2fbe8ba1a2485e4ab7fc472184ea193e5782502,cold_start_mitigations_off,ms,lower,223.2
linux-mshv-virtual-machine,2,1,e2fbe8ba1a2485e4ab7fc472184ea193e5782502,cold_start_no_timer_check,ms,lower,263.9
linux-mshv-virtual-machine,2,1,e2fbe8ba1a2485e4ab7fc472184ea193e5782502,cold_start_nokaslr,ms,lower,263.1
linux-mshv-virtual-machine,2,1,e2fbe8ba1a2485e4ab7fc472184ea193e5782502,cold_start_random_trust_cpu,ms,lower,265.1
linux-mshv-virtual-machine,2,1,e2fbe8ba1a2485e4ab7fc472184ea193e5782502,cold_start_rcu_expedited,ms,lower,263.8
linux-mshv-virtual-machine,2,1,e2fbe8ba1a2485e4ab7fc472184ea193e5782502,cold_start_tsc_reliable,ms,lower,263.8
linux-mshv-virtual-machine,2,1,e2fbe8ba1a2485e4ab7fc472184ea193e5782502,network_snapshot_cold,ms,lower,272.2
linux-mshv-virtual-machine,2,1,e2fbe8ba1a2485e4ab7fc472184ea193e5782502,network_snapshot_restore,ms,lower,40.3
linux-mshv-virtual-machine,2,1,e2fbe8ba1a2485e4ab7fc472184ea193e5782502,network_snapshot_restore_wall,ms,lower,113.8
linux-mshv-virtual-machine,2,1,e2fbe8ba1a2485e4ab7fc472184ea193e5782502,openvmm_cold_start,ms,lower,223.4177485
linux-mshv-virtual-machine,2,1,e2fbe8ba1a2485e4ab7fc472184ea193e5782502,openvmm_cold_start_guest_exit_teardown,ms,lower,24.8921605
linux-mshv-virtual-machine,2,1,e2fbe8ba1a2485e4ab7fc472184ea193e5782502,openvmm_cold_start_peak_rss,MiB,lower,78.68359375
linux-mshv-virtual-machine,2,1,e2fbe8ba1a2485e4ab7fc472184ea193e5782502,openvmm_snapshot_generation,ms,lower,4.331318
linux-mshv-virtual-machine,2,1,e2fbe8ba1a2485e4ab7fc472184ea193e5782502,openvmm_snapshot_generation_peak_rss,MiB,lower,81.345703125
linux-mshv-virtual-machine,2,1,e2fbe8ba1a2485e4ab7fc472184ea193e5782502,openvmm_snapshot_restore,ms,lower,31.976671
linux-mshv-virtual-machine,2,1,e2fbe8ba1a2485e4ab7fc472184ea193e5782502,openvmm_snapshot_restore_guest_exit_teardown,ms,lower,7.7620945
linux-mshv-virtual-machine,2,1,e2fbe8ba1a2485e4ab7fc472184ea193e5782502,openvmm_snapshot_restore_peak_rss,MiB,lower,58.72265625
linux-mshv-virtual-machine,2,1,e2fbe8ba1a2485e4ab7fc472184ea193e5782502,shell_snapshot_cold_128_mib,ms,lower,263.8
linux-mshv-virtual-machine,2,1,e2fbe8ba1a2485e4ab7fc472184ea193e5782502,shell_snapshot_cold_256_mib,ms,lower,267.4
linux-mshv-virtual-machine,2,1,e2fbe8ba1a2485e4ab7fc472184ea193e5782502,shell_snapshot_cold_512_mib,ms,lower,276
linux-mshv-virtual-machine,2,1,e2fbe8ba1a2485e4ab7fc472184ea193e5782502,shell_snapshot_restore_128_mib,ms,lower,31.6
linux-mshv-virtual-machine,2,1,e2fbe8ba1a2485e4ab7fc472184ea193e5782502,shell_snapshot_restore_256_mib,ms,lower,35.4
linux-mshv-virtual-machine,2,1,e2fbe8ba1a2485e4ab7fc472184ea193e5782502,shell_snapshot_restore_512_mib,ms,lower,40.7
linux-mshv-virtual-machine,2,1,e2fbe8ba1a2485e4ab7fc472184ea193e5782502,virtfs_live_read,MB/s,higher,1100
linux-mshv-virtual-machine,2,1,e2fbe8ba1a2485e4ab7fc472184ea193e5782502,virtfs_live_roundtrip,ms,lower,413.1
linux-mshv-virtual-machine,2,1,e2fbe8ba1a2485e4ab7fc472184ea193e5782502,virtfs_live_write,MB/s,higher,864.3
linux-mshv-virtual-machine,2,1,e2fbe8ba1a2485e4ab7fc472184ea193e5782502,virtio_blk_random_read_iops,ops/s,higher,7260.55859609
linux-mshv-virtual-machine,2,1,e2fbe8ba1a2485e4ab7fc472184ea193e5782502,virtio_blk_random_write_iops,ops/s,higher,7310.93163954
linux-mshv-virtual-machine,2,1,e2fbe8ba1a2485e4ab7fc472184ea193e5782502,virtio_fs_random_read_iops,ops/s,higher,10368.3121791
linux-mshv-virtual-machine,2,1,e2fbe8ba1a2485e4ab7fc472184ea193e5782502,virtio_fs_random_write_iops,ops/s,higher,11157.0357483
linux-mshv-virtual-machine,2,1,e2fbe8ba1a2485e4ab7fc472184ea193e5782502,virtio_net_udp_roundtrip_ops,ops/s,higher,5700.8796519
linux-mshv-virtual-machine,2,1,3617108e0263d537f71e9bead7b9a6ff59c0d785,cold_start_base,ms,lower,266.8
linux-mshv-virtual-machine,2,1,3617108e0263d537f71e9bead7b9a6ff59c0d785,cold_start_clocksource,ms,lower,268.3
linux-mshv-virtual-machine,2,1,3617108e0263d537f71e9bead7b9a6ff59c0d785,cold_start_cryptomgr_notests,ms,lower,265.6
linux-mshv-virtual-machine,2,1,3617108e0263d537f71e9bead7b9a6ff59c0d785,cold_start_mitigations_off,ms,lower,225.1
linux-mshv-virtual-machine,2,1,3617108e0263d537f71e9bead7b9a6ff59c0d785,cold_start_no_timer_check,ms,lower,265.9
linux-mshv-virtual-machine,2,1,3617108e0263d537f71e9bead7b9a6ff59c0d785,cold_start_nokaslr,ms,lower,266.3
linux-mshv-virtual-machine,2,1,3617108e0263d537f71e9bead7b9a6ff59c0d785,cold_start_random_trust_cpu,ms,lower,267.7
linux-mshv-virtual-machine,2,1,3617108e0263d537f71e9bead7b9a6ff59c0d785,cold_start_rcu_expedited,ms,lower,267
linux-mshv-virtual-machine,2,1,3617108e0263d537f71e9bead7b9a6ff59c0d785,cold_start_tsc_reliable,ms,lower,267.2
linux-mshv-virtual-machine,2,1,3617108e0263d537f71e9bead7b9a6ff59c0d785,network_snapshot_cold,ms,lower,274.9
linux-mshv-virtual-machine,2,1,3617108e0263d537f71e9bead7b9a6ff59c0d785,network_snapshot_restore,ms,lower,39.6
linux-mshv-virtual-machine,2,1,3617108e0263d537f71e9bead7b9a6ff59c0d785,network_snapshot_restore_wall,ms,lower,119
linux-mshv-virtual-machine,2,1,3617108e0263d537f71e9bead7b9a6ff59c0d785,openvmm_cold_start,ms,lower,227.768532
linux-mshv-virtual-machine,2,1,3617108e0263d537f71e9bead7b9a6ff59c0d785,openvmm_cold_start_guest_exit_teardown,ms,lower,24.984659
linux-mshv-virtual-machine,2,1,3617108e0263d537f71e9bead7b9a6ff59c0d785,openvmm_cold_start_peak_rss,MiB,lower,78.681640625
linux-mshv-virtual-machine,2,1,3617108e0263d537f71e9bead7b9a6ff59c0d785,openvmm_snapshot_generation,ms,lower,4.418422
linux-mshv-virtual-machine,2,1,3617108e0263d537f71e9bead7b9a6ff59c0d785,openvmm_snapshot_generation_peak_rss,MiB,lower,81.333984375
linux-mshv-virtual-machine,2,1,3617108e0263d537f71e9bead7b9a6ff59c0d785,openvmm_snapshot_restore,ms,lower,33.8243525
linux-mshv-virtual-machine,2,1,3617108e0263d537f71e9bead7b9a6ff59c0d785,openvmm_snapshot_restore_guest_exit_teardown,ms,lower,8.117531
linux-mshv-virtual-machine,2,1,3617108e0263d537f71e9bead7b9a6ff59c0d785,openvmm_snapshot_restore_peak_rss,MiB,lower,56.71484375
linux-mshv-virtual-machine,2,1,3617108e0263d537f71e9bead7b9a6ff59c0d785,shell_snapshot_cold_128_mib,ms,lower,267.2
linux-mshv-virtual-machine,2,1,3617108e0263d537f71e9bead7b9a6ff59c0d785,shell_snapshot_cold_256_mib,ms,lower,272.2
linux-mshv-virtual-machine,2,1,3617108e0263d537f71e9bead7b9a6ff59c0d785,shell_snapshot_cold_512_mib,ms,lower,278.6
linux-mshv-virtual-machine,2,1,3617108e0263d537f71e9bead7b9a6ff59c0d785,shell_snapshot_restore_128_mib,ms,lower,31.8
linux-mshv-virtual-machine,2,1,3617108e0263d537f71e9bead7b9a6ff59c0d785,shell_snapshot_restore_256_mib,ms,lower,35.9
linux-mshv-virtual-machine,2,1,3617108e0263d537f71e9bead7b9a6ff59c0d785,shell_snapshot_restore_512_mib,ms,lower,40.4
linux-mshv-virtual-machine,2,1,3617108e0263d537f71e9bead7b9a6ff59c0d785,virtfs_live_read,MB/s,higher,1100
linux-mshv-virtual-machine,2,1,3617108e0263d537f71e9bead7b9a6ff59c0d785,virtfs_live_roundtrip,ms,lower,417.3
linux-mshv-virtual-machine,2,1,3617108e0263d537f71e9bead7b9a6ff59c0d785,virtfs_live_write,MB/s,higher,861.5
linux-mshv-virtual-machine,2,1,3617108e0263d537f71e9bead7b9a6ff59c0d785,virtio_blk_random_read_iops,ops/s,higher,7549.02447261
linux-mshv-virtual-machine,2,1,3617108e0263d537f71e9bead7b9a6ff59c0d785,virtio_blk_random_write_iops,ops/s,higher,7527.75721116
linux-mshv-virtual-machine,2,1,3617108e0263d537f71e9bead7b9a6ff59c0d785,virtio_fs_random_read_iops,ops/s,higher,11097.0463427
linux-mshv-virtual-machine,2,1,3617108e0263d537f71e9bead7b9a6ff59c0d785,virtio_fs_random_write_iops,ops/s,higher,10727.5798906
linux-mshv-virtual-machine,2,1,3617108e0263d537f71e9bead7b9a6ff59c0d785,virtio_net_udp_roundtrip_ops,ops/s,higher,5641.11902309
linux-mshv-virtual-machine,2,1,262b394e14486eb956fd8a12e7827c90cc09ed2c,cold_start_base,ms,lower,267.4
linux-mshv-virtual-machine,2,1,262b394e14486eb956fd8a12e7827c90cc09ed2c,cold_start_clocksource,ms,lower,269
linux-mshv-virtual-machine,2,1,262b394e14486eb956fd8a12e7827c90cc09ed2c,cold_start_cryptomgr_notests,ms,lower,267.4
linux-mshv-virtual-machine,2,1,262b394e14486eb956fd8a12e7827c90cc09ed2c,cold_start_mitigations_off,ms,lower,226.5
linux-mshv-virtual-machine,2,1,262b394e14486eb956fd8a12e7827c90cc09ed2c,cold_start_no_timer_check,ms,lower,268.3
linux-mshv-virtual-machine,2,1,262b394e14486eb956fd8a12e7827c90cc09ed2c,cold_start_nokaslr,ms,lower,264.7
linux-mshv-virtual-machine,2,1,262b394e14486eb956fd8a12e7827c90cc09ed2c,cold_start_random_trust_cpu,ms,lower,267.3
linux-mshv-virtual-machine,2,1,262b394e14486eb956fd8a12e7827c90cc09ed2c,cold_start_rcu_expedited,ms,lower,267.4
linux-mshv-virtual-machine,2,1,262b394e14486eb956fd8a12e7827c90cc09ed2c,cold_start_tsc_reliable,ms,lower,269.3
linux-mshv-virtual-machine,2,1,262b394e14486eb956fd8a12e7827c90cc09ed2c,network_snapshot_cold,ms,lower,276.1
linux-mshv-virtual-machine,2,1,262b394e14486eb956fd8a12e7827c90cc09ed2c,network_snapshot_restore,ms,lower,40.7
linux-mshv-virtual-machine,2,1,262b394e14486eb956fd8a12e7827c90cc09ed2c,network_snapshot_restore_wall,ms,lower,109.2
linux-mshv-virtual-machine,2,1,262b394e14486eb956fd8a12e7827c90cc09ed2c,openvmm_cold_start,ms,lower,227.5513225
linux-mshv-virtual-machine,2,1,262b394e14486eb956fd8a12e7827c90cc09ed2c,openvmm_cold_start_guest_exit_teardown,ms,lower,25.062191
linux-mshv-virtual-machine,2,1,262b394e14486eb956fd8a12e7827c90cc09ed2c,openvmm_cold_start_peak_rss,MiB,lower,78.81640625
linux-mshv-virtual-machine,2,1,262b394e14486eb956fd8a12e7827c90cc09ed2c,openvmm_snapshot_generation,ms,lower,4.3511805
linux-mshv-virtual-machine,2,1,262b394e14486eb956fd8a12e7827c90cc09ed2c,openvmm_snapshot_generation_peak_rss,MiB,lower,81.50390625
linux-mshv-virtual-machine,2,1,262b394e14486eb956fd8a12e7827c90cc09ed2c,openvmm_snapshot_restore,ms,lower,34.024169
linux-mshv-virtual-machine,2,1,262b394e14486eb956fd8a12e7827c90cc09ed2c,openvmm_snapshot_restore_guest_exit_teardown,ms,lower,8.280818
linux-mshv-virtual-machine,2,1,262b394e14486eb956fd8a12e7827c90cc09ed2c,openvmm_snapshot_restore_peak_rss,MiB,lower,58.84765625
linux-mshv-virtual-machine,2,1,262b394e14486eb956fd8a12e7827c90cc09ed2c,shell_snapshot_cold_128_mib,ms,lower,268.8
linux-mshv-virtual-machine,2,1,262b394e14486eb956fd8a12e7827c90cc09ed2c,shell_snapshot_cold_256_mib,ms,lower,271.3
linux-mshv-virtual-machine,2,1,262b394e14486eb956fd8a12e7827c90cc09ed2c,shell_snapshot_cold_512_mib,ms,lower,277.2
linux-mshv-virtual-machine,2,1,262b394e14486eb956fd8a12e7827c90cc09ed2c,shell_snapshot_restore_128_mib,ms,lower,32.8
linux-mshv-virtual-machine,2,1,262b394e14486eb956fd8a12e7827c90cc09ed2c,shell_snapshot_restore_256_mib,ms,lower,36.6
linux-mshv-virtual-machine,2,1,262b394e14486eb956fd8a12e7827c90cc09ed2c,shell_snapshot_restore_512_mib,ms,lower,41.2
linux-mshv-virtual-machine,2,1,262b394e14486eb956fd8a12e7827c90cc09ed2c,virtfs_live_read,MB/s,higher,1100
linux-mshv-virtual-machine,2,1,262b394e14486eb956fd8a12e7827c90cc09ed2c,virtfs_live_roundtrip,ms,lower,429.2
linux-mshv-virtual-machine,2,1,262b394e14486eb956fd8a12e7827c90cc09ed2c,virtfs_live_write,MB/s,higher,850.2
linux-mshv-virtual-machine,2,1,262b394e14486eb956fd8a12e7827c90cc09ed2c,virtio_blk_random_read_iops,ops/s,higher,7284.67811137
linux-mshv-virtual-machine,2,1,262b394e14486eb956fd8a12e7827c90cc09ed2c,virtio_blk_random_write_iops,ops/s,higher,7491.35014954
linux-mshv-virtual-machine,2,1,262b394e14486eb956fd8a12e7827c90cc09ed2c,virtio_fs_random_read_iops,ops/s,higher,10671.5887342
linux-mshv-virtual-machine,2,1,262b394e14486eb956fd8a12e7827c90cc09ed2c,virtio_fs_random_write_iops,ops/s,higher,10557.9099213
linux-mshv-virtual-machine,2,1,262b394e14486eb956fd8a12e7827c90cc09ed2c,virtio_net_udp_roundtrip_ops,ops/s,higher,5900.38179154
linux-mshv-virtual-machine,2,1,f1a1ee404f16e67cc68c4d839b1a18e421454fb8,cold_start_base,ms,lower,273.9
linux-mshv-virtual-machine,2,1,f1a1ee404f16e67cc68c4d839b1a18e421454fb8,cold_start_clocksource,ms,lower,273.2
linux-mshv-virtual-machine,2,1,f1a1ee404f16e67cc68c4d839b1a18e421454fb8,cold_start_cryptomgr_notests,ms,lower,273.4
linux-mshv-virtual-machine,2,1,f1a1ee404f16e67cc68c4d839b1a18e421454fb8,cold_start_mitigations_off,ms,lower,230.5
linux-mshv-virtual-machine,2,1,f1a1ee404f16e67cc68c4d839b1a18e421454fb8,cold_start_no_timer_check,ms,lower,271.9
linux-mshv-virtual-machine,2,1,f1a1ee404f16e67cc68c4d839b1a18e421454fb8,cold_start_nokaslr,ms,lower,272.9
linux-mshv-virtual-machine,2,1,f1a1ee404f16e67cc68c4d839b1a18e421454fb8,cold_start_random_trust_cpu,ms,lower,273.3
linux-mshv-virtual-machine,2,1,f1a1ee404f16e67cc68c4d839b1a18e421454fb8,cold_start_rcu_expedited,ms,lower,273.6
linux-mshv-virtual-machine,2,1,f1a1ee404f16e67cc68c4d839b1a18e421454fb8,cold_start_tsc_reliable,ms,lower,273.1
linux-mshv-virtual-machine,2,1,f1a1ee404f16e67cc68c4d839b1a18e421454fb8,network_snapshot_cold,ms,lower,283.3
linux-mshv-virtual-machine,2,1,f1a1ee404f16e67cc68c4d839b1a18e421454fb8,network_snapshot_restore,ms,lower,45.2
linux-mshv-virtual-machine,2,1,f1a1ee404f16e67cc68c4d839b1a18e421454fb8,network_snapshot_restore_wall,ms,lower,119.4
linux-mshv-virtual-machine,2,1,f1a1ee404f16e67cc68c4d839b1a18e421454fb8,openvmm_cold_start,ms,lower,234.3009135
linux-mshv-virtual-machine,2,1,f1a1ee404f16e67cc68c4d839b1a18e421454fb8,openvmm_cold_start_guest_exit_teardown,ms,lower,24.4340205
linux-mshv-virtual-machine,2,1,f1a1ee404f16e67cc68c4d839b1a18e421454fb8,openvmm_cold_start_peak_rss,MiB,lower,78.81640625
linux-mshv-virtual-machine,2,1,f1a1ee404f16e67cc68c4d839b1a18e421454fb8,openvmm_snapshot_generation,ms,lower,5.483873
linux-mshv-virtual-machine,2,1,f1a1ee404f16e67cc68c4d839b1a18e421454fb8,openvmm_snapshot_generation_peak_rss,MiB,lower,81.49609375
linux-mshv-virtual-machine,2,1,f1a1ee404f16e67cc68c4d839b1a18e421454fb8,openvmm_snapshot_restore,ms,lower,35.511768
linux-mshv-virtual-machine,2,1,f1a1ee404f16e67cc68c4d839b1a18e421454fb8,openvmm_snapshot_restore_guest_exit_teardown,ms,lower,8.541971
linux-mshv-virtual-machine,2,1,f1a1ee404f16e67cc68c4d839b1a18e421454fb8,openvmm_snapshot_restore_peak_rss,MiB,lower,58.84765625
linux-mshv-virtual-machine,2,1,f1a1ee404f16e67cc68c4d839b1a18e421454fb8,shell_snapshot_cold_128_mib,ms,lower,273.1
linux-mshv-virtual-machine,2,1,f1a1ee404f16e67cc68c4d839b1a18e421454fb8,shell_snapshot_cold_256_mib,ms,lower,276.2
linux-mshv-virtual-machine,2,1,f1a1ee404f16e67cc68c4d839b1a18e421454fb8,shell_snapshot_cold_512_mib,ms,lower,283.5
linux-mshv-virtual-machine,2,1,f1a1ee404f16e67cc68c4d839b1a18e421454fb8,shell_snapshot_restore_128_mib,ms,lower,38.4
linux-mshv-virtual-machine,2,1,f1a1ee404f16e67cc68c4d839b1a18e421454fb8,shell_snapshot_restore_256_mib,ms,lower,38.5
linux-mshv-virtual-machine,2,1,f1a1ee404f16e67cc68c4d839b1a18e421454fb8,shell_snapshot_restore_512_mib,ms,lower,42.9
linux-mshv-virtual-machine,2,1,f1a1ee404f16e67cc68c4d839b1a18e421454fb8,virtfs_live_read,MB/s,higher,1000
linux-mshv-virtual-machine,2,1,f1a1ee404f16e67cc68c4d839b1a18e421454fb8,virtfs_live_roundtrip,ms,lower,419.5
linux-mshv-virtual-machine,2,1,f1a1ee404f16e67cc68c4d839b1a18e421454fb8,virtfs_live_write,MB/s,higher,789.6
linux-mshv-virtual-machine,2,1,f1a1ee404f16e67cc68c4d839b1a18e421454fb8,virtio_blk_random_read_iops,ops/s,higher,6197.58891495
linux-mshv-virtual-machine,2,1,f1a1ee404f16e67cc68c4d839b1a18e421454fb8,virtio_blk_random_write_iops,ops/s,higher,6380.51922565
linux-mshv-virtual-machine,2,1,f1a1ee404f16e67cc68c4d839b1a18e421454fb8,virtio_fs_random_read_iops,ops/s,higher,10016.9087443
linux-mshv-virtual-machine,2,1,f1a1ee404f16e67cc68c4d839b1a18e421454fb8,virtio_fs_random_write_iops,ops/s,higher,10871.2564011
linux-mshv-virtual-machine,2,1,f1a1ee404f16e67cc68c4d839b1a18e421454fb8,virtio_net_udp_roundtrip_ops,ops/s,higher,5219.47196321
linux-mshv-virtual-machine,2,1,bce2e9193622e528c06278a2359873f938464d60,cold_start_base,ms,lower,270.9
linux-mshv-virtual-machine,2,1,bce2e9193622e528c06278a2359873f938464d60,cold_start_clocksource,ms,lower,266.2
linux-mshv-virtual-machine,2,1,bce2e9193622e528c06278a2359873f938464d60,cold_start_cryptomgr_notests,ms,lower,267.1
linux-mshv-virtual-machine,2,1,bce2e9193622e528c06278a2359873f938464d60,cold_start_mitigations_off,ms,lower,227.2
linux-mshv-virtual-machine,2,1,bce2e9193622e528c06278a2359873f938464d60,cold_start_no_timer_check,ms,lower,267.4
linux-mshv-virtual-machine,2,1,bce2e9193622e528c06278a2359873f938464d60,cold_start_nokaslr,ms,lower,266.4
linux-mshv-virtual-machine,2,1,bce2e9193622e528c06278a2359873f938464d60,cold_start_random_trust_cpu,ms,lower,266.6
linux-mshv-virtual-machine,2,1,bce2e9193622e528c06278a2359873f938464d60,cold_start_rcu_expedited,ms,lower,267.2
linux-mshv-virtual-machine,2,1,bce2e9193622e528c06278a2359873f938464d60,cold_start_tsc_reliable,ms,lower,266.5
linux-mshv-virtual-machine,2,1,bce2e9193622e528c06278a2359873f938464d60,network_snapshot_cold,ms,lower,274.3
linux-mshv-virtual-machine,2,1,bce2e9193622e528c06278a2359873f938464d60,network_snapshot_restore,ms,lower,40.8
linux-mshv-virtual-machine,2,1,bce2e9193622e528c06278a2359873f938464d60,network_snapshot_restore_wall,ms,lower,113.4
linux-mshv-virtual-machine,2,1,bce2e9193622e528c06278a2359873f938464d60,openvmm_cold_start,ms,lower,228.1159775
linux-mshv-virtual-machine,2,1,bce2e9193622e528c06278a2359873f938464d60,openvmm_cold_start_guest_exit_teardown,ms,lower,24.345409
linux-mshv-virtual-machine,2,1,bce2e9193622e528c06278a2359873f938464d60,openvmm_cold_start_peak_rss,MiB,lower,78.81640625
linux-mshv-virtual-machine,2,1,bce2e9193622e528c06278a2359873f938464d60,openvmm_snapshot_generation,ms,lower,4.276326
linux-mshv-virtual-machine,2,1,bce2e9193622e528c06278a2359873f938464d60,openvmm_snapshot_generation_peak_rss,MiB,lower,81.4921875
linux-mshv-virtual-machine,2,1,bce2e9193622e528c06278a2359873f938464d60,openvmm_snapshot_restore,ms,lower,33.3516705
linux-mshv-virtual-machine,2,1,bce2e9193622e528c06278a2359873f938464d60,openvmm_snapshot_restore_guest_exit_teardown,ms,lower,7.9225075
linux-mshv-virtual-machine,2,1,bce2e9193622e528c06278a2359873f938464d60,openvmm_snapshot_restore_peak_rss,MiB,lower,58.84765625
linux-mshv-virtual-machine,2,1,bce2e9193622e528c06278a2359873f938464d60,shell_snapshot_cold_128_mib,ms,lower,265.7
linux-mshv-virtual-machine,2,1,bce2e9193622e528c06278a2359873f938464d60,shell_snapshot_cold_256_mib,ms,lower,269.3
linux-mshv-virtual-machine,2,1,bce2e9193622e528c06278a2359873f938464d60,shell_snapshot_cold_512_mib,ms,lower,276.9
linux-mshv-virtual-machine,2,1,bce2e9193622e528c06278a2359873f938464d60,shell_snapshot_restore_128_mib,ms,lower,31.9
linux-mshv-virtual-machine,2,1,bce2e9193622e528c06278a2359873f938464d60,shell_snapshot_restore_256_mib,ms,lower,35.9
linux-mshv-virtual-machine,2,1,bce2e9193622e528c06278a2359873f938464d60,shell_snapshot_restore_512_mib,ms,lower,40.9
linux-mshv-virtual-machine,2,1,bce2e9193622e528c06278a2359873f938464d60,virtfs_live_read,MB/s,higher,1100
linux-mshv-virtual-machine,2,1,bce2e9193622e528c06278a2359873f938464d60,virtfs_live_roundtrip,ms,lower,428.5
linux-mshv-virtual-machine,2,1,bce2e9193622e528c06278a2359873f938464d60,virtfs_live_write,MB/s,higher,854.5
linux-mshv-virtual-machine,2,1,bce2e9193622e528c06278a2359873f938464d60,virtio_blk_random_read_iops,ops/s,higher,7153.20410111
linux-mshv-virtual-machine,2,1,bce2e9193622e528c06278a2359873f938464d60,virtio_blk_random_write_iops,ops/s,higher,7273.65046823
linux-mshv-virtual-machine,2,1,bce2e9193622e528c06278a2359873f938464d60,virtio_fs_random_read_iops,ops/s,higher,11337.1941492
linux-mshv-virtual-machine,2,1,bce2e9193622e528c06278a2359873f938464d60,virtio_fs_random_write_iops,ops/s,higher,11301.9468312
linux-mshv-virtual-machine,2,1,bce2e9193622e528c06278a2359873f938464d60,virtio_net_udp_roundtrip_ops,ops/s,higher,6002.60363904
linux-mshv-virtual-machine,2,1,02ba24ba9e0da1a2d6063ad06e694dc3c29da1c8,cold_start_base,ms,lower,266.4
linux-mshv-virtual-machine,2,1,02ba24ba9e0da1a2d6063ad06e694dc3c29da1c8,cold_start_clocksource,ms,lower,265.5
linux-mshv-virtual-machine,2,1,02ba24ba9e0da1a2d6063ad06e694dc3c29da1c8,cold_start_cryptomgr_notests,ms,lower,265.9
linux-mshv-virtual-machine,2,1,02ba24ba9e0da1a2d6063ad06e694dc3c29da1c8,cold_start_mitigations_off,ms,lower,227.2
linux-mshv-virtual-machine,2,1,02ba24ba9e0da1a2d6063ad06e694dc3c29da1c8,cold_start_no_timer_check,ms,lower,266.2
linux-mshv-virtual-machine,2,1,02ba24ba9e0da1a2d6063ad06e694dc3c29da1c8,cold_start_nokaslr,ms,lower,265.9
linux-mshv-virtual-machine,2,1,02ba24ba9e0da1a2d6063ad06e694dc3c29da1c8,cold_start_random_trust_cpu,ms,lower,265.9
linux-mshv-virtual-machine,2,1,02ba24ba9e0da1a2d6063ad06e694dc3c29da1c8,cold_start_rcu_expedited,ms,lower,265.2
linux-mshv-virtual-machine,2,1,02ba24ba9e0da1a2d6063ad06e694dc3c29da1c8,cold_start_tsc_reliable,ms,lower,265.4
linux-mshv-virtual-machine,2,1,02ba24ba9e0da1a2d6063ad06e694dc3c29da1c8,network_snapshot_cold,ms,lower,275
linux-mshv-virtual-machine,2,1,02ba24ba9e0da1a2d6063ad06e694dc3c29da1c8,network_snapshot_restore,ms,lower,43.9
linux-mshv-virtual-machine,2,1,02ba24ba9e0da1a2d6063ad06e694dc3c29da1c8,network_snapshot_restore_wall,ms,lower,119.1
linux-mshv-virtual-machine,2,1,02ba24ba9e0da1a2d6063ad06e694dc3c29da1c8,openvmm_cold_start,ms,lower,227.6621075
linux-mshv-virtual-machine,2,1,02ba24ba9e0da1a2d6063ad06e694dc3c29da1c8,openvmm_cold_start_guest_exit_teardown,ms,lower,25.091606
linux-mshv-virtual-machine,2,1,02ba24ba9e0da1a2d6063ad06e694dc3c29da1c8,openvmm_cold_start_peak_rss,MiB,lower,78.515625
linux-mshv-virtual-machine,2,1,02ba24ba9e0da1a2d6063ad06e694dc3c29da1c8,openvmm_snapshot_generation,ms,lower,4.532574
linux-mshv-virtual-machine,2,1,02ba24ba9e0da1a2d6063ad06e694dc3c29da1c8,openvmm_snapshot_generation_peak_rss,MiB,lower,81.361328125
linux-mshv-virtual-machine,2,1,02ba24ba9e0da1a2d6063ad06e694dc3c29da1c8,openvmm_snapshot_restore,ms,lower,35.17565
linux-mshv-virtual-machine,2,1,02ba24ba9e0da1a2d6063ad06e694dc3c29da1c8,openvmm_snapshot_restore_guest_exit_teardown,ms,lower,8.1981535
linux-mshv-virtual-machine,2,1,02ba24ba9e0da1a2d6063ad06e694dc3c29da1c8,openvmm_snapshot_restore_peak_rss,MiB,lower,58.9375
linux-mshv-virtual-machine,2,1,02ba24ba9e0da1a2d6063ad06e694dc3c29da1c8,shell_snapshot_cold_128_mib,ms,lower,268.2
linux-mshv-virtual-machine,2,1,02ba24ba9e0da1a2d6063ad06e694dc3c29da1c8,shell_snapshot_cold_256_mib,ms,lower,272.5
linux-mshv-virtual-machine,2,1,02ba24ba9e0da1a2d6063ad06e694dc3c29da1c8,shell_snapshot_cold_512_mib,ms,lower,278.9
linux-mshv-virtual-machine,2,1,02ba24ba9e0da1a2d6063ad06e694dc3c29da1c8,shell_snapshot_restore_128_mib,ms,lower,34.2
linux-mshv-virtual-machine,2,1,02ba24ba9e0da1a2d6063ad06e694dc3c29da1c8,shell_snapshot_restore_256_mib,ms,lower,38.7
linux-mshv-virtual-machine,2,1,02ba24ba9e0da1a2d6063ad06e694dc3c29da1c8,shell_snapshot_restore_512_mib,ms,lower,41.4
linux-mshv-virtual-machine,2,1,02ba24ba9e0da1a2d6063ad06e694dc3c29da1c8,virtfs_live_read,MB/s,higher,1100
linux-mshv-virtual-machine,2,1,02ba24ba9e0da1a2d6063ad06e694dc3c29da1c8,virtfs_live_roundtrip,ms,lower,419.5
linux-mshv-virtual-machine,2,1,02ba24ba9e0da1a2d6063ad06e694dc3c29da1c8,virtfs_live_write,MB/s,higher,837.7
linux-mshv-virtual-machine,2,1,02ba24ba9e0da1a2d6063ad06e694dc3c29da1c8,virtio_blk_random_read_iops,ops/s,higher,7651.0847243
linux-mshv-virtual-machine,2,1,02ba24ba9e0da1a2d6063ad06e694dc3c29da1c8,virtio_blk_random_write_iops,ops/s,higher,7633.37961331
linux-mshv-virtual-machine,2,1,02ba24ba9e0da1a2d6063ad06e694dc3c29da1c8,virtio_fs_random_read_iops,ops/s,higher,12933.9145909
linux-mshv-virtual-machine,2,1,02ba24ba9e0da1a2d6063ad06e694dc3c29da1c8,virtio_fs_random_write_iops,ops/s,higher,12277.6775328
linux-mshv-virtual-machine,2,1,02ba24ba9e0da1a2d6063ad06e694dc3c29da1c8,virtio_net_udp_roundtrip_ops,ops/s,higher,6124.9621733
linux-mshv-virtual-machine,2,1,2ec01e59a62d5d00bd2f07ef83ca7db710b95123,cold_start_base,ms,lower,264.3
linux-mshv-virtual-machine,2,1,2ec01e59a62d5d00bd2f07ef83ca7db710b95123,cold_start_clocksource,ms,lower,265.2
linux-mshv-virtual-machine,2,1,2ec01e59a62d5d00bd2f07ef83ca7db710b95123,cold_start_cryptomgr_notests,ms,lower,264.7
linux-mshv-virtual-machine,2,1,2ec01e59a62d5d00bd2f07ef83ca7db710b95123,cold_start_mitigations_off,ms,lower,225
linux-mshv-virtual-machine,2,1,2ec01e59a62d5d00bd2f07ef83ca7db710b95123,cold_start_no_timer_check,ms,lower,265.3
linux-mshv-virtual-machine,2,1,2ec01e59a62d5d00bd2f07ef83ca7db710b95123,cold_start_nokaslr,ms,lower,265.8
linux-mshv-virtual-machine,2,1,2ec01e59a62d5d00bd2f07ef83ca7db710b95123,cold_start_random_trust_cpu,ms,lower,264.6
linux-mshv-virtual-machine,2,1,2ec01e59a62d5d00bd2f07ef83ca7db710b95123,cold_start_rcu_expedited,ms,lower,265.1
linux-mshv-virtual-machine,2,1,2ec01e59a62d5d00bd2f07ef83ca7db710b95123,cold_start_tsc_reliable,ms,lower,264.8
linux-mshv-virtual-machine,2,1,2ec01e59a62d5d00bd2f07ef83ca7db710b95123,network_snapshot_cold,ms,lower,274.7
linux-mshv-virtual-machine,2,1,2ec01e59a62d5d00bd2f07ef83ca7db710b95123,network_snapshot_restore,ms,lower,40
linux-mshv-virtual-machine,2,1,2ec01e59a62d5d00bd2f07ef83ca7db710b95123,network_snapshot_restore_wall,ms,lower,115
linux-mshv-virtual-machine,2,1,2ec01e59a62d5d00bd2f07ef83ca7db710b95123,openvmm_cold_start,ms,lower,226.8838515
linux-mshv-virtual-machine,2,1,2ec01e59a62d5d00bd2f07ef83ca7db710b95123,openvmm_cold_start_guest_exit_teardown,ms,lower,25.0574115
linux-mshv-virtual-machine,2,1,2ec01e59a62d5d00bd2f07ef83ca7db710b95123,openvmm_cold_start_peak_rss,MiB,lower,78.83203125
linux-mshv-virtual-machine,2,1,2ec01e59a62d5d00bd2f07ef83ca7db710b95123,openvmm_snapshot_generation,ms,lower,4.3888235
linux-mshv-virtual-machine,2,1,2ec01e59a62d5d00bd2f07ef83ca7db710b95123,openvmm_snapshot_generation_peak_rss,MiB,lower,81.421875
linux-mshv-virtual-machine,2,1,2ec01e59a62d5d00bd2f07ef83ca7db710b95123,openvmm_snapshot_restore,ms,lower,32.964342
linux-mshv-virtual-machine,2,1,2ec01e59a62d5d00bd2f07ef83ca7db710b95123,openvmm_snapshot_restore_guest_exit_teardown,ms,lower,7.8636
linux-mshv-virtual-machine,2,1,2ec01e59a62d5d00bd2f07ef83ca7db710b95123,openvmm_snapshot_restore_peak_rss,MiB,lower,59.12890625
linux-mshv-virtual-machine,2,1,2ec01e59a62d5d00bd2f07ef83ca7db710b95123,shell_snapshot_cold_128_mib,ms,lower,267.4
linux-mshv-virtual-machine,2,1,2ec01e59a62d5d00bd2f07ef83ca7db710b95123,shell_snapshot_cold_256_mib,ms,lower,268.6
linux-mshv-virtual-machine,2,1,2ec01e59a62d5d00bd2f07ef83ca7db710b95123,shell_snapshot_cold_512_mib,ms,lower,275.6
linux-mshv-virtual-machine,2,1,2ec01e59a62d5d00bd2f07ef83ca7db710b95123,shell_snapshot_restore_128_mib,ms,lower,31.5
linux-mshv-virtual-machine,2,1,2ec01e59a62d5d00bd2f07ef83ca7db710b95123,shell_snapshot_restore_256_mib,ms,lower,35.1
linux-mshv-virtual-machine,2,1,2ec01e59a62d5d00bd2f07ef83ca7db710b95123,shell_snapshot_restore_512_mib,ms,lower,40.2
linux-mshv-virtual-machine,2,1,2ec01e59a62d5d00bd2f07ef83ca7db710b95123,virtfs_live_read,MB/s,higher,1100
linux-mshv-virtual-machine,2,1,2ec01e59a62d5d00bd2f07ef83ca7db710b95123,virtfs_live_roundtrip,ms,lower,419.4
linux-mshv-virtual-machine,2,1,2ec01e59a62d5d00bd2f07ef83ca7db710b95123,virtfs_live_write,MB/s,higher,858
linux-mshv-virtual-machine,2,1,2ec01e59a62d5d00bd2f07ef83ca7db710b95123,virtio_blk_random_read_iops,ops/s,higher,7242.59918758
linux-mshv-virtual-machine,2,1,2ec01e59a62d5d00bd2f07ef83ca7db710b95123,virtio_blk_random_write_iops,ops/s,higher,7226.72271636
linux-mshv-virtual-machine,2,1,2ec01e59a62d5d00bd2f07ef83ca7db710b95123,virtio_fs_random_read_iops,ops/s,higher,11338.2806294
linux-mshv-virtual-machine,2,1,2ec01e59a62d5d00bd2f07ef83ca7db710b95123,virtio_fs_random_write_iops,ops/s,higher,11372.6586607
linux-mshv-virtual-machine,2,1,2ec01e59a62d5d00bd2f07ef83ca7db710b95123,virtio_net_udp_roundtrip_ops,ops/s,higher,6156.7782258
linux-mshv-virtual-machine,2,1,57eabdc503d6a67f4f476d5c6020e98f3359c752,cold_start_base,ms,lower,264.8
linux-mshv-virtual-machine,2,1,57eabdc503d6a67f4f476d5c6020e98f3359c752,cold_start_clocksource,ms,lower,265.3
linux-mshv-virtual-machine,2,1,57eabdc503d6a67f4f476d5c6020e98f3359c752,cold_start_cryptomgr_notests,ms,lower,264.8
linux-mshv-virtual-machine,2,1,57eabdc503d6a67f4f476d5c6020e98f3359c752,cold_start_mitigations_off,ms,lower,225.5
linux-mshv-virtual-machine,2,1,57eabdc503d6a67f4f476d5c6020e98f3359c752,cold_start_no_timer_check,ms,lower,264.9
linux-mshv-virtual-machine,2,1,57eabdc503d6a67f4f476d5c6020e98f3359c752,cold_start_nokaslr,ms,lower,265.2
linux-mshv-virtual-machine,2,1,57eabdc503d6a67f4f476d5c6020e98f3359c752,cold_start_random_trust_cpu,ms,lower,265.9
linux-mshv-virtual-machine,2,1,57eabdc503d6a67f4f476d5c6020e98f3359c752,cold_start_rcu_expedited,ms,lower,264.7
linux-mshv-virtual-machine,2,1,57eabdc503d6a67f4f476d5c6020e98f3359c752,cold_start_tsc_reliable,ms,lower,264.8
linux-mshv-virtual-machine,2,1,57eabdc503d6a67f4f476d5c6020e98f3359c752,network_snapshot_cold,ms,lower,272.9
linux-mshv-virtual-machine,2,1,57eabdc503d6a67f4f476d5c6020e98f3359c752,network_snapshot_restore,ms,lower,41.2
linux-mshv-virtual-machine,2,1,57eabdc503d6a67f4f476d5c6020e98f3359c752,network_snapshot_restore_wall,ms,lower,131.2
linux-mshv-virtual-machine,2,1,57eabdc503d6a67f4f476d5c6020e98f3359c752,openvmm_cold_start,ms,lower,225.122827
linux-mshv-virtual-machine,2,1,57eabdc503d6a67f4f476d5c6020e98f3359c752,openvmm_cold_start_guest_exit_teardown,ms,lower,47.2691065
linux-mshv-virtual-machine,2,1,57eabdc503d6a67f4f476d5c6020e98f3359c752,openvmm_cold_start_peak_rss,MiB,lower,78.900390625
linux-mshv-virtual-machine,2,1,57eabdc503d6a67f4f476d5c6020e98f3359c752,openvmm_snapshot_generation,ms,lower,4.29411
linux-mshv-virtual-machine,2,1,57eabdc503d6a67f4f476d5c6020e98f3359c752,openvmm_snapshot_generation_peak_rss,MiB,lower,81.509765625
linux-mshv-virtual-machine,2,1,57eabdc503d6a67f4f476d5c6020e98f3359c752,openvmm_snapshot_restore,ms,lower,35.6327195
linux-mshv-virtual-machine,2,1,57eabdc503d6a67f4f476d5c6020e98f3359c752,openvmm_snapshot_restore_guest_exit_teardown,ms,lower,43.5774165
linux-mshv-virtual-machine,2,1,57eabdc503d6a67f4f476d5c6020e98f3359c752,openvmm_snapshot_restore_peak_rss,MiB,lower,59.197265625
linux-mshv-virtual-machine,2,1,57eabdc503d6a67f4f476d5c6020e98f3359c752,shell_snapshot_cold_128_mib,ms,lower,263.9
linux-mshv-virtual-machine,2,1,57eabdc503d6a67f4f476d5c6020e98f3359c752,shell_snapshot_cold_256_mib,ms,lower,265.2
linux-mshv-virtual-machine,2,1,57eabdc503d6a67f4f476d5c6020e98f3359c752,shell_snapshot_cold_512_mib,ms,lower,276.6
linux-mshv-virtual-machine,2,1,57eabdc503d6a67f4f476d5c6020e98f3359c752,shell_snapshot_restore_128_mib,ms,lower,33.9
linux-mshv-virtual-machine,2,1,57eabdc503d6a67f4f476d5c6020e98f3359c752,shell_snapshot_restore_256_mib,ms,lower,37.8
linux-mshv-virtual-machine,2,1,57eabdc503d6a67f4f476d5c6020e98f3359c752,shell_snapshot_restore_512_mib,ms,lower,45.9
linux-mshv-virtual-machine,2,1,57eabdc503d6a67f4f476d5c6020e98f3359c752,virtfs_live_read,MB/s,higher,1100
linux-mshv-virtual-machine,2,1,57eabdc503d6a67f4f476d5c6020e98f3359c752,virtfs_live_roundtrip,ms,lower,431.5
linux-mshv-virtual-machine,2,1,57eabdc503d6a67f4f476d5c6020e98f3359c752,virtfs_live_write,MB/s,higher,854.5
linux-mshv-virtual-machine,2,1,57eabdc503d6a67f4f476d5c6020e98f3359c752,virtio_blk_random_read_iops,ops/s,higher,7197.8315614
linux-mshv-virtual-machine,2,1,57eabdc503d6a67f4f476d5c6020e98f3359c752,virtio_blk_random_write_iops,ops/s,higher,7469.15418458
linux-mshv-virtual-machine,2,1,57eabdc503d6a67f4f476d5c6020e98f3359c752,virtio_fs_random_read_iops,ops/s,higher,10748.1638187
linux-mshv-virtual-machine,2,1,57eabdc503d6a67f4f476d5c6020e98f3359c752,virtio_fs_random_write_iops,ops/s,higher,10882.7255043
linux-mshv-virtual-machine,2,1,57eabdc503d6a67f4f476d5c6020e98f3359c752,virtio_net_udp_roundtrip_ops,ops/s,higher,5632.67945809
linux-mshv-virtual-machine,2,1,5ee897884eaf3217b21649e49b78d6b07a18fff7,cold_start_base,ms,lower,268.5
linux-mshv-virtual-machine,2,1,5ee897884eaf3217b21649e49b78d6b07a18fff7,cold_start_clocksource,ms,lower,269.5
linux-mshv-virtual-machine,2,1,5ee897884eaf3217b21649e49b78d6b07a18fff7,cold_start_cryptomgr_notests,ms,lower,269
linux-mshv-virtual-machine,2,1,5ee897884eaf3217b21649e49b78d6b07a18fff7,cold_start_mitigations_off,ms,lower,228.3
linux-mshv-virtual-machine,2,1,5ee897884eaf3217b21649e49b78d6b07a18fff7,cold_start_no_timer_check,ms,lower,268.5
linux-mshv-virtual-machine,2,1,5ee897884eaf3217b21649e49b78d6b07a18fff7,cold_start_nokaslr,ms,lower,268.2
linux-mshv-virtual-machine,2,1,5ee897884eaf3217b21649e49b78d6b07a18fff7,cold_start_random_trust_cpu,ms,lower,268.6
linux-mshv-virtual-machine,2,1,5ee897884eaf3217b21649e49b78d6b07a18fff7,cold_start_rcu_expedited,ms,lower,269.9
linux-mshv-virtual-machine,2,1,5ee897884eaf3217b21649e49b78d6b07a18fff7,cold_start_tsc_reliable,ms,lower,268.8
linux-mshv-virtual-machine,2,1,5ee897884eaf3217b21649e49b78d6b07a18fff7,network_snapshot_cold,ms,lower,277.8
linux-mshv-virtual-machine,2,1,5ee897884eaf3217b21649e49b78d6b07a18fff7,network_snapshot_restore,ms,lower,41.8
linux-mshv-virtual-machine,2,1,5ee897884eaf3217b21649e49b78d6b07a18fff7,network_snapshot_restore_wall,ms,lower,129.3
linux-mshv-virtual-machine,2,1,5ee897884eaf3217b21649e49b78d6b07a18fff7,openvmm_cold_start,ms,lower,229.2053315
linux-mshv-virtual-machine,2,1,5ee897884eaf3217b21649e49b78d6b07a18fff7,openvmm_cold_start_guest_exit_teardown,ms,lower,43.7169105
linux-mshv-virtual-machine,2,1,5ee897884eaf3217b21649e49b78d6b07a18fff7,openvmm_cold_start_peak_rss,MiB,lower,78.89453125
linux-mshv-virtual-machine,2,1,5ee897884eaf3217b21649e49b78d6b07a18fff7,openvmm_snapshot_generation,ms,lower,5.1434655
linux-mshv-virtual-machine,2,1,5ee897884eaf3217b21649e49b78d6b07a18fff7,openvmm_snapshot_generation_peak_rss,MiB,lower,81.517578125
linux-mshv-virtual-machine,2,1,5ee897884eaf3217b21649e49b78d6b07a18fff7,openvmm_snapshot_restore,ms,lower,34.6249715
linux-mshv-virtual-machine,2,1,5ee897884eaf3217b21649e49b78d6b07a18fff7,openvmm_snapshot_restore_guest_exit_teardown,ms,lower,36.25606
linux-mshv-virtual-machine,2,1,5ee897884eaf3217b21649e49b78d6b07a18fff7,openvmm_snapshot_restore_peak_rss,MiB,lower,59.123046875
linux-mshv-virtual-machine,2,1,5ee897884eaf3217b21649e49b78d6b07a18fff7,shell_snapshot_cold_128_mib,ms,lower,268.6
linux-mshv-virtual-machine,2,1,5ee897884eaf3217b21649e49b78d6b07a18fff7,shell_snapshot_cold_256_mib,ms,lower,271.6
linux-mshv-virtual-machine,2,1,5ee897884eaf3217b21649e49b78d6b07a18fff7,shell_snapshot_cold_512_mib,ms,lower,281.4
linux-mshv-virtual-machine,2,1,5ee897884eaf3217b21649e49b78d6b07a18fff7,shell_snapshot_restore_128_mib,ms,lower,34
linux-mshv-virtual-machine,2,1,5ee897884eaf3217b21649e49b78d6b07a18fff7,shell_snapshot_restore_256_mib,ms,lower,37.5
linux-mshv-virtual-machine,2,1,5ee897884eaf3217b21649e49b78d6b07a18fff7,shell_snapshot_restore_512_mib,ms,lower,45.9
linux-mshv-virtual-machine,2,1,5ee897884eaf3217b21649e49b78d6b07a18fff7,virtfs_live_read,MB/s,higher,1100
linux-mshv-virtual-machine,2,1,5ee897884eaf3217b21649e49b78d6b07a18fff7,virtfs_live_roundtrip,ms,lower,433.3
linux-mshv-virtual-machine,2,1,5ee897884eaf3217b21649e49b78d6b07a18fff7,virtfs_live_write,MB/s,higher,858.5
linux-mshv-virtual-machine,2,1,5ee897884eaf3217b21649e49b78d6b07a18fff7,virtio_blk_random_read_iops,ops/s,higher,7271.70286932
linux-mshv-virtual-machine,2,1,5ee897884eaf3217b21649e49b78d6b07a18fff7,virtio_blk_random_write_iops,ops/s,higher,7239.41068099
linux-mshv-virtual-machine,2,1,5ee897884eaf3217b21649e49b78d6b07a18fff7,virtio_fs_random_read_iops,ops/s,higher,11666.7158817
linux-mshv-virtual-machine,2,1,5ee897884eaf3217b21649e49b78d6b07a18fff7,virtio_fs_random_write_iops,ops/s,higher,11261.2194969
linux-mshv-virtual-machine,2,1,5ee897884eaf3217b21649e49b78d6b07a18fff7,virtio_net_udp_roundtrip_ops,ops/s,higher,5857.82683643
linux-mshv-virtual-machine,2,1,c0f099d0ca91dc482d991d86dda3ea69c57b35ac,cold_start_base,ms,lower,267
linux-mshv-virtual-machine,2,1,c0f099d0ca91dc482d991d86dda3ea69c57b35ac,cold_start_clocksource,ms,lower,268.5
linux-mshv-virtual-machine,2,1,c0f099d0ca91dc482d991d86dda3ea69c57b35ac,cold_start_cryptomgr_notests,ms,lower,269.6
linux-mshv-virtual-machine,2,1,c0f099d0ca91dc482d991d86dda3ea69c57b35ac,cold_start_mitigations_off,ms,lower,228.1
linux-mshv-virtual-machine,2,1,c0f099d0ca91dc482d991d86dda3ea69c57b35ac,cold_start_no_timer_check,ms,lower,267.2
linux-mshv-virtual-machine,2,1,c0f099d0ca91dc482d991d86dda3ea69c57b35ac,cold_start_nokaslr,ms,lower,268.9
linux-mshv-virtual-machine,2,1,c0f099d0ca91dc482d991d86dda3ea69c57b35ac,cold_start_random_trust_cpu,ms,lower,267.9
linux-mshv-virtual-machine,2,1,c0f099d0ca91dc482d991d86dda3ea69c57b35ac,cold_start_rcu_expedited,ms,lower,268.2
linux-mshv-virtual-machine,2,1,c0f099d0ca91dc482d991d86dda3ea69c57b35ac,cold_start_tsc_reliable,ms,lower,269.2
linux-mshv-virtual-machine,2,1,c0f099d0ca91dc482d991d86dda3ea69c57b35ac,network_snapshot_cold,ms,lower,278.9
linux-mshv-virtual-machine,2,1,c0f099d0ca91dc482d991d86dda3ea69c57b35ac,network_snapshot_restore,ms,lower,43.3
linux-mshv-virtual-machine,2,1,c0f099d0ca91dc482d991d86dda3ea69c57b35ac,network_snapshot_restore_wall,ms,lower,115.1
linux-mshv-virtual-machine,2,1,c0f099d0ca91dc482d991d86dda3ea69c57b35ac,openvmm_cold_start,ms,lower,229.2970645
linux-mshv-virtual-machine,2,1,c0f099d0ca91dc482d991d86dda3ea69c57b35ac,openvmm_cold_start_guest_exit_teardown,ms,lower,24.6394395
linux-mshv-virtual-machine,2,1,c0f099d0ca91dc482d991d86dda3ea69c57b35ac,openvmm_cold_start_peak_rss,MiB,lower,78.96484375
linux-mshv-virtual-machine,2,1,c0f099d0ca91dc482d991d86dda3ea69c57b35ac,openvmm_snapshot_generation,ms,lower,4.747503
linux-mshv-virtual-machine,2,1,c0f099d0ca91dc482d991d86dda3ea69c57b35ac,openvmm_snapshot_generation_peak_rss,MiB,lower,81.572265625
linux-mshv-virtual-machine,2,1,c0f099d0ca91dc482d991d86dda3ea69c57b35ac,openvmm_snapshot_restore,ms,lower,35.6254665
linux-mshv-virtual-machine,2,1,c0f099d0ca91dc482d991d86dda3ea69c57b35ac,openvmm_snapshot_restore_guest_exit_teardown,ms,lower,8.4451655
linux-mshv-virtual-machine,2,1,c0f099d0ca91dc482d991d86dda3ea69c57b35ac,openvmm_snapshot_restore_peak_rss,MiB,lower,59.2578125
linux-mshv-virtual-machine,2,1,c0f099d0ca91dc482d991d86dda3ea69c57b35ac,shell_snapshot_cold_128_mib,ms,lower,269.4
linux-mshv-virtual-machine,2,1,c0f099d0ca91dc482d991d86dda3ea69c57b35ac,shell_snapshot_cold_256_mib,ms,lower,273.7
linux-mshv-virtual-machine,2,1,c0f099d0ca91dc482d991d86dda3ea69c57b35ac,shell_snapshot_cold_512_mib,ms,lower,281.1
linux-mshv-virtual-machine,2,1,c0f099d0ca91dc482d991d86dda3ea69c57b35ac,shell_snapshot_restore_128_mib,ms,lower,35.8
linux-mshv-virtual-machine,2,1,c0f099d0ca91dc482d991d86dda3ea69c57b35ac,shell_snapshot_restore_256_mib,ms,lower,40.8
linux-mshv-virtual-machine,2,1,c0f099d0ca91dc482d991d86dda3ea69c57b35ac,shell_snapshot_restore_512_mib,ms,lower,44.1
linux-mshv-virtual-machine,2,1,c0f099d0ca91dc482d991d86dda3ea69c57b35ac,virtfs_live_read,MB/s,higher,1100
linux-mshv-virtual-machine,2,1,c0f099d0ca91dc482d991d86dda3ea69c57b35ac,virtfs_live_roundtrip,ms,lower,429.5
linux-mshv-virtual-machine,2,1,c0f099d0ca91dc482d991d86dda3ea69c57b35ac,virtfs_live_write,MB/s,higher,834
linux-mshv-virtual-machine,2,1,c0f099d0ca91dc482d991d86dda3ea69c57b35ac,virtio_blk_random_read_iops,ops/s,higher,7308.0504716
linux-mshv-virtual-machine,2,1,c0f099d0ca91dc482d991d86dda3ea69c57b35ac,virtio_blk_random_write_iops,ops/s,higher,7099.42030625
linux-mshv-virtual-machine,2,1,c0f099d0ca91dc482d991d86dda3ea69c57b35ac,virtio_fs_random_read_iops,ops/s,higher,11230.2203886
linux-mshv-virtual-machine,2,1,c0f099d0ca91dc482d991d86dda3ea69c57b35ac,virtio_fs_random_write_iops,ops/s,higher,10953.3422159
linux-mshv-virtual-machine,2,1,c0f099d0ca91dc482d991d86dda3ea69c57b35ac,virtio_net_udp_roundtrip_ops,ops/s,higher,5893.25839711
linux-mshv-virtual-machine,2,1,be859aa77ffa7a20f9ef50f68c5386acdfca9955,cold_start_base,ms,lower,262.3
linux-mshv-virtual-machine,2,1,be859aa77ffa7a20f9ef50f68c5386acdfca9955,cold_start_clocksource,ms,lower,261.5
linux-mshv-virtual-machine,2,1,be859aa77ffa7a20f9ef50f68c5386acdfca9955,cold_start_cryptomgr_notests,ms,lower,262.5
linux-mshv-virtual-machine,2,1,be859aa77ffa7a20f9ef50f68c5386acdfca9955,cold_start_mitigations_off,ms,lower,223.2
linux-mshv-virtual-machine,2,1,be859aa77ffa7a20f9ef50f68c5386acdfca9955,cold_start_no_timer_check,ms,lower,262.3
linux-mshv-virtual-machine,2,1,be859aa77ffa7a20f9ef50f68c5386acdfca9955,cold_start_nokaslr,ms,lower,263.6
linux-mshv-virtual-machine,2,1,be859aa77ffa7a20f9ef50f68c5386acdfca9955,cold_start_random_trust_cpu,ms,lower,262.6
linux-mshv-virtual-machine,2,1,be859aa77ffa7a20f9ef50f68c5386acdfca9955,cold_start_rcu_expedited,ms,lower,262.6
linux-mshv-virtual-machine,2,1,be859aa77ffa7a20f9ef50f68c5386acdfca9955,cold_start_tsc_reliable,ms,lower,262.4
linux-mshv-virtual-machine,2,1,be859aa77ffa7a20f9ef50f68c5386acdfca9955,network_snapshot_cold,ms,lower,272.2
linux-mshv-virtual-machine,2,1,be859aa77ffa7a20f9ef50f68c5386acdfca9955,network_snapshot_restore,ms,lower,43.1
linux-mshv-virtual-machine,2,1,be859aa77ffa7a20f9ef50f68c5386acdfca9955,network_snapshot_restore_wall,ms,lower,111.2
linux-mshv-virtual-machine,2,1,be859aa77ffa7a20f9ef50f68c5386acdfca9955,openvmm_cold_start,ms,lower,223.7216785
linux-mshv-virtual-machine,2,1,be859aa77ffa7a20f9ef50f68c5386acdfca9955,openvmm_cold_start_guest_exit_teardown,ms,lower,24.1254955
linux-mshv-virtual-machine,2,1,be859aa77ffa7a20f9ef50f68c5386acdfca9955,openvmm_cold_start_peak_rss,MiB,lower,79.2890625
linux-mshv-virtual-machine,2,1,be859aa77ffa7a20f9ef50f68c5386acdfca9955,openvmm_snapshot_generation,ms,lower,4.2672125
linux-mshv-virtual-machine,2,1,be859aa77ffa7a20f9ef50f68c5386acdfca9955,openvmm_snapshot_generation_peak_rss,MiB,lower,81.943359375
linux-mshv-virtual-machine,2,1,be859aa77ffa7a20f9ef50f68c5386acdfca9955,openvmm_snapshot_restore,ms,lower,34.696018
linux-mshv-virtual-machine,2,1,be859aa77ffa7a20f9ef50f68c5386acdfca9955,openvmm_snapshot_restore_guest_exit_teardown,ms,lower,7.899697
linux-mshv-virtual-machine,2,1,be859aa77ffa7a20f9ef50f68c5386acdfca9955,openvmm_snapshot_restore_peak_rss,MiB,lower,57.51171875
linux-mshv-virtual-machine,2,1,be859aa77ffa7a20f9ef50f68c5386acdfca9955,shell_snapshot_cold_128_mib,ms,lower,263
linux-mshv-virtual-machine,2,1,be859aa77ffa7a20f9ef50f68c5386acdfca9955,shell_snapshot_cold_256_mib,ms,lower,267.5
linux-mshv-virtual-machine,2,1,be859aa77ffa7a20f9ef50f68c5386acdfca9955,shell_snapshot_cold_512_mib,ms,lower,275.3
linux-mshv-virtual-machine,2,1,be859aa77ffa7a20f9ef50f68c5386acdfca9955,shell_snapshot_restore_128_mib,ms,lower,34.8
linux-mshv-virtual-machine,2,1,be859aa77ffa7a20f9ef50f68c5386acdfca9955,shell_snapshot_restore_256_mib,ms,lower,39.2
linux-mshv-virtual-machine,2,1,be859aa77ffa7a20f9ef50f68c5386acdfca9955,shell_snapshot_restore_512_mib,ms,lower,41.4
linux-mshv-virtual-machine,2,1,be859aa77ffa7a20f9ef50f68c5386acdfca9955,virtfs_live_read,MB/s,higher,1100
linux-mshv-virtual-machine,2,1,be859aa77ffa7a20f9ef50f68c5386acdfca9955,virtfs_live_roundtrip,ms,lower,411.3
linux-mshv-virtual-machine,2,1,be859aa77ffa7a20f9ef50f68c5386acdfca9955,virtfs_live_write,MB/s,higher,852.1
linux-mshv-virtual-machine,2,1,be859aa77ffa7a20f9ef50f68c5386acdfca9955,virtio_blk_random_read_iops,ops/s,higher,7603.27480453
linux-mshv-virtual-machine,2,1,be859aa77ffa7a20f9ef50f68c5386acdfca9955,virtio_blk_random_write_iops,ops/s,higher,7568.85229666
linux-mshv-virtual-machine,2,1,be859aa77ffa7a20f9ef50f68c5386acdfca9955,virtio_fs_random_read_iops,ops/s,higher,11349.6681014
linux-mshv-virtual-machine,2,1,be859aa77ffa7a20f9ef50f68c5386acdfca9955,virtio_fs_random_write_iops,ops/s,higher,10937.9097278
linux-mshv-virtual-machine,2,1,be859aa77ffa7a20f9ef50f68c5386acdfca9955,virtio_net_udp_roundtrip_ops,ops/s,higher,6025.40089525
linux-mshv-virtual-machine,2,1,8e1b611525adbd8a069dc6c8c59a277b0de55c17,cold_start_base,ms,lower,268.7
linux-mshv-virtual-machine,2,1,8e1b611525adbd8a069dc6c8c59a277b0de55c17,cold_start_clocksource,ms,lower,269.2
linux-mshv-virtual-machine,2,1,8e1b611525adbd8a069dc6c8c59a277b0de55c17,cold_start_cryptomgr_notests,ms,lower,270
linux-mshv-virtual-machine,2,1,8e1b611525adbd8a069dc6c8c59a277b0de55c17,cold_start_mitigations_off,ms,lower,230.7
linux-mshv-virtual-machine,2,1,8e1b611525adbd8a069dc6c8c59a277b0de55c17,cold_start_no_timer_check,ms,lower,270.6
linux-mshv-virtual-machine,2,1,8e1b611525adbd8a069dc6c8c59a277b0de55c17,cold_start_nokaslr,ms,lower,270.6
linux-mshv-virtual-machine,2,1,8e1b611525adbd8a069dc6c8c59a277b0de55c17,cold_start_random_trust_cpu,ms,lower,269.6
linux-mshv-virtual-machine,2,1,8e1b611525adbd8a069dc6c8c59a277b0de55c17,cold_start_rcu_expedited,ms,lower,270.4
linux-mshv-virtual-machine,2,1,8e1b611525adbd8a069dc6c8c59a277b0de55c17,cold_start_tsc_reliable,ms,lower,269.2
linux-mshv-virtual-machine,2,1,8e1b611525adbd8a069dc6c8c59a277b0de55c17,network_snapshot_cold,ms,lower,279.1
linux-mshv-virtual-machine,2,1,8e1b611525adbd8a069dc6c8c59a277b0de55c17,network_snapshot_restore,ms,lower,45.3
linux-mshv-virtual-machine,2,1,8e1b611525adbd8a069dc6c8c59a277b0de55c17,network_snapshot_restore_wall,ms,lower,132.9
linux-mshv-virtual-machine,2,1,8e1b611525adbd8a069dc6c8c59a277b0de55c17,openvmm_cold_start,ms,lower,232.411644
linux-mshv-virtual-machine,2,1,8e1b611525adbd8a069dc6c8c59a277b0de55c17,openvmm_cold_start_guest_exit_teardown,ms,lower,24.4054285
linux-mshv-virtual-machine,2,1,8e1b611525adbd8a069dc6c8c59a277b0de55c17,openvmm_cold_start_peak_rss,MiB,lower,79.2890625
linux-mshv-virtual-machine,2,1,8e1b611525adbd8a069dc6c8c59a277b0de55c17,openvmm_snapshot_generation,ms,lower,4.629308
linux-mshv-virtual-machine,2,1,8e1b611525adbd8a069dc6c8c59a277b0de55c17,openvmm_snapshot_generation_peak_rss,MiB,lower,82.03515625
linux-mshv-virtual-machine,2,1,8e1b611525adbd8a069dc6c8c59a277b0de55c17,openvmm_snapshot_restore,ms,lower,37.6752585
linux-mshv-virtual-machine,2,1,8e1b611525adbd8a069dc6c8c59a277b0de55c17,openvmm_snapshot_restore_guest_exit_teardown,ms,lower,8.9796185
linux-mshv-virtual-machine,2,1,8e1b611525adbd8a069dc6c8c59a277b0de55c17,openvmm_snapshot_restore_peak_rss,MiB,lower,59.51171875
linux-mshv-virtual-machine,2,1,8e1b611525adbd8a069dc6c8c59a277b0de55c17,shell_snapshot_cold_128_mib,ms,lower,270.9
linux-mshv-virtual-machine,2,1,8e1b611525adbd8a069dc6c8c59a277b0de55c17,shell_snapshot_cold_256_mib,ms,lower,275.1
linux-mshv-virtual-machine,2,1,8e1b611525adbd8a069dc6c8c59a277b0de55c17,shell_snapshot_cold_512_mib,ms,lower,282.6
linux-mshv-virtual-machine,2,1,8e1b611525adbd8a069dc6c8c59a277b0de55c17,shell_snapshot_restore_128_mib,ms,lower,36.9
linux-mshv-virtual-machine,2,1,8e1b611525adbd8a069dc6c8c59a277b0de55c17,shell_snapshot_restore_256_mib,ms,lower,41.7
linux-mshv-virtual-machine,2,1,8e1b611525adbd8a069dc6c8c59a277b0de55c17,shell_snapshot_restore_512_mib,ms,lower,43.9
linux-mshv-virtual-machine,2,1,8e1b611525adbd8a069dc6c8c59a277b0de55c17,virtfs_live_read,MB/s,higher,1100
linux-mshv-virtual-machine,2,1,8e1b611525adbd8a069dc6c8c59a277b0de55c17,virtfs_live_roundtrip,ms,lower,447
linux-mshv-virtual-machine,2,1,8e1b611525adbd8a069dc6c8c59a277b0de55c17,virtfs_live_write,MB/s,higher,828.6
linux-mshv-virtual-machine,2,1,8e1b611525adbd8a069dc6c8c59a277b0de55c17,virtio_blk_random_read_iops,ops/s,higher,7103.9622286
linux-mshv-virtual-machine,2,1,8e1b611525adbd8a069dc6c8c59a277b0de55c17,virtio_blk_random_write_iops,ops/s,higher,7160.96671846
linux-mshv-virtual-machine,2,1,8e1b611525adbd8a069dc6c8c59a277b0de55c17,virtio_fs_random_read_iops,ops/s,higher,11019.370979
linux-mshv-virtual-machine,2,1,8e1b611525adbd8a069dc6c8c59a277b0de55c17,virtio_fs_random_write_iops,ops/s,higher,11529.4116946
linux-mshv-virtual-machine,2,1,8e1b611525adbd8a069dc6c8c59a277b0de55c17,virtio_net_udp_roundtrip_ops,ops/s,higher,5732.98292155
linux-mshv-virtual-machine,2,1,b1b5c5bce9b47240b6cd56f98a6540a4ff5341f9,cold_start_base,ms,lower,270.6
linux-mshv-virtual-machine,2,1,b1b5c5bce9b47240b6cd56f98a6540a4ff5341f9,cold_start_clocksource,ms,lower,271.9
linux-mshv-virtual-machine,2,1,b1b5c5bce9b47240b6cd56f98a6540a4ff5341f9,cold_start_cryptomgr_notests,ms,lower,273.1
linux-mshv-virtual-machine,2,1,b1b5c5bce9b47240b6cd56f98a6540a4ff5341f9,cold_start_mitigations_off,ms,lower,231.3
linux-mshv-virtual-machine,2,1,b1b5c5bce9b47240b6cd56f98a6540a4ff5341f9,cold_start_no_timer_check,ms,lower,271.5
linux-mshv-virtual-machine,2,1,b1b5c5bce9b47240b6cd56f98a6540a4ff5341f9,cold_start_nokaslr,ms,lower,269.9
linux-mshv-virtual-machine,2,1,b1b5c5bce9b47240b6cd56f98a6540a4ff5341f9,cold_start_random_trust_cpu,ms,lower,271.1
linux-mshv-virtual-machine,2,1,b1b5c5bce9b47240b6cd56f98a6540a4ff5341f9,cold_start_rcu_expedited,ms,lower,270.6
linux-mshv-virtual-machine,2,1,b1b5c5bce9b47240b6cd56f98a6540a4ff5341f9,cold_start_tsc_reliable,ms,lower,270.5
linux-mshv-virtual-machine,2,1,b1b5c5bce9b47240b6cd56f98a6540a4ff5341f9,network_snapshot_cold,ms,lower,281
linux-mshv-virtual-machine,2,1,b1b5c5bce9b47240b6cd56f98a6540a4ff5341f9,network_snapshot_restore,ms,lower,45.1
linux-mshv-virtual-machine,2,1,b1b5c5bce9b47240b6cd56f98a6540a4ff5341f9,network_snapshot_restore_wall,ms,lower,123.2
linux-mshv-virtual-machine,2,1,b1b5c5bce9b47240b6cd56f98a6540a4ff5341f9,openvmm_cold_start,ms,lower,233.972378
linux-mshv-virtual-machine,2,1,b1b5c5bce9b47240b6cd56f98a6540a4ff5341f9,openvmm_cold_start_guest_exit_teardown,ms,lower,26.4989825
linux-mshv-virtual-machine,2,1,b1b5c5bce9b47240b6cd56f98a6540a4ff5341f9,openvmm_cold_start_peak_rss,MiB,lower,79.0859375
linux-mshv-virtual-machine,2,1,b1b5c5bce9b47240b6cd56f98a6540a4ff5341f9,openvmm_snapshot_generation,ms,lower,4.5547215
linux-mshv-virtual-machine,2,1,b1b5c5bce9b47240b6cd56f98a6540a4ff5341f9,openvmm_snapshot_generation_peak_rss,MiB,lower,81.7421875
linux-mshv-virtual-machine,2,1,b1b5c5bce9b47240b6cd56f98a6540a4ff5341f9,openvmm_snapshot_restore,ms,lower,37.575012
linux-mshv-virtual-machine,2,1,b1b5c5bce9b47240b6cd56f98a6540a4ff5341f9,openvmm_snapshot_restore_guest_exit_teardown,ms,lower,8.854144
linux-mshv-virtual-machine,2,1,b1b5c5bce9b47240b6cd56f98a6540a4ff5341f9,openvmm_snapshot_restore_peak_rss,MiB,lower,59.30078125
linux-mshv-virtual-machine,2,1,b1b5c5bce9b47240b6cd56f98a6540a4ff5341f9,shell_snapshot_cold_128_mib,ms,lower,275.3
linux-mshv-virtual-machine,2,1,b1b5c5bce9b47240b6cd56f98a6540a4ff5341f9,shell_snapshot_cold_256_mib,ms,lower,276.3
linux-mshv-virtual-machine,2,1,b1b5c5bce9b47240b6cd56f98a6540a4ff5341f9,shell_snapshot_cold_512_mib,ms,lower,286.7
linux-mshv-virtual-machine,2,1,b1b5c5bce9b47240b6cd56f98a6540a4ff5341f9,shell_snapshot_restore_128_mib,ms,lower,38.2
linux-mshv-virtual-machine,2,1,b1b5c5bce9b47240b6cd56f98a6540a4ff5341f9,shell_snapshot_restore_256_mib,ms,lower,42.5
linux-mshv-virtual-machine,2,1,b1b5c5bce9b47240b6cd56f98a6540a4ff5341f9,shell_snapshot_restore_512_mib,ms,lower,46.7
linux-mshv-virtual-machine,2,1,b1b5c5bce9b47240b6cd56f98a6540a4ff5341f9,virtfs_live_read,MB/s,higher,1000
linux-mshv-virtual-machine,2,1,b1b5c5bce9b47240b6cd56f98a6540a4ff5341f9,virtfs_live_roundtrip,ms,lower,431.1
linux-mshv-virtual-machine,2,1,b1b5c5bce9b47240b6cd56f98a6540a4ff5341f9,virtfs_live_write,MB/s,higher,790
linux-mshv-virtual-machine,2,1,b1b5c5bce9b47240b6cd56f98a6540a4ff5341f9,virtio_blk_random_read_iops,ops/s,higher,6809.62006351
linux-mshv-virtual-machine,2,1,b1b5c5bce9b47240b6cd56f98a6540a4ff5341f9,virtio_blk_random_write_iops,ops/s,higher,6712.35484504
linux-mshv-virtual-machine,2,1,b1b5c5bce9b47240b6cd56f98a6540a4ff5341f9,virtio_fs_random_read_iops,ops/s,higher,10516.7712531
linux-mshv-virtual-machine,2,1,b1b5c5bce9b47240b6cd56f98a6540a4ff5341f9,virtio_fs_random_write_iops,ops/s,higher,10756.5009418
linux-mshv-virtual-machine,2,1,b1b5c5bce9b47240b6cd56f98a6540a4ff5341f9,virtio_net_udp_roundtrip_ops,ops/s,higher,5049.62482011
linux-mshv-virtual-machine,2,1,d9a729dc3ce591fa3b47c9c50e6c71b58e0eb662,cold_start_base,ms,lower,268.2
linux-mshv-virtual-machine,2,1,d9a729dc3ce591fa3b47c9c50e6c71b58e0eb662,cold_start_clocksource,ms,lower,266.4
linux-mshv-virtual-machine,2,1,d9a729dc3ce591fa3b47c9c50e6c71b58e0eb662,cold_start_cryptomgr_notests,ms,lower,266.8
linux-mshv-virtual-machine,2,1,d9a729dc3ce591fa3b47c9c50e6c71b58e0eb662,cold_start_mitigations_off,ms,lower,227.9
linux-mshv-virtual-machine,2,1,d9a729dc3ce591fa3b47c9c50e6c71b58e0eb662,cold_start_no_timer_check,ms,lower,267.3
linux-mshv-virtual-machine,2,1,d9a729dc3ce591fa3b47c9c50e6c71b58e0eb662,cold_start_nokaslr,ms,lower,267
linux-mshv-virtual-machine,2,1,d9a729dc3ce591fa3b47c9c50e6c71b58e0eb662,cold_start_random_trust_cpu,ms,lower,269.5
linux-mshv-virtual-machine,2,1,d9a729dc3ce591fa3b47c9c50e6c71b58e0eb662,cold_start_rcu_expedited,ms,lower,267.5
linux-mshv-virtual-machine,2,1,d9a729dc3ce591fa3b47c9c50e6c71b58e0eb662,cold_start_tsc_reliable,ms,lower,268.1
linux-mshv-virtual-machine,2,1,d9a729dc3ce591fa3b47c9c50e6c71b58e0eb662,network_snapshot_cold,ms,lower,285
linux-mshv-virtual-machine,2,1,d9a729dc3ce591fa3b47c9c50e6c71b58e0eb662,network_snapshot_restore,ms,lower,45.9
linux-mshv-virtual-machine,2,1,d9a729dc3ce591fa3b47c9c50e6c71b58e0eb662,network_snapshot_restore_wall,ms,lower,147.2
linux-mshv-virtual-machine,2,1,d9a729dc3ce591fa3b47c9c50e6c71b58e0eb662,openvmm_cold_start,ms,lower,230.7836175
linux-mshv-virtual-machine,2,1,d9a729dc3ce591fa3b47c9c50e6c71b58e0eb662,openvmm_cold_start_guest_exit_teardown,ms,lower,25.0809715
linux-mshv-virtual-machine,2,1,d9a729dc3ce591fa3b47c9c50e6c71b58e0eb662,openvmm_cold_start_peak_rss,MiB,lower,79.08203125
linux-mshv-virtual-machine,2,1,d9a729dc3ce591fa3b47c9c50e6c71b58e0eb662,openvmm_snapshot_generation,ms,lower,4.7408735
linux-mshv-virtual-machine,2,1,d9a729dc3ce591fa3b47c9c50e6c71b58e0eb662,openvmm_snapshot_generation_peak_rss,MiB,lower,81.78125
linux-mshv-virtual-machine,2,1,d9a729dc3ce591fa3b47c9c50e6c71b58e0eb662,openvmm_snapshot_restore,ms,lower,36.211591
linux-mshv-virtual-machine,2,1,d9a729dc3ce591fa3b47c9c50e6c71b58e0eb662,openvmm_snapshot_restore_guest_exit_teardown,ms,lower,8.4560395
linux-mshv-virtual-machine,2,1,d9a729dc3ce591fa3b47c9c50e6c71b58e0eb662,openvmm_snapshot_restore_peak_rss,MiB,lower,59.298828125
linux-mshv-virtual-machine,2,1,d9a729dc3ce591fa3b47c9c50e6c71b58e0eb662,shell_snapshot_cold_128_mib,ms,lower,267.3
linux-mshv-virtual-machine,2,1,d9a729dc3ce591fa3b47c9c50e6c71b58e0eb662,shell_snapshot_cold_256_mib,ms,lower,272.4
linux-mshv-virtual-machine,2,1,d9a729dc3ce591fa3b47c9c50e6c71b58e0eb662,shell_snapshot_cold_512_mib,ms,lower,282
linux-mshv-virtual-machine,2,1,d9a729dc3ce591fa3b47c9c50e6c71b58e0eb662,shell_snapshot_restore_128_mib,ms,lower,35
linux-mshv-virtual-machine,2,1,d9a729dc3ce591fa3b47c9c50e6c71b58e0eb662,shell_snapshot_restore_256_mib,ms,lower,42
linux-mshv-virtual-machine,2,1,d9a729dc3ce591fa3b47c9c50e6c71b58e0eb662,shell_snapshot_restore_512_mib,ms,lower,46.6
linux-mshv-virtual-machine,2,1,d9a729dc3ce591fa3b47c9c50e6c71b58e0eb662,virtfs_live_read,MB/s,higher,1056.1
linux-mshv-virtual-machine,2,1,d9a729dc3ce591fa3b47c9c50e6c71b58e0eb662,virtfs_live_roundtrip,ms,lower,439.4
linux-mshv-virtual-machine,2,1,d9a729dc3ce591fa3b47c9c50e6c71b58e0eb662,virtfs_live_write,MB/s,higher,838.6
linux-mshv-virtual-machine,2,1,d9a729dc3ce591fa3b47c9c50e6c71b58e0eb662,virtio_blk_random_read_iops,ops/s,higher,7373.43499294
linux-mshv-virtual-machine,2,1,d9a729dc3ce591fa3b47c9c50e6c71b58e0eb662,virtio_blk_random_write_iops,ops/s,higher,7536.64414325
linux-mshv-virtual-machine,2,1,d9a729dc3ce591fa3b47c9c50e6c71b58e0eb662,virtio_fs_random_read_iops,ops/s,higher,11006.0703806
linux-mshv-virtual-machine,2,1,d9a729dc3ce591fa3b47c9c50e6c71b58e0eb662,virtio_fs_random_write_iops,ops/s,higher,10509.6565459
linux-mshv-virtual-machine,2,1,d9a729dc3ce591fa3b47c9c50e6c71b58e0eb662,virtio_net_udp_roundtrip_ops,ops/s,higher,5857.26733214
linux-mshv-virtual-machine,2,1,96978ea9902f53bbfa9e452d87bd625e172da4d7,cold_start_base,ms,lower,267.7
linux-mshv-virtual-machine,2,1,96978ea9902f53bbfa9e452d87bd625e172da4d7,cold_start_clocksource,ms,lower,267.8
linux-mshv-virtual-machine,2,1,96978ea9902f53bbfa9e452d87bd625e172da4d7,cold_start_cryptomgr_notests,ms,lower,267.3
linux-mshv-virtual-machine,2,1,96978ea9902f53bbfa9e452d87bd625e172da4d7,cold_start_mitigations_off,ms,lower,227.4
linux-mshv-virtual-machine,2,1,96978ea9902f53bbfa9e452d87bd625e172da4d7,cold_start_no_timer_check,ms,lower,268.4
linux-mshv-virtual-machine,2,1,96978ea9902f53bbfa9e452d87bd625e172da4d7,cold_start_nokaslr,ms,lower,267
linux-mshv-virtual-machine,2,1,96978ea9902f53bbfa9e452d87bd625e172da4d7,cold_start_random_trust_cpu,ms,lower,268.2
linux-mshv-virtual-machine,2,1,96978ea9902f53bbfa9e452d87bd625e172da4d7,cold_start_rcu_expedited,ms,lower,270
linux-mshv-virtual-machine,2,1,96978ea9902f53bbfa9e452d87bd625e172da4d7,cold_start_tsc_reliable,ms,lower,269.4
linux-mshv-virtual-machine,2,1,96978ea9902f53bbfa9e452d87bd625e172da4d7,network_snapshot_cold,ms,lower,276.5
linux-mshv-virtual-machine,2,1,96978ea9902f53bbfa9e452d87bd625e172da4d7,network_snapshot_restore,ms,lower,45.2
linux-mshv-virtual-machine,2,1,96978ea9902f53bbfa9e452d87bd625e172da4d7,network_snapshot_restore_wall,ms,lower,120.9
linux-mshv-virtual-machine,2,1,96978ea9902f53bbfa9e452d87bd625e172da4d7,openvmm_cold_start,ms,lower,228.12478
linux-mshv-virtual-machine,2,1,96978ea9902f53bbfa9e452d87bd625e172da4d7,openvmm_cold_start_guest_exit_teardown,ms,lower,24.617786
linux-mshv-virtual-machine,2,1,96978ea9902f53bbfa9e452d87bd625e172da4d7,openvmm_cold_start_peak_rss,MiB,lower,79.0859375
linux-mshv-virtual-machine,2,1,96978ea9902f53bbfa9e452d87bd625e172da4d7,openvmm_snapshot_generation,ms,lower,4.616391
linux-mshv-virtual-machine,2,1,96978ea9902f53bbfa9e452d87bd625e172da4d7,openvmm_snapshot_generation_peak_rss,MiB,lower,81.763671875
linux-mshv-virtual-machine,2,1,96978ea9902f53bbfa9e452d87bd625e172da4d7,openvmm_snapshot_restore,ms,lower,37.471556
linux-mshv-virtual-machine,2,1,96978ea9902f53bbfa9e452d87bd625e172da4d7,openvmm_snapshot_restore_guest_exit_teardown,ms,lower,8.6206605
linux-mshv-virtual-machine,2,1,96978ea9902f53bbfa9e452d87bd625e172da4d7,openvmm_snapshot_restore_peak_rss,MiB,lower,59.302734375
linux-mshv-virtual-machine,2,1,96978ea9902f53bbfa9e452d87bd625e172da4d7,shell_snapshot_cold_128_mib,ms,lower,267.1
linux-mshv-virtual-machine,2,1,96978ea9902f53bbfa9e452d87bd625e172da4d7,shell_snapshot_cold_256_mib,ms,lower,273.2
linux-mshv-virtual-machine,2,1,96978ea9902f53bbfa9e452d87bd625e172da4d7,shell_snapshot_cold_512_mib,ms,lower,280.1
linux-mshv-virtual-machine,2,1,96978ea9902f53bbfa9e452d87bd625e172da4d7,shell_snapshot_restore_128_mib,ms,lower,36.2
linux-mshv-virtual-machine,2,1,96978ea9902f53bbfa9e452d87bd625e172da4d7,shell_snapshot_restore_256_mib,ms,lower,40.6
linux-mshv-virtual-machine,2,1,96978ea9902f53bbfa9e452d87bd625e172da4d7,shell_snapshot_restore_512_mib,ms,lower,45.8
linux-mshv-virtual-machine,2,1,96978ea9902f53bbfa9e452d87bd625e172da4d7,virtfs_live_read,MB/s,higher,1100
linux-mshv-virtual-machine,2,1,96978ea9902f53bbfa9e452d87bd625e172da4d7,virtfs_live_roundtrip,ms,lower,425.5
linux-mshv-virtual-machine,2,1,96978ea9902f53bbfa9e452d87bd625e172da4d7,virtfs_live_write,MB/s,higher,827.9
linux-mshv-virtual-machine,2,1,96978ea9902f53bbfa9e452d87bd625e172da4d7,virtio_blk_random_read_iops,ops/s,higher,7284.23294375
linux-mshv-virtual-machine,2,1,96978ea9902f53bbfa9e452d87bd625e172da4d7,virtio_blk_random_write_iops,ops/s,higher,7419.21108367
linux-mshv-virtual-machine,2,1,96978ea9902f53bbfa9e452d87bd625e172da4d7,virtio_fs_random_read_iops,ops/s,higher,10851.0828113
linux-mshv-virtual-machine,2,1,96978ea9902f53bbfa9e452d87bd625e172da4d7,virtio_fs_random_write_iops,ops/s,higher,10860.0361391
linux-mshv-virtual-machine,2,1,96978ea9902f53bbfa9e452d87bd625e172da4d7,virtio_net_udp_roundtrip_ops,ops/s,higher,6166.90162902
linux-mshv-virtual-machine,2,1,f813dc76cd23a2c84e9993d934734562158da478,cold_start_base,ms,lower,261.2
linux-mshv-virtual-machine,2,1,f813dc76cd23a2c84e9993d934734562158da478,cold_start_clocksource,ms,lower,259.7
linux-mshv-virtual-machine,2,1,f813dc76cd23a2c84e9993d934734562158da478,cold_start_cryptomgr_notests,ms,lower,264.1
linux-mshv-virtual-machine,2,1,f813dc76cd23a2c84e9993d934734562158da478,cold_start_mitigations_off,ms,lower,221.3
linux-mshv-virtual-machine,2,1,f813dc76cd23a2c84e9993d934734562158da478,cold_start_no_timer_check,ms,lower,261.9
linux-mshv-virtual-machine,2,1,f813dc76cd23a2c84e9993d934734562158da478,cold_start_nokaslr,ms,lower,260.4
linux-mshv-virtual-machine,2,1,f813dc76cd23a2c84e9993d934734562158da478,cold_start_random_trust_cpu,ms,lower,260
linux-mshv-virtual-machine,2,1,f813dc76cd23a2c84e9993d934734562158da478,cold_start_rcu_expedited,ms,lower,261.7
linux-mshv-virtual-machine,2,1,f813dc76cd23a2c84e9993d934734562158da478,cold_start_tsc_reliable,ms,lower,259.1
linux-mshv-virtual-machine,2,1,f813dc76cd23a2c84e9993d934734562158da478,network_snapshot_cold,ms,lower,269.6
linux-mshv-virtual-machine,2,1,f813dc76cd23a2c84e9993d934734562158da478,network_snapshot_restore,ms,lower,42.3
linux-mshv-virtual-machine,2,1,f813dc76cd23a2c84e9993d934734562158da478,network_snapshot_restore_wall,ms,lower,111.1
linux-mshv-virtual-machine,2,1,f813dc76cd23a2c84e9993d934734562158da478,openvmm_cold_start,ms,lower,223.342509
linux-mshv-virtual-machine,2,1,f813dc76cd23a2c84e9993d934734562158da478,openvmm_cold_start_guest_exit_teardown,ms,lower,24.131541
linux-mshv-virtual-machine,2,1,f813dc76cd23a2c84e9993d934734562158da478,openvmm_cold_start_peak_rss,MiB,lower,79.08203125
linux-mshv-virtual-machine,2,1,f813dc76cd23a2c84e9993d934734562158da478,openvmm_snapshot_generation,ms,lower,4.318883
linux-mshv-virtual-machine,2,1,f813dc76cd23a2c84e9993d934734562158da478,openvmm_snapshot_generation_peak_rss,MiB,lower,81.76953125
linux-mshv-virtual-machine,2,1,f813dc76cd23a2c84e9993d934734562158da478,openvmm_snapshot_restore,ms,lower,35.137731
linux-mshv-virtual-machine,2,1,f813dc76cd23a2c84e9993d934734562158da478,openvmm_snapshot_restore_guest_exit_teardown,ms,lower,8.0836935
linux-mshv-virtual-machine,2,1,f813dc76cd23a2c84e9993d934734562158da478,openvmm_snapshot_restore_peak_rss,MiB,lower,59.302734375
linux-mshv-virtual-machine,2,1,f813dc76cd23a2c84e9993d934734562158da478,shell_snapshot_cold_128_mib,ms,lower,259.3
linux-mshv-virtual-machine,2,1,f813dc76cd23a2c84e9993d934734562158da478,shell_snapshot_cold_256_mib,ms,lower,265.5
linux-mshv-virtual-machine,2,1,f813dc76cd23a2c84e9993d934734562158da478,shell_snapshot_cold_512_mib,ms,lower,272.8
linux-mshv-virtual-machine,2,1,f813dc76cd23a2c84e9993d934734562158da478,shell_snapshot_restore_128_mib,ms,lower,33.9
linux-mshv-virtual-machine,2,1,f813dc76cd23a2c84e9993d934734562158da478,shell_snapshot_restore_256_mib,ms,lower,38.5
linux-mshv-virtual-machine,2,1,f813dc76cd23a2c84e9993d934734562158da478,shell_snapshot_restore_512_mib,ms,lower,43
linux-mshv-virtual-machine,2,1,f813dc76cd23a2c84e9993d934734562158da478,virtfs_live_read,MB/s,higher,1100
linux-mshv-virtual-machine,2,1,f813dc76cd23a2c84e9993d934734562158da478,virtfs_live_roundtrip,ms,lower,403.3
linux-mshv-virtual-machine,2,1,f813dc76cd23a2c84e9993d934734562158da478,virtfs_live_write,MB/s,higher,847
linux-mshv-virtual-machine,2,1,f813dc76cd23a2c84e9993d934734562158da478,virtio_blk_random_read_iops,ops/s,higher,7752.33110856
linux-mshv-virtual-machine,2,1,f813dc76cd23a2c84e9993d934734562158da478,virtio_blk_random_write_iops,ops/s,higher,7790.24440244
linux-mshv-virtual-machine,2,1,f813dc76cd23a2c84e9993d934734562158da478,virtio_fs_random_read_iops,ops/s,higher,11347.4458781
linux-mshv-virtual-machine,2,1,f813dc76cd23a2c84e9993d934734562158da478,virtio_fs_random_write_iops,ops/s,higher,10990.5179661
linux-mshv-virtual-machine,2,1,f813dc76cd23a2c84e9993d934734562158da478,virtio_net_udp_roundtrip_ops,ops/s,higher,6146.30109459
linux-mshv-virtual-machine,2,1,04d81ca7620337c2b0d411b755a4dec9397c57d0,cold_start_base,ms,lower,235.7
linux-mshv-virtual-machine,2,1,04d81ca7620337c2b0d411b755a4dec9397c57d0,cold_start_clocksource,ms,lower,243.6
linux-mshv-virtual-machine,2,1,04d81ca7620337c2b0d411b755a4dec9397c57d0,cold_start_cryptomgr_notests,ms,lower,235.8
linux-mshv-virtual-machine,2,1,04d81ca7620337c2b0d411b755a4dec9397c57d0,cold_start_mitigations_off,ms,lower,201
linux-mshv-virtual-machine,2,1,04d81ca7620337c2b0d411b755a4dec9397c57d0,cold_start_no_timer_check,ms,lower,236.2
linux-mshv-virtual-machine,2,1,04d81ca7620337c2b0d411b755a4dec9397c57d0,cold_start_nokaslr,ms,lower,237.9
linux-mshv-virtual-machine,2,1,04d81ca7620337c2b0d411b755a4dec9397c57d0,cold_start_random_trust_cpu,ms,lower,235.7
linux-mshv-virtual-machine,2,1,04d81ca7620337c2b0d411b755a4dec9397c57d0,cold_start_rcu_expedited,ms,lower,235.9
linux-mshv-virtual-machine,2,1,04d81ca7620337c2b0d411b755a4dec9397c57d0,cold_start_tsc_reliable,ms,lower,239.3
linux-mshv-virtual-machine,2,1,04d81ca7620337c2b0d411b755a4dec9397c57d0,network_snapshot_cold,ms,lower,242
linux-mshv-virtual-machine,2,1,04d81ca7620337c2b0d411b755a4dec9397c57d0,network_snapshot_restore,ms,lower,39.8
linux-mshv-virtual-machine,2,1,04d81ca7620337c2b0d411b755a4dec9397c57d0,network_snapshot_restore_wall,ms,lower,113.2
linux-mshv-virtual-machine,2,1,04d81ca7620337c2b0d411b755a4dec9397c57d0,openvmm_cold_start,ms,lower,208.6969665
linux-mshv-virtual-machine,2,1,04d81ca7620337c2b0d411b755a4dec9397c57d0,openvmm_cold_start_guest_exit_teardown,ms,lower,21.7005095
linux-mshv-virtual-machine,2,1,04d81ca7620337c2b0d411b755a4dec9397c57d0,openvmm_cold_start_peak_rss,MiB,lower,79.07421875
linux-mshv-virtual-machine,2,1,04d81ca7620337c2b0d411b755a4dec9397c57d0,openvmm_snapshot_generation,ms,lower,5.085056
linux-mshv-virtual-machine,2,1,04d81ca7620337c2b0d411b755a4dec9397c57d0,openvmm_snapshot_generation_peak_rss,MiB,lower,81.720703125
linux-mshv-virtual-machine,2,1,04d81ca7620337c2b0d411b755a4dec9397c57d0,openvmm_snapshot_restore,ms,lower,31.611478
linux-mshv-virtual-machine,2,1,04d81ca7620337c2b0d411b755a4dec9397c57d0,openvmm_snapshot_restore_guest_exit_teardown,ms,lower,7.687584
linux-mshv-virtual-machine,2,1,04d81ca7620337c2b0d411b755a4dec9397c57d0,openvmm_snapshot_restore_peak_rss,MiB,lower,59.3125
linux-mshv-virtual-machine,2,1,04d81ca7620337c2b0d411b755a4dec9397c57d0,shell_snapshot_cold_128_mib,ms,lower,236.1
linux-mshv-virtual-machine,2,1,04d81ca7620337c2b0d411b755a4dec9397c57d0,shell_snapshot_cold_256_mib,ms,lower,238.2
linux-mshv-virtual-machine,2,1,04d81ca7620337c2b0d411b755a4dec9397c57d0,shell_snapshot_cold_512_mib,ms,lower,247.6
linux-mshv-virtual-machine,2,1,04d81ca7620337c2b0d411b755a4dec9397c57d0,shell_snapshot_restore_128_mib,ms,lower,30.7
linux-mshv-virtual-machine,2,1,04d81ca7620337c2b0d411b755a4dec9397c57d0,shell_snapshot_restore_256_mib,ms,lower,35.4
linux-mshv-virtual-machine,2,1,04d81ca7620337c2b0d411b755a4dec9397c57d0,shell_snapshot_restore_512_mib,ms,lower,40.5
linux-mshv-virtual-machine,2,1,04d81ca7620337c2b0d411b755a4dec9397c57d0,virtfs_live_read,MB/s,higher,1200
linux-mshv-virtual-machine,2,1,04d81ca7620337c2b0d411b755a4dec9397c57d0,virtfs_live_roundtrip,ms,lower,379.2
linux-mshv-virtual-machine,2,1,04d81ca7620337c2b0d411b755a4dec9397c57d0,virtfs_live_write,MB/s,higher,927.2
linux-mshv-virtual-machine,2,1,04d81ca7620337c2b0d411b755a4dec9397c57d0,virtio_blk_random_read_iops,ops/s,higher,7891.54375642
linux-mshv-virtual-machine,2,1,04d81ca7620337c2b0d411b755a4dec9397c57d0,virtio_blk_random_write_iops,ops/s,higher,7591.43196332
linux-mshv-virtual-machine,2,1,04d81ca7620337c2b0d411b755a4dec9397c57d0,virtio_fs_random_read_iops,ops/s,higher,11907.5940205
linux-mshv-virtual-machine,2,1,04d81ca7620337c2b0d411b755a4dec9397c57d0,virtio_fs_random_write_iops,ops/s,higher,11820.9780525
linux-mshv-virtual-machine,2,1,04d81ca7620337c2b0d411b755a4dec9397c57d0,virtio_net_udp_roundtrip_ops,ops/s,higher,5118.02278198
linux-mshv-virtual-machine,2,1,1cfe27b6b2be97599e38094e4993886b8e943a49,cold_start_base,ms,lower,262.2
linux-mshv-virtual-machine,2,1,1cfe27b6b2be97599e38094e4993886b8e943a49,cold_start_clocksource,ms,lower,263.6
linux-mshv-virtual-machine,2,1,1cfe27b6b2be97599e38094e4993886b8e943a49,cold_start_cryptomgr_notests,ms,lower,264.1
linux-mshv-virtual-machine,2,1,1cfe27b6b2be97599e38094e4993886b8e943a49,cold_start_mitigations_off,ms,lower,223.6
linux-mshv-virtual-machine,2,1,1cfe27b6b2be97599e38094e4993886b8e943a49,cold_start_no_timer_check,ms,lower,262.8
linux-mshv-virtual-machine,2,1,1cfe27b6b2be97599e38094e4993886b8e943a49,cold_start_nokaslr,ms,lower,262.4
linux-mshv-virtual-machine,2,1,1cfe27b6b2be97599e38094e4993886b8e943a49,cold_start_random_trust_cpu,ms,lower,264.2
linux-mshv-virtual-machine,2,1,1cfe27b6b2be97599e38094e4993886b8e943a49,cold_start_rcu_expedited,ms,lower,262
linux-mshv-virtual-machine,2,1,1cfe27b6b2be97599e38094e4993886b8e943a49,cold_start_tsc_reliable,ms,lower,263.5
linux-mshv-virtual-machine,2,1,1cfe27b6b2be97599e38094e4993886b8e943a49,network_snapshot_cold,ms,lower,271.2
linux-mshv-virtual-machine,2,1,1cfe27b6b2be97599e38094e4993886b8e943a49,network_snapshot_restore,ms,lower,43
linux-mshv-virtual-machine,2,1,1cfe27b6b2be97599e38094e4993886b8e943a49,network_snapshot_restore_wall,ms,lower,117.1
linux-mshv-virtual-machine,2,1,1cfe27b6b2be97599e38094e4993886b8e943a49,openvmm_cold_start,ms,lower,224.487865
linux-mshv-virtual-machine,2,1,1cfe27b6b2be97599e38094e4993886b8e943a49,openvmm_cold_start_guest_exit_teardown,ms,lower,23.774718
linux-mshv-virtual-machine,2,1,1cfe27b6b2be97599e38094e4993886b8e943a49,openvmm_cold_start_peak_rss,MiB,lower,79.0859375
linux-mshv-virtual-machine,2,1,1cfe27b6b2be97599e38094e4993886b8e943a49,openvmm_snapshot_generation,ms,lower,4.4783685
linux-mshv-virtual-machine,2,1,1cfe27b6b2be97599e38094e4993886b8e943a49,openvmm_snapshot_generation_peak_rss,MiB,lower,81.755859375
linux-mshv-virtual-machine,2,1,1cfe27b6b2be97599e38094e4993886b8e943a49,openvmm_snapshot_restore,ms,lower,36.0410835
linux-mshv-virtual-machine,2,1,1cfe27b6b2be97599e38094e4993886b8e943a49,openvmm_snapshot_restore_guest_exit_teardown,ms,lower,8.4484625
linux-mshv-virtual-machine,2,1,1cfe27b6b2be97599e38094e4993886b8e943a49,openvmm_snapshot_restore_peak_rss,MiB,lower,59.30078125
linux-mshv-virtual-machine,2,1,1cfe27b6b2be97599e38094e4993886b8e943a49,shell_snapshot_cold_128_mib,ms,lower,261.5
linux-mshv-virtual-machine,2,1,1cfe27b6b2be97599e38094e4993886b8e943a49,shell_snapshot_cold_256_mib,ms,lower,267.8
linux-mshv-virtual-machine,2,1,1cfe27b6b2be97599e38094e4993886b8e943a49,shell_snapshot_cold_512_mib,ms,lower,276.4
linux-mshv-virtual-machine,2,1,1cfe27b6b2be97599e38094e4993886b8e943a49,shell_snapshot_restore_128_mib,ms,lower,34.7
linux-mshv-virtual-machine,2,1,1cfe27b6b2be97599e38094e4993886b8e943a49,shell_snapshot_restore_256_mib,ms,lower,38.2
linux-mshv-virtual-machine,2,1,1cfe27b6b2be97599e38094e4993886b8e943a49,shell_snapshot_restore_512_mib,ms,lower,44.1
linux-mshv-virtual-machine,2,1,1cfe27b6b2be97599e38094e4993886b8e943a49,virtfs_live_read,MB/s,higher,1100
linux-mshv-virtual-machine,2,1,1cfe27b6b2be97599e38094e4993886b8e943a49,virtfs_live_roundtrip,ms,lower,415.4
linux-mshv-virtual-machine,2,1,1cfe27b6b2be97599e38094e4993886b8e943a49,virtfs_live_write,MB/s,higher,830.6
linux-mshv-virtual-machine,2,1,1cfe27b6b2be97599e38094e4993886b8e943a49,virtio_blk_random_read_iops,ops/s,higher,7464.12299473
linux-mshv-virtual-machine,2,1,1cfe27b6b2be97599e38094e4993886b8e943a49,virtio_blk_random_write_iops,ops/s,higher,7440.48292546
linux-mshv-virtual-machine,2,1,1cfe27b6b2be97599e38094e4993886b8e943a49,virtio_fs_random_read_iops,ops/s,higher,11591.2459404
linux-mshv-virtual-machine,2,1,1cfe27b6b2be97599e38094e4993886b8e943a49,virtio_fs_random_write_iops,ops/s,higher,10555.2307243
linux-mshv-virtual-machine,2,1,1cfe27b6b2be97599e38094e4993886b8e943a49,virtio_net_udp_roundtrip_ops,ops/s,higher,6074.0974858
linux-mshv-virtual-machine,2,1,2a1819fff912c76c12b3b38691ee1358fd5062f2,cold_start_base,ms,lower,259.8
linux-mshv-virtual-machine,2,1,2a1819fff912c76c12b3b38691ee1358fd5062f2,cold_start_clocksource,ms,lower,259.9
linux-mshv-virtual-machine,2,1,2a1819fff912c76c12b3b38691ee1358fd5062f2,cold_start_cryptomgr_notests,ms,lower,260.5
linux-mshv-virtual-machine,2,1,2a1819fff912c76c12b3b38691ee1358fd5062f2,cold_start_mitigations_off,ms,lower,220.6
linux-mshv-virtual-machine,2,1,2a1819fff912c76c12b3b38691ee1358fd5062f2,cold_start_no_timer_check,ms,lower,261.2
linux-mshv-virtual-machine,2,1,2a1819fff912c76c12b3b38691ee1358fd5062f2,cold_start_nokaslr,ms,lower,262.5
linux-mshv-virtual-machine,2,1,2a1819fff912c76c12b3b38691ee1358fd5062f2,cold_start_random_trust_cpu,ms,lower,260.1
linux-mshv-virtual-machine,2,1,2a1819fff912c76c12b3b38691ee1358fd5062f2,cold_start_rcu_expedited,ms,lower,261.5
linux-mshv-virtual-machine,2,1,2a1819fff912c76c12b3b38691ee1358fd5062f2,cold_start_tsc_reliable,ms,lower,259.9
linux-mshv-virtual-machine,2,1,2a1819fff912c76c12b3b38691ee1358fd5062f2,network_snapshot_cold,ms,lower,271.7
linux-mshv-virtual-machine,2,1,2a1819fff912c76c12b3b38691ee1358fd5062f2,network_snapshot_restore,ms,lower,40.3
linux-mshv-virtual-machine,2,1,2a1819fff912c76c12b3b38691ee1358fd5062f2,network_snapshot_restore_wall,ms,lower,107.1
linux-mshv-virtual-machine,2,1,2a1819fff912c76c12b3b38691ee1358fd5062f2,openvmm_cold_start,ms,lower,222.1148305
linux-mshv-virtual-machine,2,1,2a1819fff912c76c12b3b38691ee1358fd5062f2,openvmm_cold_start_guest_exit_teardown,ms,lower,23.6232845
linux-mshv-virtual-machine,2,1,2a1819fff912c76c12b3b38691ee1358fd5062f2,openvmm_cold_start_peak_rss,MiB,lower,79.271484375
linux-mshv-virtual-machine,2,1,2a1819fff912c76c12b3b38691ee1358fd5062f2,openvmm_snapshot_generation,ms,lower,4.4484435
linux-mshv-virtual-machine,2,1,2a1819fff912c76c12b3b38691ee1358fd5062f2,openvmm_snapshot_generation_peak_rss,MiB,lower,81.80078125
linux-mshv-virtual-machine,2,1,2a1819fff912c76c12b3b38691ee1358fd5062f2,openvmm_snapshot_restore,ms,lower,32.1266055
linux-mshv-virtual-machine,2,1,2a1819fff912c76c12b3b38691ee1358fd5062f2,openvmm_snapshot_restore_guest_exit_teardown,ms,lower,7.612746
linux-mshv-virtual-machine,2,1,2a1819fff912c76c12b3b38691ee1358fd5062f2,openvmm_snapshot_restore_peak_rss,MiB,lower,59.42578125
linux-mshv-virtual-machine,2,1,2a1819fff912c76c12b3b38691ee1358fd5062f2,shell_snapshot_cold_128_mib,ms,lower,260.8
linux-mshv-virtual-machine,2,1,2a1819fff912c76c12b3b38691ee1358fd5062f2,shell_snapshot_cold_256_mib,ms,lower,261.6
linux-mshv-virtual-machine,2,1,2a1819fff912c76c12b3b38691ee1358fd5062f2,shell_snapshot_cold_512_mib,ms,lower,270.6
linux-mshv-virtual-machine,2,1,2a1819fff912c76c12b3b38691ee1358fd5062f2,shell_snapshot_restore_128_mib,ms,lower,31.1
linux-mshv-virtual-machine,2,1,2a1819fff912c76c12b3b38691ee1358fd5062f2,shell_snapshot_restore_256_mib,ms,lower,35.4
linux-mshv-virtual-machine,2,1,2a1819fff912c76c12b3b38691ee1358fd5062f2,shell_snapshot_restore_512_mib,ms,lower,40.5
linux-mshv-virtual-machine,2,1,2a1819fff912c76c12b3b38691ee1358fd5062f2,virtfs_live_read,MB/s,higher,1100
linux-mshv-virtual-machine,2,1,2a1819fff912c76c12b3b38691ee1358fd5062f2,virtfs_live_roundtrip,ms,lower,411.4
linux-mshv-virtual-machine,2,1,2a1819fff912c76c12b3b38691ee1358fd5062f2,virtfs_live_write,MB/s,higher,886.9
linux-mshv-virtual-machine,2,1,2a1819fff912c76c12b3b38691ee1358fd5062f2,virtio_blk_random_read_iops,ops/s,higher,7667.5635491
linux-mshv-virtual-machine,2,1,2a1819fff912c76c12b3b38691ee1358fd5062f2,virtio_blk_random_write_iops,ops/s,higher,7699.45644712
linux-mshv-virtual-machine,2,1,2a1819fff912c76c12b3b38691ee1358fd5062f2,virtio_fs_random_read_iops,ops/s,higher,11065.426091
linux-mshv-virtual-machine,2,1,2a1819fff912c76c12b3b38691ee1358fd5062f2,virtio_fs_random_write_iops,ops/s,higher,10940.3077294
linux-mshv-virtual-machine,2,1,2a1819fff912c76c12b3b38691ee1358fd5062f2,virtio_net_udp_roundtrip_ops,ops/s,higher,6110.13769338
linux-mshv-virtual-machine,2,1,bd7ad52d3beb50522ca877aeb599189ad0b35a90,cold_start_base,ms,lower,243.3
linux-mshv-virtual-machine,2,1,bd7ad52d3beb50522ca877aeb599189ad0b35a90,cold_start_clocksource,ms,lower,244.1
linux-mshv-virtual-machine,2,1,bd7ad52d3beb50522ca877aeb599189ad0b35a90,cold_start_cryptomgr_notests,ms,lower,243.3
linux-mshv-virtual-machine,2,1,bd7ad52d3beb50522ca877aeb599189ad0b35a90,cold_start_mitigations_off,ms,lower,204.6
linux-mshv-virtual-machine,2,1,bd7ad52d3beb50522ca877aeb599189ad0b35a90,cold_start_no_timer_check,ms,lower,241.7
linux-mshv-virtual-machine,2,1,bd7ad52d3beb50522ca877aeb599189ad0b35a90,cold_start_nokaslr,ms,lower,241.1
linux-mshv-virtual-machine,2,1,bd7ad52d3beb50522ca877aeb599189ad0b35a90,cold_start_random_trust_cpu,ms,lower,240.4
linux-mshv-virtual-machine,2,1,bd7ad52d3beb50522ca877aeb599189ad0b35a90,cold_start_rcu_expedited,ms,lower,241
linux-mshv-virtual-machine,2,1,bd7ad52d3beb50522ca877aeb599189ad0b35a90,cold_start_tsc_reliable,ms,lower,239.6
linux-mshv-virtual-machine,2,1,bd7ad52d3beb50522ca877aeb599189ad0b35a90,network_snapshot_cold,ms,lower,248.9
linux-mshv-virtual-machine,2,1,bd7ad52d3beb50522ca877aeb599189ad0b35a90,network_snapshot_restore,ms,lower,43.6
linux-mshv-virtual-machine,2,1,bd7ad52d3beb50522ca877aeb599189ad0b35a90,network_snapshot_restore_wall,ms,lower,113
linux-mshv-virtual-machine,2,1,bd7ad52d3beb50522ca877aeb599189ad0b35a90,openvmm_cold_start,ms,lower,209.545677
linux-mshv-virtual-machine,2,1,bd7ad52d3beb50522ca877aeb599189ad0b35a90,openvmm_cold_start_guest_exit_teardown,ms,lower,22.9391285
linux-mshv-virtual-machine,2,1,bd7ad52d3beb50522ca877aeb599189ad0b35a90,openvmm_cold_start_peak_rss,MiB,lower,79.263671875
linux-mshv-virtual-machine,2,1,bd7ad52d3beb50522ca877aeb599189ad0b35a90,openvmm_snapshot_generation,ms,lower,5.5332965
linux-mshv-virtual-machine,2,1,bd7ad52d3beb50522ca877aeb599189ad0b35a90,openvmm_snapshot_generation_peak_rss,MiB,lower,81.80859375
linux-mshv-virtual-machine,2,1,bd7ad52d3beb50522ca877aeb599189ad0b35a90,openvmm_snapshot_restore,ms,lower,35.7049045
linux-mshv-virtual-machine,2,1,bd7ad52d3beb50522ca877aeb599189ad0b35a90,openvmm_snapshot_restore_guest_exit_teardown,ms,lower,8.395319
linux-mshv-virtual-machine,2,1,bd7ad52d3beb50522ca877aeb599189ad0b35a90,openvmm_snapshot_restore_peak_rss,MiB,lower,59.44140625
linux-mshv-virtual-machine,2,1,bd7ad52d3beb50522ca877aeb599189ad0b35a90,shell_snapshot_cold_128_mib,ms,lower,239.9
linux-mshv-virtual-machine,2,1,bd7ad52d3beb50522ca877aeb599189ad0b35a90,shell_snapshot_cold_256_mib,ms,lower,246.7
linux-mshv-virtual-machine,2,1,bd7ad52d3beb50522ca877aeb599189ad0b35a90,shell_snapshot_cold_512_mib,ms,lower,261.3
linux-mshv-virtual-machine,2,1,bd7ad52d3beb50522ca877aeb599189ad0b35a90,shell_snapshot_restore_128_mib,ms,lower,34.5
linux-mshv-virtual-machine,2,1,bd7ad52d3beb50522ca877aeb599189ad0b35a90,shell_snapshot_restore_256_mib,ms,lower,40.5
linux-mshv-virtual-machine,2,1,bd7ad52d3beb50522ca877aeb599189ad0b35a90,shell_snapshot_restore_512_mib,ms,lower,42.8
linux-mshv-virtual-machine,2,1,bd7ad52d3beb50522ca877aeb599189ad0b35a90,virtfs_live_read,MB/s,higher,1009
linux-mshv-virtual-machine,2,1,bd7ad52d3beb50522ca877aeb599189ad0b35a90,virtfs_live_roundtrip,ms,lower,380.1
linux-mshv-virtual-machine,2,1,bd7ad52d3beb50522ca877aeb599189ad0b35a90,virtfs_live_write,MB/s,higher,826.2
linux-mshv-virtual-machine,2,1,bd7ad52d3beb50522ca877aeb599189ad0b35a90,virtio_blk_random_read_iops,ops/s,higher,8082.00472741
linux-mshv-virtual-machine,2,1,bd7ad52d3beb50522ca877aeb599189ad0b35a90,virtio_blk_random_write_iops,ops/s,higher,7912.82936742
linux-mshv-virtual-machine,2,1,bd7ad52d3beb50522ca877aeb599189ad0b35a90,virtio_fs_random_read_iops,ops/s,higher,12250.7777834
linux-mshv-virtual-machine,2,1,bd7ad52d3beb50522ca877aeb599189ad0b35a90,virtio_fs_random_write_iops,ops/s,higher,11618.8285186
linux-mshv-virtual-machine,2,1,bd7ad52d3beb50522ca877aeb599189ad0b35a90,virtio_net_udp_roundtrip_ops,ops/s,higher,5392.21581646
linux-mshv-virtual-machine,2,1,8de93bcd226ca68ce5971cb46490b35684542161,cold_start_base,ms,lower,261.5
linux-mshv-virtual-machine,2,1,8de93bcd226ca68ce5971cb46490b35684542161,cold_start_clocksource,ms,lower,261.6
linux-mshv-virtual-machine,2,1,8de93bcd226ca68ce5971cb46490b35684542161,cold_start_cryptomgr_notests,ms,lower,263.5
linux-mshv-virtual-machine,2,1,8de93bcd226ca68ce5971cb46490b35684542161,cold_start_mitigations_off,ms,lower,223.4
linux-mshv-virtual-machine,2,1,8de93bcd226ca68ce5971cb46490b35684542161,cold_start_no_timer_check,ms,lower,261.1
linux-mshv-virtual-machine,2,1,8de93bcd226ca68ce5971cb46490b35684542161,cold_start_nokaslr,ms,lower,262.3
linux-mshv-virtual-machine,2,1,8de93bcd226ca68ce5971cb46490b35684542161,cold_start_random_trust_cpu,ms,lower,261.4
linux-mshv-virtual-machine,2,1,8de93bcd226ca68ce5971cb46490b35684542161,cold_start_rcu_expedited,ms,lower,261.2
linux-mshv-virtual-machine,2,1,8de93bcd226ca68ce5971cb46490b35684542161,cold_start_tsc_reliable,ms,lower,260.9
linux-mshv-virtual-machine,2,1,8de93bcd226ca68ce5971cb46490b35684542161,network_snapshot_cold,ms,lower,274.9
linux-mshv-virtual-machine,2,1,8de93bcd226ca68ce5971cb46490b35684542161,network_snapshot_restore,ms,lower,43.2
linux-mshv-virtual-machine,2,1,8de93bcd226ca68ce5971cb46490b35684542161,network_snapshot_restore_wall,ms,lower,115.1
linux-mshv-virtual-machine,2,1,8de93bcd226ca68ce5971cb46490b35684542161,openvmm_cold_start,ms,lower,225.794938
linux-mshv-virtual-machine,2,1,8de93bcd226ca68ce5971cb46490b35684542161,openvmm_cold_start_guest_exit_teardown,ms,lower,24.141821
linux-mshv-virtual-machine,2,1,8de93bcd226ca68ce5971cb46490b35684542161,openvmm_cold_start_peak_rss,MiB,lower,79.26953125
linux-mshv-virtual-machine,2,1,8de93bcd226ca68ce5971cb46490b35684542161,openvmm_snapshot_generation,ms,lower,4.378917
linux-mshv-virtual-machine,2,1,8de93bcd226ca68ce5971cb46490b35684542161,openvmm_snapshot_generation_peak_rss,MiB,lower,81.818359375
linux-mshv-virtual-machine,2,1,8de93bcd226ca68ce5971cb46490b35684542161,openvmm_snapshot_restore,ms,lower,36.664102
linux-mshv-virtual-machine,2,1,8de93bcd226ca68ce5971cb46490b35684542161,openvmm_snapshot_restore_guest_exit_teardown,ms,lower,8.432102
linux-mshv-virtual-machine,2,1,8de93bcd226ca68ce5971cb46490b35684542161,openvmm_snapshot_restore_peak_rss,MiB,lower,59.42578125
linux-mshv-virtual-machine,2,1,8de93bcd226ca68ce5971cb46490b35684542161,shell_snapshot_cold_128_mib,ms,lower,265.8
linux-mshv-virtual-machine,2,1,8de93bcd226ca68ce5971cb46490b35684542161,shell_snapshot_cold_256_mib,ms,lower,270.4
linux-mshv-virtual-machine,2,1,8de93bcd226ca68ce5971cb46490b35684542161,shell_snapshot_cold_512_mib,ms,lower,275.9
linux-mshv-virtual-machine,2,1,8de93bcd226ca68ce5971cb46490b35684542161,shell_snapshot_restore_128_mib,ms,lower,35.4
linux-mshv-virtual-machine,2,1,8de93bcd226ca68ce5971cb46490b35684542161,shell_snapshot_restore_256_mib,ms,lower,39.1
linux-mshv-virtual-machine,2,1,8de93bcd226ca68ce5971cb46490b35684542161,shell_snapshot_restore_512_mib,ms,lower,44.3
linux-mshv-virtual-machine,2,1,8de93bcd226ca68ce5971cb46490b35684542161,virtfs_live_read,MB/s,higher,1100
linux-mshv-virtual-machine,2,1,8de93bcd226ca68ce5971cb46490b35684542161,virtfs_live_roundtrip,ms,lower,415.3
linux-mshv-virtual-machine,2,1,8de93bcd226ca68ce5971cb46490b35684542161,virtfs_live_write,MB/s,higher,850.2
linux-mshv-virtual-machine,2,1,8de93bcd226ca68ce5971cb46490b35684542161,virtio_blk_random_read_iops,ops/s,higher,7593.99641159
linux-mshv-virtual-machine,2,1,8de93bcd226ca68ce5971cb46490b35684542161,virtio_blk_random_write_iops,ops/s,higher,7506.9279673
linux-mshv-virtual-machine,2,1,8de93bcd226ca68ce5971cb46490b35684542161,virtio_fs_random_read_iops,ops/s,higher,10880.0838049
linux-mshv-virtual-machine,2,1,8de93bcd226ca68ce5971cb46490b35684542161,virtio_fs_random_write_iops,ops/s,higher,10254.5722116
linux-mshv-virtual-machine,2,1,8de93bcd226ca68ce5971cb46490b35684542161,virtio_net_udp_roundtrip_ops,ops/s,higher,5676.12372996
linux-mshv-virtual-machine,2,1,496c596e6303f7ecacba596343da298c9456fd3f,cold_start_base,ms,lower,242.7
linux-mshv-virtual-machine,2,1,496c596e6303f7ecacba596343da298c9456fd3f,cold_start_clocksource,ms,lower,244.5
linux-mshv-virtual-machine,2,1,496c596e6303f7ecacba596343da298c9456fd3f,cold_start_cryptomgr_notests,ms,lower,242.9
linux-mshv-virtual-machine,2,1,496c596e6303f7ecacba596343da298c9456fd3f,cold_start_mitigations_off,ms,lower,209.3
linux-mshv-virtual-machine,2,1,496c596e6303f7ecacba596343da298c9456fd3f,cold_start_no_timer_check,ms,lower,242.3
linux-mshv-virtual-machine,2,1,496c596e6303f7ecacba596343da298c9456fd3f,cold_start_nokaslr,ms,lower,247.3
linux-mshv-virtual-machine,2,1,496c596e6303f7ecacba596343da298c9456fd3f,cold_start_random_trust_cpu,ms,lower,255.9
linux-mshv-virtual-machine,2,1,496c596e6303f7ecacba596343da298c9456fd3f,cold_start_rcu_expedited,ms,lower,242.7
linux-mshv-virtual-machine,2,1,496c596e6303f7ecacba596343da298c9456fd3f,cold_start_tsc_reliable,ms,lower,240.8
linux-mshv-virtual-machine,2,1,496c596e6303f7ecacba596343da298c9456fd3f,network_snapshot_cold,ms,lower,249
linux-mshv-virtual-machine,2,1,496c596e6303f7ecacba596343da298c9456fd3f,network_snapshot_restore,ms,lower,44.1
linux-mshv-virtual-machine,2,1,496c596e6303f7ecacba596343da298c9456fd3f,network_snapshot_restore_wall,ms,lower,114.6
linux-mshv-virtual-machine,2,1,496c596e6303f7ecacba596343da298c9456fd3f,openvmm_cold_start,ms,lower,206.771937
linux-mshv-virtual-machine,2,1,496c596e6303f7ecacba596343da298c9456fd3f,openvmm_cold_start_guest_exit_teardown,ms,lower,23.544182
linux-mshv-virtual-machine,2,1,496c596e6303f7ecacba596343da298c9456fd3f,openvmm_cold_start_peak_rss,MiB,lower,79.26171875
linux-mshv-virtual-machine,2,1,496c596e6303f7ecacba596343da298c9456fd3f,openvmm_snapshot_generation,ms,lower,4.9516025
linux-mshv-virtual-machine,2,1,496c596e6303f7ecacba596343da298c9456fd3f,openvmm_snapshot_generation_peak_rss,MiB,lower,81.818359375
linux-mshv-virtual-machine,2,1,496c596e6303f7ecacba596343da298c9456fd3f,openvmm_snapshot_restore,ms,lower,36.477311
linux-mshv-virtual-machine,2,1,496c596e6303f7ecacba596343da298c9456fd3f,openvmm_snapshot_restore_guest_exit_teardown,ms,lower,8.966567
linux-mshv-virtual-machine,2,1,496c596e6303f7ecacba596343da298c9456fd3f,openvmm_snapshot_restore_peak_rss,MiB,lower,59.44140625
linux-mshv-virtual-machine,2,1,496c596e6303f7ecacba596343da298c9456fd3f,shell_snapshot_cold_128_mib,ms,lower,245.4
linux-mshv-virtual-machine,2,1,496c596e6303f7ecacba596343da298c9456fd3f,shell_snapshot_cold_256_mib,ms,lower,247
linux-mshv-virtual-machine,2,1,496c596e6303f7ecacba596343da298c9456fd3f,shell_snapshot_cold_512_mib,ms,lower,256.4
linux-mshv-virtual-machine,2,1,496c596e6303f7ecacba596343da298c9456fd3f,shell_snapshot_restore_128_mib,ms,lower,36.4
linux-mshv-virtual-machine,2,1,496c596e6303f7ecacba596343da298c9456fd3f,shell_snapshot_restore_256_mib,ms,lower,41.5
linux-mshv-virtual-machine,2,1,496c596e6303f7ecacba596343da298c9456fd3f,shell_snapshot_restore_512_mib,ms,lower,42.4
linux-mshv-virtual-machine,2,1,496c596e6303f7ecacba596343da298c9456fd3f,virtfs_live_read,MB/s,higher,1050
linux-mshv-virtual-machine,2,1,496c596e6303f7ecacba596343da298c9456fd3f,virtfs_live_roundtrip,ms,lower,395.1
linux-mshv-virtual-machine,2,1,496c596e6303f7ecacba596343da298c9456fd3f,virtfs_live_write,MB/s,higher,803
linux-mshv-virtual-machine,2,1,496c596e6303f7ecacba596343da298c9456fd3f,virtio_blk_random_read_iops,ops/s,higher,7831.43518785
linux-mshv-virtual-machine,2,1,496c596e6303f7ecacba596343da298c9456fd3f,virtio_blk_random_write_iops,ops/s,higher,7984.07104575
linux-mshv-virtual-machine,2,1,496c596e6303f7ecacba596343da298c9456fd3f,virtio_fs_random_read_iops,ops/s,higher,12205.2004402
linux-mshv-virtual-machine,2,1,496c596e6303f7ecacba596343da298c9456fd3f,virtio_fs_random_write_iops,ops/s,higher,12142.2963317
linux-mshv-virtual-machine,2,1,496c596e6303f7ecacba596343da298c9456fd3f,virtio_net_udp_roundtrip_ops,ops/s,higher,4967.13805314
linux-mshv-virtual-machine,2,1,a399b7b192b76d22e206bea783f30d532897242c,cold_start_base,ms,lower,260.1
linux-mshv-virtual-machine,2,1,a399b7b192b76d22e206bea783f30d532897242c,cold_start_clocksource,ms,lower,260.5
linux-mshv-virtual-machine,2,1,a399b7b192b76d22e206bea783f30d532897242c,cold_start_cryptomgr_notests,ms,lower,259.9
linux-mshv-virtual-machine,2,1,a399b7b192b76d22e206bea783f30d532897242c,cold_start_mitigations_off,ms,lower,221.3
linux-mshv-virtual-machine,2,1,a399b7b192b76d22e206bea783f30d532897242c,cold_start_no_timer_check,ms,lower,261.1
linux-mshv-virtual-machine,2,1,a399b7b192b76d22e206bea783f30d532897242c,cold_start_nokaslr,ms,lower,259.6
linux-mshv-virtual-machine,2,1,a399b7b192b76d22e206bea783f30d532897242c,cold_start_random_trust_cpu,ms,lower,261.3
linux-mshv-virtual-machine,2,1,a399b7b192b76d22e206bea783f30d532897242c,cold_start_rcu_expedited,ms,lower,261.2
linux-mshv-virtual-machine,2,1,a399b7b192b76d22e206bea783f30d532897242c,cold_start_tsc_reliable,ms,lower,259.6
linux-mshv-virtual-machine,2,1,a399b7b192b76d22e206bea783f30d532897242c,network_snapshot_cold,ms,lower,268.9
linux-mshv-virtual-machine,2,1,a399b7b192b76d22e206bea783f30d532897242c,network_snapshot_restore,ms,lower,40.1
linux-mshv-virtual-machine,2,1,a399b7b192b76d22e206bea783f30d532897242c,network_snapshot_restore_wall,ms,lower,111.1
linux-mshv-virtual-machine,2,1,a399b7b192b76d22e206bea783f30d532897242c,openvmm_cold_start,ms,lower,221.769031
linux-mshv-virtual-machine,2,1,a399b7b192b76d22e206bea783f30d532897242c,openvmm_cold_start_guest_exit_teardown,ms,lower,23.6878415
linux-mshv-virtual-machine,2,1,a399b7b192b76d22e206bea783f30d532897242c,openvmm_cold_start_peak_rss,MiB,lower,79.078125
linux-mshv-virtual-machine,2,1,a399b7b192b76d22e206bea783f30d532897242c,openvmm_snapshot_generation,ms,lower,4.159555
linux-mshv-virtual-machine,2,1,a399b7b192b76d22e206bea783f30d532897242c,openvmm_snapshot_generation_peak_rss,MiB,lower,81.826171875
linux-mshv-virtual-machine,2,1,a399b7b192b76d22e206bea783f30d532897242c,openvmm_snapshot_restore,ms,lower,33.4702305
linux-mshv-virtual-machine,2,1,a399b7b192b76d22e206bea783f30d532897242c,openvmm_snapshot_restore_guest_exit_teardown,ms,lower,7.786935
linux-mshv-virtual-machine,2,1,a399b7b192b76d22e206bea783f30d532897242c,openvmm_snapshot_restore_peak_rss,MiB,lower,59.484375
linux-mshv-virtual-machine,2,1,a399b7b192b76d22e206bea783f30d532897242c,shell_snapshot_cold_128_mib,ms,lower,261
linux-mshv-virtual-machine,2,1,a399b7b192b76d22e206bea783f30d532897242c,shell_snapshot_cold_256_mib,ms,lower,263.6
linux-mshv-virtual-machine,2,1,a399b7b192b76d22e206bea783f30d532897242c,shell_snapshot_cold_512_mib,ms,lower,269.8
linux-mshv-virtual-machine,2,1,a399b7b192b76d22e206bea783f30d532897242c,shell_snapshot_restore_128_mib,ms,lower,31.8
linux-mshv-virtual-machine,2,1,a399b7b192b76d22e206bea783f30d532897242c,shell_snapshot_restore_256_mib,ms,lower,34.9
linux-mshv-virtual-machine,2,1,a399b7b192b76d22e206bea783f30d532897242c,shell_snapshot_restore_512_mib,ms,lower,40.1
linux-mshv-virtual-machine,2,1,a399b7b192b76d22e206bea783f30d532897242c,virtfs_live_read,MB/s,higher,1100
linux-mshv-virtual-machine,2,1,a399b7b192b76d22e206bea783f30d532897242c,virtfs_live_roundtrip,ms,lower,411.5
linux-mshv-virtual-machine,2,1,a399b7b192b76d22e206bea783f30d532897242c,virtfs_live_write,MB/s,higher,873.5
linux-mshv-virtual-machine,2,1,a399b7b192b76d22e206bea783f30d532897242c,virtio_blk_random_read_iops,ops/s,higher,7838.87127172
linux-mshv-virtual-machine,2,1,a399b7b192b76d22e206bea783f30d532897242c,virtio_blk_random_write_iops,ops/s,higher,7729.96700674
linux-mshv-virtual-machine,2,1,a399b7b192b76d22e206bea783f30d532897242c,virtio_fs_random_read_iops,ops/s,higher,11159.5853181
linux-mshv-virtual-machine,2,1,a399b7b192b76d22e206bea783f30d532897242c,virtio_fs_random_write_iops,ops/s,higher,11029.5703148
linux-mshv-virtual-machine,2,1,a399b7b192b76d22e206bea783f30d532897242c,virtio_net_udp_roundtrip_ops,ops/s,higher,6170.21311294
linux-mshv-virtual-machine,2,1,91acc751cefb0aa0a0d419930b5b44b3f5a52b81,cold_start_base,ms,lower,271.1
linux-mshv-virtual-machine,2,1,91acc751cefb0aa0a0d419930b5b44b3f5a52b81,cold_start_clocksource,ms,lower,271.6
linux-mshv-virtual-machine,2,1,91acc751cefb0aa0a0d419930b5b44b3f5a52b81,cold_start_cryptomgr_notests,ms,lower,271.7
linux-mshv-virtual-machine,2,1,91acc751cefb0aa0a0d419930b5b44b3f5a52b81,cold_start_mitigations_off,ms,lower,230
linux-mshv-virtual-machine,2,1,91acc751cefb0aa0a0d419930b5b44b3f5a52b81,cold_start_no_timer_check,ms,lower,271.5
linux-mshv-virtual-machine,2,1,91acc751cefb0aa0a0d419930b5b44b3f5a52b81,cold_start_nokaslr,ms,lower,270.8
linux-mshv-virtual-machine,2,1,91acc751cefb0aa0a0d419930b5b44b3f5a52b81,cold_start_random_trust_cpu,ms,lower,269.6
linux-mshv-virtual-machine,2,1,91acc751cefb0aa0a0d419930b5b44b3f5a52b81,cold_start_rcu_expedited,ms,lower,270.9
linux-mshv-virtual-machine,2,1,91acc751cefb0aa0a0d419930b5b44b3f5a52b81,cold_start_tsc_reliable,ms,lower,271.3
linux-mshv-virtual-machine,2,1,91acc751cefb0aa0a0d419930b5b44b3f5a52b81,network_snapshot_cold,ms,lower,279
linux-mshv-virtual-machine,2,1,91acc751cefb0aa0a0d419930b5b44b3f5a52b81,network_snapshot_restore,ms,lower,43.8
linux-mshv-virtual-machine,2,1,91acc751cefb0aa0a0d419930b5b44b3f5a52b81,network_snapshot_restore_wall,ms,lower,117
linux-mshv-virtual-machine,2,1,91acc751cefb0aa0a0d419930b5b44b3f5a52b81,openvmm_cold_start,ms,lower,233.874659
linux-mshv-virtual-machine,2,1,91acc751cefb0aa0a0d419930b5b44b3f5a52b81,openvmm_cold_start_guest_exit_teardown,ms,lower,24.450688
linux-mshv-virtual-machine,2,1,91acc751cefb0aa0a0d419930b5b44b3f5a52b81,openvmm_cold_start_peak_rss,MiB,lower,79.078125
linux-mshv-virtual-machine,2,1,91acc751cefb0aa0a0d419930b5b44b3f5a52b81,openvmm_snapshot_generation,ms,lower,4.106175
linux-mshv-virtual-machine,2,1,91acc751cefb0aa0a0d419930b5b44b3f5a52b81,openvmm_snapshot_generation_peak_rss,MiB,lower,81.818359375
linux-mshv-virtual-machine,2,1,91acc751cefb0aa0a0d419930b5b44b3f5a52b81,openvmm_snapshot_restore,ms,lower,36.9937305
linux-mshv-virtual-machine,2,1,91acc751cefb0aa0a0d419930b5b44b3f5a52b81,openvmm_snapshot_restore_guest_exit_teardown,ms,lower,8.7466975
linux-mshv-virtual-machine,2,1,91acc751cefb0aa0a0d419930b5b44b3f5a52b81,openvmm_snapshot_restore_peak_rss,MiB,lower,59.486328125
linux-mshv-virtual-machine,2,1,91acc751cefb0aa0a0d419930b5b44b3f5a52b81,shell_snapshot_cold_128_mib,ms,lower,272.1
linux-mshv-virtual-machine,2,1,91acc751cefb0aa0a0d419930b5b44b3f5a52b81,shell_snapshot_cold_256_mib,ms,lower,274.5
linux-mshv-virtual-machine,2,1,91acc751cefb0aa0a0d419930b5b44b3f5a52b81,shell_snapshot_cold_512_mib,ms,lower,280.1
linux-mshv-virtual-machine,2,1,91acc751cefb0aa0a0d419930b5b44b3f5a52b81,shell_snapshot_restore_128_mib,ms,lower,35.9
linux-mshv-virtual-machine,2,1,91acc751cefb0aa0a0d419930b5b44b3f5a52b81,shell_snapshot_restore_256_mib,ms,lower,39.3
linux-mshv-virtual-machine,2,1,91acc751cefb0aa0a0d419930b5b44b3f5a52b81,shell_snapshot_restore_512_mib,ms,lower,41.3
linux-mshv-virtual-machine,2,1,91acc751cefb0aa0a0d419930b5b44b3f5a52b81,virtfs_live_read,MB/s,higher,1100
linux-mshv-virtual-machine,2,1,91acc751cefb0aa0a0d419930b5b44b3f5a52b81,virtfs_live_roundtrip,ms,lower,431.3
linux-mshv-virtual-machine,2,1,91acc751cefb0aa0a0d419930b5b44b3f5a52b81,virtfs_live_write,MB/s,higher,828.9
linux-mshv-virtual-machine,2,1,91acc751cefb0aa0a0d419930b5b44b3f5a52b81,virtio_blk_random_read_iops,ops/s,higher,7054.01959653
linux-mshv-virtual-machine,2,1,91acc751cefb0aa0a0d419930b5b44b3f5a52b81,virtio_blk_random_write_iops,ops/s,higher,6925.22222851
linux-mshv-virtual-machine,2,1,91acc751cefb0aa0a0d419930b5b44b3f5a52b81,virtio_fs_random_read_iops,ops/s,higher,10435.4650402
linux-mshv-virtual-machine,2,1,91acc751cefb0aa0a0d419930b5b44b3f5a52b81,virtio_fs_random_write_iops,ops/s,higher,10715.5053531
linux-mshv-virtual-machine,2,1,91acc751cefb0aa0a0d419930b5b44b3f5a52b81,virtio_net_udp_roundtrip_ops,ops/s,higher,5993.1709357
linux-mshv-virtual-machine,2,1,c90c60b227e322b4587c812b4a13d7cb7368dfa5,cold_start_base,ms,lower,243.1
linux-mshv-virtual-machine,2,1,c90c60b227e322b4587c812b4a13d7cb7368dfa5,cold_start_clocksource,ms,lower,242.7
linux-mshv-virtual-machine,2,1,c90c60b227e322b4587c812b4a13d7cb7368dfa5,cold_start_cryptomgr_notests,ms,lower,240.1
linux-mshv-virtual-machine,2,1,c90c60b227e322b4587c812b4a13d7cb7368dfa5,cold_start_mitigations_off,ms,lower,206
linux-mshv-virtual-machine,2,1,c90c60b227e322b4587c812b4a13d7cb7368dfa5,cold_start_no_timer_check,ms,lower,239.6
linux-mshv-virtual-machine,2,1,c90c60b227e322b4587c812b4a13d7cb7368dfa5,cold_start_nokaslr,ms,lower,241.4
linux-mshv-virtual-machine,2,1,c90c60b227e322b4587c812b4a13d7cb7368dfa5,cold_start_random_trust_cpu,ms,lower,240.1
linux-mshv-virtual-machine,2,1,c90c60b227e322b4587c812b4a13d7cb7368dfa5,cold_start_rcu_expedited,ms,lower,240.3
linux-mshv-virtual-machine,2,1,c90c60b227e322b4587c812b4a13d7cb7368dfa5,cold_start_tsc_reliable,ms,lower,243.1
linux-mshv-virtual-machine,2,1,c90c60b227e322b4587c812b4a13d7cb7368dfa5,network_snapshot_cold,ms,lower,250.7
linux-mshv-virtual-machine,2,1,c90c60b227e322b4587c812b4a13d7cb7368dfa5,network_snapshot_restore,ms,lower,43.7
linux-mshv-virtual-machine,2,1,c90c60b227e322b4587c812b4a13d7cb7368dfa5,network_snapshot_restore_wall,ms,lower,117.2
linux-mshv-virtual-machine,2,1,c90c60b227e322b4587c812b4a13d7cb7368dfa5,openvmm_cold_start,ms,lower,212.130747
linux-mshv-virtual-machine,2,1,c90c60b227e322b4587c812b4a13d7cb7368dfa5,openvmm_cold_start_guest_exit_teardown,ms,lower,24.0458675
linux-mshv-virtual-machine,2,1,c90c60b227e322b4587c812b4a13d7cb7368dfa5,openvmm_cold_start_peak_rss,MiB,lower,79.13671875
linux-mshv-virtual-machine,2,1,c90c60b227e322b4587c812b4a13d7cb7368dfa5,openvmm_snapshot_generation,ms,lower,5.5597465
linux-mshv-virtual-machine,2,1,c90c60b227e322b4587c812b4a13d7cb7368dfa5,openvmm_snapshot_generation_peak_rss,MiB,lower,81.833984375
linux-mshv-virtual-machine,2,1,c90c60b227e322b4587c812b4a13d7cb7368dfa5,openvmm_snapshot_restore,ms,lower,36.732945
linux-mshv-virtual-machine,2,1,c90c60b227e322b4587c812b4a13d7cb7368dfa5,openvmm_snapshot_restore_guest_exit_teardown,ms,lower,8.912664
linux-mshv-virtual-machine,2,1,c90c60b227e322b4587c812b4a13d7cb7368dfa5,openvmm_snapshot_restore_peak_rss,MiB,lower,59.5625
linux-mshv-virtual-machine,2,1,c90c60b227e322b4587c812b4a13d7cb7368dfa5,shell_snapshot_cold_128_mib,ms,lower,240.7
linux-mshv-virtual-machine,2,1,c90c60b227e322b4587c812b4a13d7cb7368dfa5,shell_snapshot_cold_256_mib,ms,lower,246.2
linux-mshv-virtual-machine,2,1,c90c60b227e322b4587c812b4a13d7cb7368dfa5,shell_snapshot_cold_512_mib,ms,lower,252.8
linux-mshv-virtual-machine,2,1,c90c60b227e322b4587c812b4a13d7cb7368dfa5,shell_snapshot_restore_128_mib,ms,lower,34.9
linux-mshv-virtual-machine,2,1,c90c60b227e322b4587c812b4a13d7cb7368dfa5,shell_snapshot_restore_256_mib,ms,lower,39.2
linux-mshv-virtual-machine,2,1,c90c60b227e322b4587c812b4a13d7cb7368dfa5,shell_snapshot_restore_512_mib,ms,lower,44.1
linux-mshv-virtual-machine,2,1,c90c60b227e322b4587c812b4a13d7cb7368dfa5,virtfs_live_read,MB/s,higher,1100
linux-mshv-virtual-machine,2,1,c90c60b227e322b4587c812b4a13d7cb7368dfa5,virtfs_live_roundtrip,ms,lower,403.1
linux-mshv-virtual-machine,2,1,c90c60b227e322b4587c812b4a13d7cb7368dfa5,virtfs_live_write,MB/s,higher,852.7
linux-mshv-virtual-machine,2,1,c90c60b227e322b4587c812b4a13d7cb7368dfa5,virtio_blk_random_read_iops,ops/s,higher,7745.63681764
linux-mshv-virtual-machine,2,1,c90c60b227e322b4587c812b4a13d7cb7368dfa5,virtio_blk_random_write_iops,ops/s,higher,7694.23756312
linux-mshv-virtual-machine,2,1,c90c60b227e322b4587c812b4a13d7cb7368dfa5,virtio_fs_random_read_iops,ops/s,higher,11838.7257409
linux-mshv-virtual-machine,2,1,c90c60b227e322b4587c812b4a13d7cb7368dfa5,virtio_fs_random_write_iops,ops/s,higher,11604.3643624
linux-mshv-virtual-machine,2,1,c90c60b227e322b4587c812b4a13d7cb7368dfa5,virtio_net_udp_roundtrip_ops,ops/s,higher,5065.28200889
linux-mshv-virtual-machine,2,1,60b22d98647da34b97e4f09f59c3b0e9cee8ecc0,cold_start_base,ms,lower,269
linux-mshv-virtual-machine,2,1,60b22d98647da34b97e4f09f59c3b0e9cee8ecc0,cold_start_clocksource,ms,lower,270
linux-mshv-virtual-machine,2,1,60b22d98647da34b97e4f09f59c3b0e9cee8ecc0,cold_start_cryptomgr_notests,ms,lower,269.3
linux-mshv-virtual-machine,2,1,60b22d98647da34b97e4f09f59c3b0e9cee8ecc0,cold_start_mitigations_off,ms,lower,228
linux-mshv-virtual-machine,2,1,60b22d98647da34b97e4f09f59c3b0e9cee8ecc0,cold_start_no_timer_check,ms,lower,269.6
linux-mshv-virtual-machine,2,1,60b22d98647da34b97e4f09f59c3b0e9cee8ecc0,cold_start_nokaslr,ms,lower,269.7
linux-mshv-virtual-machine,2,1,60b22d98647da34b97e4f09f59c3b0e9cee8ecc0,cold_start_random_trust_cpu,ms,lower,270.4
linux-mshv-virtual-machine,2,1,60b22d98647da34b97e4f09f59c3b0e9cee8ecc0,cold_start_rcu_expedited,ms,lower,270.4
linux-mshv-virtual-machine,2,1,60b22d98647da34b97e4f09f59c3b0e9cee8ecc0,cold_start_tsc_reliable,ms,lower,270.6
linux-mshv-virtual-machine,2,1,60b22d98647da34b97e4f09f59c3b0e9cee8ecc0,network_snapshot_cold,ms,lower,278
linux-mshv-virtual-machine,2,1,60b22d98647da34b97e4f09f59c3b0e9cee8ecc0,network_snapshot_restore,ms,lower,43.8
linux-mshv-virtual-machine,2,1,60b22d98647da34b97e4f09f59c3b0e9cee8ecc0,network_snapshot_restore_wall,ms,lower,111.3
linux-mshv-virtual-machine,2,1,60b22d98647da34b97e4f09f59c3b0e9cee8ecc0,openvmm_cold_start,ms,lower,229.0394415
linux-mshv-virtual-machine,2,1,60b22d98647da34b97e4f09f59c3b0e9cee8ecc0,openvmm_cold_start_guest_exit_teardown,ms,lower,24.6723255
linux-mshv-virtual-machine,2,1,60b22d98647da34b97e4f09f59c3b0e9cee8ecc0,openvmm_cold_start_peak_rss,MiB,lower,79.142578125
linux-mshv-virtual-machine,2,1,60b22d98647da34b97e4f09f59c3b0e9cee8ecc0,openvmm_snapshot_generation,ms,lower,4.8152265
linux-mshv-virtual-machine,2,1,60b22d98647da34b97e4f09f59c3b0e9cee8ecc0,openvmm_snapshot_generation_peak_rss,MiB,lower,81.849609375
linux-mshv-virtual-machine,2,1,60b22d98647da34b97e4f09f59c3b0e9cee8ecc0,openvmm_snapshot_restore,ms,lower,36.4165315
linux-mshv-virtual-machine,2,1,60b22d98647da34b97e4f09f59c3b0e9cee8ecc0,openvmm_snapshot_restore_guest_exit_teardown,ms,lower,8.420661
linux-mshv-virtual-machine,2,1,60b22d98647da34b97e4f09f59c3b0e9cee8ecc0,openvmm_snapshot_restore_peak_rss,MiB,lower,59.546875
linux-mshv-virtual-machine,2,1,60b22d98647da34b97e4f09f59c3b0e9cee8ecc0,shell_snapshot_cold_128_mib,ms,lower,267.6
linux-mshv-virtual-machine,2,1,60b22d98647da34b97e4f09f59c3b0e9cee8ecc0,shell_snapshot_cold_256_mib,ms,lower,273
linux-mshv-virtual-machine,2,1,60b22d98647da34b97e4f09f59c3b0e9cee8ecc0,shell_snapshot_cold_512_mib,ms,lower,281.5
linux-mshv-virtual-machine,2,1,60b22d98647da34b97e4f09f59c3b0e9cee8ecc0,shell_snapshot_restore_128_mib,ms,lower,35.3
linux-mshv-virtual-machine,2,1,60b22d98647da34b97e4f09f59c3b0e9cee8ecc0,shell_snapshot_restore_256_mib,ms,lower,39.8
linux-mshv-virtual-machine,2,1,60b22d98647da34b97e4f09f59c3b0e9cee8ecc0,shell_snapshot_restore_512_mib,ms,lower,44.3
linux-mshv-virtual-machine,2,1,60b22d98647da34b97e4f09f59c3b0e9cee8ecc0,virtfs_live_read,MB/s,higher,1100
linux-mshv-virtual-machine,2,1,60b22d98647da34b97e4f09f59c3b0e9cee8ecc0,virtfs_live_roundtrip,ms,lower,435.5
linux-mshv-virtual-machine,2,1,60b22d98647da34b97e4f09f59c3b0e9cee8ecc0,virtfs_live_write,MB/s,higher,835
linux-mshv-virtual-machine,2,1,60b22d98647da34b97e4f09f59c3b0e9cee8ecc0,virtio_blk_random_read_iops,ops/s,higher,7317.32581584
linux-mshv-virtual-machine,2,1,60b22d98647da34b97e4f09f59c3b0e9cee8ecc0,virtio_blk_random_write_iops,ops/s,higher,7313.23226472
linux-mshv-virtual-machine,2,1,60b22d98647da34b97e4f09f59c3b0e9cee8ecc0,virtio_fs_random_read_iops,ops/s,higher,10900.8910758
linux-mshv-virtual-machine,2,1,60b22d98647da34b97e4f09f59c3b0e9cee8ecc0,virtio_fs_random_write_iops,ops/s,higher,10679.9332944
linux-mshv-virtual-machine,2,1,60b22d98647da34b97e4f09f59c3b0e9cee8ecc0,virtio_net_udp_roundtrip_ops,ops/s,higher,6186.60460209
linux-mshv-virtual-machine,2,1,940a363d27468c6f9883740e3c254e4e352b216f,cold_start_base,ms,lower,237.7
linux-mshv-virtual-machine,2,1,940a363d27468c6f9883740e3c254e4e352b216f,cold_start_clocksource,ms,lower,237.8
linux-mshv-virtual-machine,2,1,940a363d27468c6f9883740e3c254e4e352b216f,cold_start_cryptomgr_notests,ms,lower,237.4
linux-mshv-virtual-machine,2,1,940a363d27468c6f9883740e3c254e4e352b216f,cold_start_mitigations_off,ms,lower,204.3
linux-mshv-virtual-machine,2,1,940a363d27468c6f9883740e3c254e4e352b216f,cold_start_no_timer_check,ms,lower,236.7
linux-mshv-virtual-machine,2,1,940a363d27468c6f9883740e3c254e4e352b216f,cold_start_nokaslr,ms,lower,235.6
linux-mshv-virtual-machine,2,1,940a363d27468c6f9883740e3c254e4e352b216f,cold_start_random_trust_cpu,ms,lower,237.8
linux-mshv-virtual-machine,2,1,940a363d27468c6f9883740e3c254e4e352b216f,cold_start_rcu_expedited,ms,lower,237.3
linux-mshv-virtual-machine,2,1,940a363d27468c6f9883740e3c254e4e352b216f,cold_start_tsc_reliable,ms,lower,238.4
linux-mshv-virtual-machine,2,1,940a363d27468c6f9883740e3c254e4e352b216f,network_snapshot_cold,ms,lower,244.1
linux-mshv-virtual-machine,2,1,940a363d27468c6f9883740e3c254e4e352b216f,network_snapshot_restore,ms,lower,40.9
linux-mshv-virtual-machine,2,1,940a363d27468c6f9883740e3c254e4e352b216f,network_snapshot_restore_wall,ms,lower,115.3
linux-mshv-virtual-machine,2,1,940a363d27468c6f9883740e3c254e4e352b216f,openvmm_cold_start,ms,lower,207.645072
linux-mshv-virtual-machine,2,1,940a363d27468c6f9883740e3c254e4e352b216f,openvmm_cold_start_guest_exit_teardown,ms,lower,22.1248575
linux-mshv-virtual-machine,2,1,940a363d27468c6f9883740e3c254e4e352b216f,openvmm_cold_start_peak_rss,MiB,lower,79.134765625
linux-mshv-virtual-machine,2,1,940a363d27468c6f9883740e3c254e4e352b216f,openvmm_snapshot_generation,ms,lower,4.774408
linux-mshv-virtual-machine,2,1,940a363d27468c6f9883740e3c254e4e352b216f,openvmm_snapshot_generation_peak_rss,MiB,lower,81.826171875
linux-mshv-virtual-machine,2,1,940a363d27468c6f9883740e3c254e4e352b216f,openvmm_snapshot_restore,ms,lower,33.438543
linux-mshv-virtual-machine,2,1,940a363d27468c6f9883740e3c254e4e352b216f,openvmm_snapshot_restore_guest_exit_teardown,ms,lower,8.2124245
linux-mshv-virtual-machine,2,1,940a363d27468c6f9883740e3c254e4e352b216f,openvmm_snapshot_restore_peak_rss,MiB,lower,59.5625
linux-mshv-virtual-machine,2,1,940a363d27468c6f9883740e3c254e4e352b216f,shell_snapshot_cold_128_mib,ms,lower,239.7
linux-mshv-virtual-machine,2,1,940a363d27468c6f9883740e3c254e4e352b216f,shell_snapshot_cold_256_mib,ms,lower,245
linux-mshv-virtual-machine,2,1,940a363d27468c6f9883740e3c254e4e352b216f,shell_snapshot_cold_512_mib,ms,lower,254
linux-mshv-virtual-machine,2,1,940a363d27468c6f9883740e3c254e4e352b216f,shell_snapshot_restore_128_mib,ms,lower,32.4
linux-mshv-virtual-machine,2,1,940a363d27468c6f9883740e3c254e4e352b216f,shell_snapshot_restore_256_mib,ms,lower,38.6
linux-mshv-virtual-machine,2,1,940a363d27468c6f9883740e3c254e4e352b216f,shell_snapshot_restore_512_mib,ms,lower,41.1
linux-mshv-virtual-machine,2,1,940a363d27468c6f9883740e3c254e4e352b216f,virtfs_live_read,MB/s,higher,1100
linux-mshv-virtual-machine,2,1,940a363d27468c6f9883740e3c254e4e352b216f,virtfs_live_roundtrip,ms,lower,377.7
linux-mshv-virtual-machine,2,1,940a363d27468c6f9883740e3c254e4e352b216f,virtfs_live_write,MB/s,higher,908
linux-mshv-virtual-machine,2,1,940a363d27468c6f9883740e3c254e4e352b216f,virtio_blk_random_read_iops,ops/s,higher,7613.03727905
linux-mshv-virtual-machine,2,1,940a363d27468c6f9883740e3c254e4e352b216f,virtio_blk_random_write_iops,ops/s,higher,7841.92929747
linux-mshv-virtual-machine,2,1,940a363d27468c6f9883740e3c254e4e352b216f,virtio_fs_random_read_iops,ops/s,higher,12352.2313475
linux-mshv-virtual-machine,2,1,940a363d27468c6f9883740e3c254e4e352b216f,virtio_fs_random_write_iops,ops/s,higher,12087.5017971
linux-mshv-virtual-machine,2,1,940a363d27468c6f9883740e3c254e4e352b216f,virtio_net_udp_roundtrip_ops,ops/s,higher,5603.75380186
linux-mshv-virtual-machine,2,1,61eca20d02b6d11256289654d643d205a2a86af7,cold_start_base,ms,lower,262.5
linux-mshv-virtual-machine,2,1,61eca20d02b6d11256289654d643d205a2a86af7,cold_start_clocksource,ms,lower,261.6
linux-mshv-virtual-machine,2,1,61eca20d02b6d11256289654d643d205a2a86af7,cold_start_cryptomgr_notests,ms,lower,261.9
linux-mshv-virtual-machine,2,1,61eca20d02b6d11256289654d643d205a2a86af7,cold_start_mitigations_off,ms,lower,223.6
linux-mshv-virtual-machine,2,1,61eca20d02b6d11256289654d643d205a2a86af7,cold_start_no_timer_check,ms,lower,261.7
linux-mshv-virtual-machine,2,1,61eca20d02b6d11256289654d643d205a2a86af7,cold_start_nokaslr,ms,lower,262.7
linux-mshv-virtual-machine,2,1,61eca20d02b6d11256289654d643d205a2a86af7,cold_start_random_trust_cpu,ms,lower,263.1
linux-mshv-virtual-machine,2,1,61eca20d02b6d11256289654d643d205a2a86af7,cold_start_rcu_expedited,ms,lower,261.9
linux-mshv-virtual-machine,2,1,61eca20d02b6d11256289654d643d205a2a86af7,cold_start_tsc_reliable,ms,lower,261.7
linux-mshv-virtual-machine,2,1,61eca20d02b6d11256289654d643d205a2a86af7,network_snapshot_cold,ms,lower,270.1
linux-mshv-virtual-machine,2,1,61eca20d02b6d11256289654d643d205a2a86af7,network_snapshot_restore,ms,lower,40.7
linux-mshv-virtual-machine,2,1,61eca20d02b6d11256289654d643d205a2a86af7,network_snapshot_restore_wall,ms,lower,111.3
linux-mshv-virtual-machine,2,1,61eca20d02b6d11256289654d643d205a2a86af7,openvmm_cold_start,ms,lower,221.7955625
linux-mshv-virtual-machine,2,1,61eca20d02b6d11256289654d643d205a2a86af7,openvmm_cold_start_guest_exit_teardown,ms,lower,23.919357
linux-mshv-virtual-machine,2,1,61eca20d02b6d11256289654d643d205a2a86af7,openvmm_cold_start_peak_rss,MiB,lower,79.14453125
linux-mshv-virtual-machine,2,1,61eca20d02b6d11256289654d643d205a2a86af7,openvmm_snapshot_generation,ms,lower,4.3707955
linux-mshv-virtual-machine,2,1,61eca20d02b6d11256289654d643d205a2a86af7,openvmm_snapshot_generation_peak_rss,MiB,lower,81.841796875
linux-mshv-virtual-machine,2,1,61eca20d02b6d11256289654d643d205a2a86af7,openvmm_snapshot_restore,ms,lower,33.1109915
linux-mshv-virtual-machine,2,1,61eca20d02b6d11256289654d643d205a2a86af7,openvmm_snapshot_restore_guest_exit_teardown,ms,lower,7.752285
linux-mshv-virtual-machine,2,1,61eca20d02b6d11256289654d643d205a2a86af7,openvmm_snapshot_restore_peak_rss,MiB,lower,59.55078125
linux-mshv-virtual-machine,2,1,61eca20d02b6d11256289654d643d205a2a86af7,shell_snapshot_cold_128_mib,ms,lower,261.4
linux-mshv-virtual-machine,2,1,61eca20d02b6d11256289654d643d205a2a86af7,shell_snapshot_cold_256_mib,ms,lower,264.2
linux-mshv-virtual-machine,2,1,61eca20d02b6d11256289654d643d205a2a86af7,shell_snapshot_cold_512_mib,ms,lower,270.2
linux-mshv-virtual-machine,2,1,61eca20d02b6d11256289654d643d205a2a86af7,shell_snapshot_restore_128_mib,ms,lower,32.1
linux-mshv-virtual-machine,2,1,61eca20d02b6d11256289654d643d205a2a86af7,shell_snapshot_restore_256_mib,ms,lower,36.2
linux-mshv-virtual-machine,2,1,61eca20d02b6d11256289654d643d205a2a86af7,shell_snapshot_restore_512_mib,ms,lower,39.7
linux-mshv-virtual-machine,2,1,61eca20d02b6d11256289654d643d205a2a86af7,virtfs_live_read,MB/s,higher,1100
linux-mshv-virtual-machine,2,1,61eca20d02b6d11256289654d643d205a2a86af7,virtfs_live_roundtrip,ms,lower,417.4
linux-mshv-virtual-machine,2,1,61eca20d02b6d11256289654d643d205a2a86af7,virtfs_live_write,MB/s,higher,879.1
linux-mshv-virtual-machine,2,1,61eca20d02b6d11256289654d643d205a2a86af7,virtio_blk_random_read_iops,ops/s,higher,7324.14477429
linux-mshv-virtual-machine,2,1,61eca20d02b6d11256289654d643d205a2a86af7,virtio_blk_random_write_iops,ops/s,higher,7438.14303879
linux-mshv-virtual-machine,2,1,61eca20d02b6d11256289654d643d205a2a86af7,virtio_fs_random_read_iops,ops/s,higher,11166.6267435
linux-mshv-virtual-machine,2,1,61eca20d02b6d11256289654d643d205a2a86af7,virtio_fs_random_write_iops,ops/s,higher,11660.5327697
linux-mshv-virtual-machine,2,1,61eca20d02b6d11256289654d643d205a2a86af7,virtio_net_udp_roundtrip_ops,ops/s,higher,6175.51713053
linux-mshv-virtual-machine,2,1,7d03d777fc9b7d1e539b483151aa33092a14e11a,cold_start_base,ms,lower,257.7
linux-mshv-virtual-machine,2,1,7d03d777fc9b7d1e539b483151aa33092a14e11a,cold_start_clocksource,ms,lower,259.4
linux-mshv-virtual-machine,2,1,7d03d777fc9b7d1e539b483151aa33092a14e11a,cold_start_cryptomgr_notests,ms,lower,258.6
linux-mshv-virtual-machine,2,1,7d03d777fc9b7d1e539b483151aa33092a14e11a,cold_start_mitigations_off,ms,lower,218.2
linux-mshv-virtual-machine,2,1,7d03d777fc9b7d1e539b483151aa33092a14e11a,cold_start_no_timer_check,ms,lower,257.3
linux-mshv-virtual-machine,2,1,7d03d777fc9b7d1e539b483151aa33092a14e11a,cold_start_nokaslr,ms,lower,257.6
linux-mshv-virtual-machine,2,1,7d03d777fc9b7d1e539b483151aa33092a14e11a,cold_start_random_trust_cpu,ms,lower,258
linux-mshv-virtual-machine,2,1,7d03d777fc9b7d1e539b483151aa33092a14e11a,cold_start_rcu_expedited,ms,lower,258.4
linux-mshv-virtual-machine,2,1,7d03d777fc9b7d1e539b483151aa33092a14e11a,cold_start_tsc_reliable,ms,lower,257.4
linux-mshv-virtual-machine,2,1,7d03d777fc9b7d1e539b483151aa33092a14e11a,network_snapshot_cold,ms,lower,266.3
linux-mshv-virtual-machine,2,1,7d03d777fc9b7d1e539b483151aa33092a14e11a,network_snapshot_restore,ms,lower,39.3
linux-mshv-virtual-machine,2,1,7d03d777fc9b7d1e539b483151aa33092a14e11a,network_snapshot_restore_wall,ms,lower,111.2
linux-mshv-virtual-machine,2,1,7d03d777fc9b7d1e539b483151aa33092a14e11a,openvmm_cold_start,ms,lower,221.15291
linux-mshv-virtual-machine,2,1,7d03d777fc9b7d1e539b483151aa33092a14e11a,openvmm_cold_start_guest_exit_teardown,ms,lower,24.5155685
linux-mshv-virtual-machine,2,1,7d03d777fc9b7d1e539b483151aa33092a14e11a,openvmm_cold_start_peak_rss,MiB,lower,79.1484375
linux-mshv-virtual-machine,2,1,7d03d777fc9b7d1e539b483151aa33092a14e11a,openvmm_snapshot_generation,ms,lower,4.583548
linux-mshv-virtual-machine,2,1,7d03d777fc9b7d1e539b483151aa33092a14e11a,openvmm_snapshot_generation_peak_rss,MiB,lower,81.857421875
linux-mshv-virtual-machine,2,1,7d03d777fc9b7d1e539b483151aa33092a14e11a,openvmm_snapshot_restore,ms,lower,32.4546245
linux-mshv-virtual-machine,2,1,7d03d777fc9b7d1e539b483151aa33092a14e11a,openvmm_snapshot_restore_guest_exit_teardown,ms,lower,7.722061
linux-mshv-virtual-machine,2,1,7d03d777fc9b7d1e539b483151aa33092a14e11a,openvmm_snapshot_restore_peak_rss,MiB,lower,59.67578125
linux-mshv-virtual-machine,2,1,7d03d777fc9b7d1e539b483151aa33092a14e11a,shell_snapshot_cold_128_mib,ms,lower,259.7
linux-mshv-virtual-machine,2,1,7d03d777fc9b7d1e539b483151aa33092a14e11a,shell_snapshot_cold_256_mib,ms,lower,260.6
linux-mshv-virtual-machine,2,1,7d03d777fc9b7d1e539b483151aa33092a14e11a,shell_snapshot_cold_512_mib,ms,lower,267
linux-mshv-virtual-machine,2,1,7d03d777fc9b7d1e539b483151aa33092a14e11a,shell_snapshot_restore_128_mib,ms,lower,30.7
linux-mshv-virtual-machine,2,1,7d03d777fc9b7d1e539b483151aa33092a14e11a,shell_snapshot_restore_256_mib,ms,lower,34.8
linux-mshv-virtual-machine,2,1,7d03d777fc9b7d1e539b483151aa33092a14e11a,shell_snapshot_restore_512_mib,ms,lower,38.7
linux-mshv-virtual-machine,2,1,7d03d777fc9b7d1e539b483151aa33092a14e11a,virtfs_live_read,MB/s,higher,1100
linux-mshv-virtual-machine,2,1,7d03d777fc9b7d1e539b483151aa33092a14e11a,virtfs_live_roundtrip,ms,lower,407.4
linux-mshv-virtual-machine,2,1,7d03d777fc9b7d1e539b483151aa33092a14e11a,virtfs_live_write,MB/s,higher,881.4
linux-mshv-virtual-machine,2,1,7d03d777fc9b7d1e539b483151aa33092a14e11a,virtio_blk_random_read_iops,ops/s,higher,7611.60315141
linux-mshv-virtual-machine,2,1,7d03d777fc9b7d1e539b483151aa33092a14e11a,virtio_blk_random_write_iops,ops/s,higher,7644.41874715
linux-mshv-virtual-machine,2,1,7d03d777fc9b7d1e539b483151aa33092a14e11a,virtio_fs_random_read_iops,ops/s,higher,11852.5893584
linux-mshv-virtual-machine,2,1,7d03d777fc9b7d1e539b483151aa33092a14e11a,virtio_fs_random_write_iops,ops/s,higher,11199.518792
linux-mshv-virtual-machine,2,1,7d03d777fc9b7d1e539b483151aa33092a14e11a,virtio_net_udp_roundtrip_ops,ops/s,higher,6222.1047666
linux-mshv-virtual-machine,2,1,75f5ba35f13cca8f96bb29d8f5a02a04cc5ad13d,cold_start_base,ms,lower,261.3
linux-mshv-virtual-machine,2,1,75f5ba35f13cca8f96bb29d8f5a02a04cc5ad13d,cold_start_clocksource,ms,lower,260.2
linux-mshv-virtual-machine,2,1,75f5ba35f13cca8f96bb29d8f5a02a04cc5ad13d,cold_start_cryptomgr_notests,ms,lower,261.2
linux-mshv-virtual-machine,2,1,75f5ba35f13cca8f96bb29d8f5a02a04cc5ad13d,cold_start_mitigations_off,ms,lower,222.3
linux-mshv-virtual-machine,2,1,75f5ba35f13cca8f96bb29d8f5a02a04cc5ad13d,cold_start_no_timer_check,ms,lower,260.7
linux-mshv-virtual-machine,2,1,75f5ba35f13cca8f96bb29d8f5a02a04cc5ad13d,cold_start_nokaslr,ms,lower,260.6
linux-mshv-virtual-machine,2,1,75f5ba35f13cca8f96bb29d8f5a02a04cc5ad13d,cold_start_random_trust_cpu,ms,lower,261
linux-mshv-virtual-machine,2,1,75f5ba35f13cca8f96bb29d8f5a02a04cc5ad13d,cold_start_rcu_expedited,ms,lower,260.8
linux-mshv-virtual-machine,2,1,75f5ba35f13cca8f96bb29d8f5a02a04cc5ad13d,cold_start_tsc_reliable,ms,lower,261.2
linux-mshv-virtual-machine,2,1,75f5ba35f13cca8f96bb29d8f5a02a04cc5ad13d,network_snapshot_cold,ms,lower,270.8
linux-mshv-virtual-machine,2,1,75f5ba35f13cca8f96bb29d8f5a02a04cc5ad13d,network_snapshot_restore,ms,lower,42.8
linux-mshv-virtual-machine,2,1,75f5ba35f13cca8f96bb29d8f5a02a04cc5ad13d,network_snapshot_restore_wall,ms,lower,115
linux-mshv-virtual-machine,2,1,75f5ba35f13cca8f96bb29d8f5a02a04cc5ad13d,openvmm_cold_start,ms,lower,223.4651645
linux-mshv-virtual-machine,2,1,75f5ba35f13cca8f96bb29d8f5a02a04cc5ad13d,openvmm_cold_start_guest_exit_teardown,ms,lower,24.326527
linux-mshv-virtual-machine,2,1,75f5ba35f13cca8f96bb29d8f5a02a04cc5ad13d,openvmm_cold_start_peak_rss,MiB,lower,79.146484375
linux-mshv-virtual-machine,2,1,75f5ba35f13cca8f96bb29d8f5a02a04cc5ad13d,openvmm_snapshot_generation,ms,lower,4.4798245
linux-mshv-virtual-machine,2,1,75f5ba35f13cca8f96bb29d8f5a02a04cc5ad13d,openvmm_snapshot_generation_peak_rss,MiB,lower,81.8515625
linux-mshv-virtual-machine,2,1,75f5ba35f13cca8f96bb29d8f5a02a04cc5ad13d,openvmm_snapshot_restore,ms,lower,35.3780645
linux-mshv-virtual-machine,2,1,75f5ba35f13cca8f96bb29d8f5a02a04cc5ad13d,openvmm_snapshot_restore_guest_exit_teardown,ms,lower,8.275982
linux-mshv-virtual-machine,2,1,75f5ba35f13cca8f96bb29d8f5a02a04cc5ad13d,openvmm_snapshot_restore_peak_rss,MiB,lower,59.67578125
linux-mshv-virtual-machine,2,1,75f5ba35f13cca8f96bb29d8f5a02a04cc5ad13d,shell_snapshot_cold_128_mib,ms,lower,261.6
linux-mshv-virtual-machine,2,1,75f5ba35f13cca8f96bb29d8f5a02a04cc5ad13d,shell_snapshot_cold_256_mib,ms,lower,266.8
linux-mshv-virtual-machine,2,1,75f5ba35f13cca8f96bb29d8f5a02a04cc5ad13d,shell_snapshot_cold_512_mib,ms,lower,273
linux-mshv-virtual-machine,2,1,75f5ba35f13cca8f96bb29d8f5a02a04cc5ad13d,shell_snapshot_restore_128_mib,ms,lower,33.7
linux-mshv-virtual-machine,2,1,75f5ba35f13cca8f96bb29d8f5a02a04cc5ad13d,shell_snapshot_restore_256_mib,ms,lower,38.7
linux-mshv-virtual-machine,2,1,75f5ba35f13cca8f96bb29d8f5a02a04cc5ad13d,shell_snapshot_restore_512_mib,ms,lower,41.5
linux-mshv-virtual-machine,2,1,75f5ba35f13cca8f96bb29d8f5a02a04cc5ad13d,virtfs_live_read,MB/s,higher,1100
linux-mshv-virtual-machine,2,1,75f5ba35f13cca8f96bb29d8f5a02a04cc5ad13d,virtfs_live_roundtrip,ms,lower,423.3
linux-mshv-virtual-machine,2,1,75f5ba35f13cca8f96bb29d8f5a02a04cc5ad13d,virtfs_live_write,MB/s,higher,854.4
linux-mshv-virtual-machine,2,1,75f5ba35f13cca8f96bb29d8f5a02a04cc5ad13d,virtio_blk_random_read_iops,ops/s,higher,7826.00269025
linux-mshv-virtual-machine,2,1,75f5ba35f13cca8f96bb29d8f5a02a04cc5ad13d,virtio_blk_random_write_iops,ops/s,higher,7804.35227362
linux-mshv-virtual-machine,2,1,75f5ba35f13cca8f96bb29d8f5a02a04cc5ad13d,virtio_fs_random_read_iops,ops/s,higher,11115.2457533
linux-mshv-virtual-machine,2,1,75f5ba35f13cca8f96bb29d8f5a02a04cc5ad13d,virtio_fs_random_write_iops,ops/s,higher,11090.3595763
linux-mshv-virtual-machine,2,1,75f5ba35f13cca8f96bb29d8f5a02a04cc5ad13d,virtio_net_udp_roundtrip_ops,ops/s,higher,5861.17790933
linux-mshv-virtual-machine,2,1,75df18412a7b991c51e4511dc3da1502be218702,cold_start_base,ms,lower,268.7
linux-mshv-virtual-machine,2,1,75df18412a7b991c51e4511dc3da1502be218702,cold_start_clocksource,ms,lower,270.2
linux-mshv-virtual-machine,2,1,75df18412a7b991c51e4511dc3da1502be218702,cold_start_cryptomgr_notests,ms,lower,269.8
linux-mshv-virtual-machine,2,1,75df18412a7b991c51e4511dc3da1502be218702,cold_start_mitigations_off,ms,lower,229.4
linux-mshv-virtual-machine,2,1,75df18412a7b991c51e4511dc3da1502be218702,cold_start_no_timer_check,ms,lower,268.2
linux-mshv-virtual-machine,2,1,75df18412a7b991c51e4511dc3da1502be218702,cold_start_nokaslr,ms,lower,269.6
linux-mshv-virtual-machine,2,1,75df18412a7b991c51e4511dc3da1502be218702,cold_start_random_trust_cpu,ms,lower,268.9
linux-mshv-virtual-machine,2,1,75df18412a7b991c51e4511dc3da1502be218702,cold_start_rcu_expedited,ms,lower,269.9
linux-mshv-virtual-machine,2,1,75df18412a7b991c51e4511dc3da1502be218702,cold_start_tsc_reliable,ms,lower,269.6
linux-mshv-virtual-machine,2,1,75df18412a7b991c51e4511dc3da1502be218702,network_snapshot_cold,ms,lower,277.4
linux-mshv-virtual-machine,2,1,75df18412a7b991c51e4511dc3da1502be218702,network_snapshot_restore,ms,lower,43.6
linux-mshv-virtual-machine,2,1,75df18412a7b991c51e4511dc3da1502be218702,network_snapshot_restore_wall,ms,lower,117.4
linux-mshv-virtual-machine,2,1,75df18412a7b991c51e4511dc3da1502be218702,openvmm_cold_start,ms,lower,229.932932
linux-mshv-virtual-machine,2,1,75df18412a7b991c51e4511dc3da1502be218702,openvmm_cold_start_guest_exit_teardown,ms,lower,25.4738185
linux-mshv-virtual-machine,2,1,75df18412a7b991c51e4511dc3da1502be218702,openvmm_cold_start_peak_rss,MiB,lower,79.201171875
linux-mshv-virtual-machine,2,1,75df18412a7b991c51e4511dc3da1502be218702,openvmm_snapshot_generation,ms,lower,4.4919735
linux-mshv-virtual-machine,2,1,75df18412a7b991c51e4511dc3da1502be218702,openvmm_snapshot_generation_peak_rss,MiB,lower,81.84765625
linux-mshv-virtual-machine,2,1,75df18412a7b991c51e4511dc3da1502be218702,openvmm_snapshot_restore,ms,lower,35.9577705
linux-mshv-virtual-machine,2,1,75df18412a7b991c51e4511dc3da1502be218702,openvmm_snapshot_restore_guest_exit_teardown,ms,lower,8.516717
linux-mshv-virtual-machine,2,1,75df18412a7b991c51e4511dc3da1502be218702,openvmm_snapshot_restore_peak_rss,MiB,lower,59.54296875
linux-mshv-virtual-machine,2,1,75df18412a7b991c51e4511dc3da1502be218702,shell_snapshot_cold_128_mib,ms,lower,270.3
linux-mshv-virtual-machine,2,1,75df18412a7b991c51e4511dc3da1502be218702,shell_snapshot_cold_256_mib,ms,lower,273.4
linux-mshv-virtual-machine,2,1,75df18412a7b991c51e4511dc3da1502be218702,shell_snapshot_cold_512_mib,ms,lower,278.1
linux-mshv-virtual-machine,2,1,75df18412a7b991c51e4511dc3da1502be218702,shell_snapshot_restore_128_mib,ms,lower,35.7
linux-mshv-virtual-machine,2,1,75df18412a7b991c51e4511dc3da1502be218702,shell_snapshot_restore_256_mib,ms,lower,40
linux-mshv-virtual-machine,2,1,75df18412a7b991c51e4511dc3da1502be218702,shell_snapshot_restore_512_mib,ms,lower,43.9
linux-mshv-virtual-machine,2,1,75df18412a7b991c51e4511dc3da1502be218702,virtfs_live_read,MB/s,higher,1100
linux-mshv-virtual-machine,2,1,75df18412a7b991c51e4511dc3da1502be218702,virtfs_live_roundtrip,ms,lower,427.2
linux-mshv-virtual-machine,2,1,75df18412a7b991c51e4511dc3da1502be218702,virtfs_live_write,MB/s,higher,820.7
linux-mshv-virtual-machine,2,1,75df18412a7b991c51e4511dc3da1502be218702,virtio_blk_random_read_iops,ops/s,higher,7219.07805418
linux-mshv-virtual-machine,2,1,75df18412a7b991c51e4511dc3da1502be218702,virtio_blk_random_write_iops,ops/s,higher,7189.72000862
linux-mshv-virtual-machine,2,1,75df18412a7b991c51e4511dc3da1502be218702,virtio_fs_random_read_iops,ops/s,higher,11054.3949059
linux-mshv-virtual-machine,2,1,75df18412a7b991c51e4511dc3da1502be218702,virtio_fs_random_write_iops,ops/s,higher,10332.1731337
linux-mshv-virtual-machine,2,1,75df18412a7b991c51e4511dc3da1502be218702,virtio_net_udp_roundtrip_ops,ops/s,higher,5975.15845737
linux-mshv-virtual-machine,2,1,4a30cb560277e06f1e090d416e354b7182f56b71,cold_start_base,ms,lower,270.7
linux-mshv-virtual-machine,2,1,4a30cb560277e06f1e090d416e354b7182f56b71,cold_start_clocksource,ms,lower,272
linux-mshv-virtual-machine,2,1,4a30cb560277e06f1e090d416e354b7182f56b71,cold_start_cryptomgr_notests,ms,lower,270.5
linux-mshv-virtual-machine,2,1,4a30cb560277e06f1e090d416e354b7182f56b71,cold_start_mitigations_off,ms,lower,229.5
linux-mshv-virtual-machine,2,1,4a30cb560277e06f1e090d416e354b7182f56b71,cold_start_no_timer_check,ms,lower,270.9
linux-mshv-virtual-machine,2,1,4a30cb560277e06f1e090d416e354b7182f56b71,cold_start_nokaslr,ms,lower,270.2
linux-mshv-virtual-machine,2,1,4a30cb560277e06f1e090d416e354b7182f56b71,cold_start_random_trust_cpu,ms,lower,270.6
linux-mshv-virtual-machine,2,1,4a30cb560277e06f1e090d416e354b7182f56b71,cold_start_rcu_expedited,ms,lower,271.6
linux-mshv-virtual-machine,2,1,4a30cb560277e06f1e090d416e354b7182f56b71,cold_start_tsc_reliable,ms,lower,270.9
linux-mshv-virtual-machine,2,1,4a30cb560277e06f1e090d416e354b7182f56b71,network_snapshot_cold,ms,lower,279.1
linux-mshv-virtual-machine,2,1,4a30cb560277e06f1e090d416e354b7182f56b71,network_snapshot_restore,ms,lower,44.4
linux-mshv-virtual-machine,2,1,4a30cb560277e06f1e090d416e354b7182f56b71,network_snapshot_restore_wall,ms,lower,119.4
linux-mshv-virtual-machine,2,1,4a30cb560277e06f1e090d416e354b7182f56b71,openvmm_cold_start,ms,lower,232.7095925
linux-mshv-virtual-machine,2,1,4a30cb560277e06f1e090d416e354b7182f56b71,openvmm_cold_start_guest_exit_teardown,ms,lower,24.7930185
linux-mshv-virtual-machine,2,1,4a30cb560277e06f1e090d416e354b7182f56b71,openvmm_cold_start_peak_rss,MiB,lower,79.203125
linux-mshv-virtual-machine,2,1,4a30cb560277e06f1e090d416e354b7182f56b71,openvmm_snapshot_generation,ms,lower,4.324187
linux-mshv-virtual-machine,2,1,4a30cb560277e06f1e090d416e354b7182f56b71,openvmm_snapshot_generation_peak_rss,MiB,lower,81.81640625
linux-mshv-virtual-machine,2,1,4a30cb560277e06f1e090d416e354b7182f56b71,openvmm_snapshot_restore,ms,lower,37.994337
linux-mshv-virtual-machine,2,1,4a30cb560277e06f1e090d416e354b7182f56b71,openvmm_snapshot_restore_guest_exit_teardown,ms,lower,8.795074
linux-mshv-virtual-machine,2,1,4a30cb560277e06f1e090d416e354b7182f56b71,openvmm_snapshot_restore_peak_rss,MiB,lower,59.54296875
linux-mshv-virtual-machine,2,1,4a30cb560277e06f1e090d416e354b7182f56b71,shell_snapshot_cold_128_mib,ms,lower,270.4
linux-mshv-virtual-machine,2,1,4a30cb560277e06f1e090d416e354b7182f56b71,shell_snapshot_cold_256_mib,ms,lower,274.4
linux-mshv-virtual-machine,2,1,4a30cb560277e06f1e090d416e354b7182f56b71,shell_snapshot_cold_512_mib,ms,lower,280.4
linux-mshv-virtual-machine,2,1,4a30cb560277e06f1e090d416e354b7182f56b71,shell_snapshot_restore_128_mib,ms,lower,35.7
linux-mshv-virtual-machine,2,1,4a30cb560277e06f1e090d416e354b7182f56b71,shell_snapshot_restore_256_mib,ms,lower,40
linux-mshv-virtual-machine,2,1,4a30cb560277e06f1e090d416e354b7182f56b71,shell_snapshot_restore_512_mib,ms,lower,42.1
linux-mshv-virtual-machine,2,1,4a30cb560277e06f1e090d416e354b7182f56b71,virtfs_live_read,MB/s,higher,1000
linux-mshv-virtual-machine,2,1,4a30cb560277e06f1e090d416e354b7182f56b71,virtfs_live_roundtrip,ms,lower,429.3
linux-mshv-virtual-machine,2,1,4a30cb560277e06f1e090d416e354b7182f56b71,virtfs_live_write,MB/s,higher,827.8
linux-mshv-virtual-machine,2,1,4a30cb560277e06f1e090d416e354b7182f56b71,virtio_blk_random_read_iops,ops/s,higher,7365.9129947
linux-mshv-virtual-machine,2,1,4a30cb560277e06f1e090d416e354b7182f56b71,virtio_blk_random_write_iops,ops/s,higher,7447.09260894
linux-mshv-virtual-machine,2,1,4a30cb560277e06f1e090d416e354b7182f56b71,virtio_fs_random_read_iops,ops/s,higher,11625.0762447
linux-mshv-virtual-machine,2,1,4a30cb560277e06f1e090d416e354b7182f56b71,virtio_fs_random_write_iops,ops/s,higher,11757.9565359
linux-mshv-virtual-machine,2,1,4a30cb560277e06f1e090d416e354b7182f56b71,virtio_net_udp_roundtrip_ops,ops/s,higher,6139.42798347
linux-mshv-virtual-machine,2,1,8c843578fb5c3751aa8d952b0c35f122ddbea05c,cold_start_base,ms,lower,277.8
linux-mshv-virtual-machine,2,1,8c843578fb5c3751aa8d952b0c35f122ddbea05c,cold_start_clocksource,ms,lower,272.2
linux-mshv-virtual-machine,2,1,8c843578fb5c3751aa8d952b0c35f122ddbea05c,cold_start_cryptomgr_notests,ms,lower,277
linux-mshv-virtual-machine,2,1,8c843578fb5c3751aa8d952b0c35f122ddbea05c,cold_start_mitigations_off,ms,lower,235.1
linux-mshv-virtual-machine,2,1,8c843578fb5c3751aa8d952b0c35f122ddbea05c,cold_start_no_timer_check,ms,lower,271.4
linux-mshv-virtual-machine,2,1,8c843578fb5c3751aa8d952b0c35f122ddbea05c,cold_start_nokaslr,ms,lower,276.5
linux-mshv-virtual-machine,2,1,8c843578fb5c3751aa8d952b0c35f122ddbea05c,cold_start_random_trust_cpu,ms,lower,281.9
linux-mshv-virtual-machine,2,1,8c843578fb5c3751aa8d952b0c35f122ddbea05c,cold_start_rcu_expedited,ms,lower,278.7
linux-mshv-virtual-machine,2,1,8c843578fb5c3751aa8d952b0c35f122ddbea05c,cold_start_tsc_reliable,ms,lower,272.4
linux-mshv-virtual-machine,2,1,8c843578fb5c3751aa8d952b0c35f122ddbea05c,network_snapshot_cold,ms,lower,278.6
linux-mshv-virtual-machine,2,1,8c843578fb5c3751aa8d952b0c35f122ddbea05c,network_snapshot_restore,ms,lower,42.4
linux-mshv-virtual-machine,2,1,8c843578fb5c3751aa8d952b0c35f122ddbea05c,network_snapshot_restore_wall,ms,lower,125.1
linux-mshv-virtual-machine,2,1,8c843578fb5c3751aa8d952b0c35f122ddbea05c,openvmm_cold_start,ms,lower,230.847969
linux-mshv-virtual-machine,2,1,8c843578fb5c3751aa8d952b0c35f122ddbea05c,openvmm_cold_start_guest_exit_teardown,ms,lower,24.6482055
linux-mshv-virtual-machine,2,1,8c843578fb5c3751aa8d952b0c35f122ddbea05c,openvmm_cold_start_peak_rss,MiB,lower,81.458984375
linux-mshv-virtual-machine,2,1,8c843578fb5c3751aa8d952b0c35f122ddbea05c,openvmm_snapshot_generation,ms,lower,4.5651135
linux-mshv-virtual-machine,2,1,8c843578fb5c3751aa8d952b0c35f122ddbea05c,openvmm_snapshot_generation_peak_rss,MiB,lower,84.033203125
linux-mshv-virtual-machine,2,1,8c843578fb5c3751aa8d952b0c35f122ddbea05c,openvmm_snapshot_restore,ms,lower,36.3869095
linux-mshv-virtual-machine,2,1,8c843578fb5c3751aa8d952b0c35f122ddbea05c,openvmm_snapshot_restore_guest_exit_teardown,ms,lower,8.907787
linux-mshv-virtual-machine,2,1,8c843578fb5c3751aa8d952b0c35f122ddbea05c,openvmm_snapshot_restore_peak_rss,MiB,lower,61.74609375
linux-mshv-virtual-machine,2,1,8c843578fb5c3751aa8d952b0c35f122ddbea05c,shell_snapshot_cold_128_mib,ms,lower,268.1
linux-mshv-virtual-machine,2,1,8c843578fb5c3751aa8d952b0c35f122ddbea05c,shell_snapshot_cold_256_mib,ms,lower,270.7
linux-mshv-virtual-machine,2,1,8c843578fb5c3751aa8d952b0c35f122ddbea05c,shell_snapshot_cold_512_mib,ms,lower,278.4
linux-mshv-virtual-machine,2,1,8c843578fb5c3751aa8d952b0c35f122ddbea05c,shell_snapshot_restore_128_mib,ms,lower,35.4
linux-mshv-virtual-machine,2,1,8c843578fb5c3751aa8d952b0c35f122ddbea05c,shell_snapshot_restore_256_mib,ms,lower,38.1
linux-mshv-virtual-machine,2,1,8c843578fb5c3751aa8d952b0c35f122ddbea05c,shell_snapshot_restore_512_mib,ms,lower,41.1
linux-mshv-virtual-machine,2,1,8c843578fb5c3751aa8d952b0c35f122ddbea05c,virtfs_live_read,MB/s,higher,1100
linux-mshv-virtual-machine,2,1,8c843578fb5c3751aa8d952b0c35f122ddbea05c,virtfs_live_roundtrip,ms,lower,423.2
linux-mshv-virtual-machine,2,1,8c843578fb5c3751aa8d952b0c35f122ddbea05c,virtfs_live_write,MB/s,higher,842.7
linux-mshv-virtual-machine,2,1,8c843578fb5c3751aa8d952b0c35f122ddbea05c,virtio_blk_random_read_iops,ops/s,higher,7523.06368124
linux-mshv-virtual-machine,2,1,8c843578fb5c3751aa8d952b0c35f122ddbea05c,virtio_blk_random_write_iops,ops/s,higher,7402.73996672
linux-mshv-virtual-machine,2,1,8c843578fb5c3751aa8d952b0c35f122ddbea05c,virtio_fs_random_read_iops,ops/s,higher,10808.1840363
linux-mshv-virtual-machine,2,1,8c843578fb5c3751aa8d952b0c35f122ddbea05c,virtio_fs_random_write_iops,ops/s,higher,10669.0919883
linux-mshv-virtual-machine,2,1,8c843578fb5c3751aa8d952b0c35f122ddbea05c,virtio_net_udp_roundtrip_ops,ops/s,higher,6196.36963155
