platform,microvm_abi_version,processors,commit,metric,unit,direction,p50
windows-whp-virtual-machine,2,1,441f45568e65f66eced419ff9d289e2627a58f0f,cold_start_base,ms,lower,583.5
windows-whp-virtual-machine,2,1,441f45568e65f66eced419ff9d289e2627a58f0f,cold_start_clocksource,ms,lower,597.1
windows-whp-virtual-machine,2,1,441f45568e65f66eced419ff9d289e2627a58f0f,cold_start_cryptomgr_notests,ms,lower,583.5
windows-whp-virtual-machine,2,1,441f45568e65f66eced419ff9d289e2627a58f0f,cold_start_mitigations_off,ms,lower,546.3
windows-whp-virtual-machine,2,1,441f45568e65f66eced419ff9d289e2627a58f0f,cold_start_no_timer_check,ms,lower,536.3
windows-whp-virtual-machine,2,1,441f45568e65f66eced419ff9d289e2627a58f0f,cold_start_nokaslr,ms,lower,586.5
windows-whp-virtual-machine,2,1,441f45568e65f66eced419ff9d289e2627a58f0f,cold_start_random_trust_cpu,ms,lower,596.6
windows-whp-virtual-machine,2,1,441f45568e65f66eced419ff9d289e2627a58f0f,cold_start_rcu_expedited,ms,lower,592
windows-whp-virtual-machine,2,1,441f45568e65f66eced419ff9d289e2627a58f0f,cold_start_tsc_reliable,ms,lower,595.2
windows-whp-virtual-machine,2,1,441f45568e65f66eced419ff9d289e2627a58f0f,network_snapshot_cold,ms,lower,599.8
windows-whp-virtual-machine,2,1,441f45568e65f66eced419ff9d289e2627a58f0f,network_snapshot_restore,ms,lower,174.9
windows-whp-virtual-machine,2,1,441f45568e65f66eced419ff9d289e2627a58f0f,network_snapshot_restore_wall,ms,lower,251.1
windows-whp-virtual-machine,2,1,441f45568e65f66eced419ff9d289e2627a58f0f,openvmm_cold_start,ms,lower,503.7522
windows-whp-virtual-machine,2,1,441f45568e65f66eced419ff9d289e2627a58f0f,openvmm_cold_start_guest_exit_teardown,ms,lower,51.7936
windows-whp-virtual-machine,2,1,441f45568e65f66eced419ff9d289e2627a58f0f,openvmm_cold_start_peak_rss,MiB,lower,73.9140625
windows-whp-virtual-machine,2,1,441f45568e65f66eced419ff9d289e2627a58f0f,openvmm_snapshot_generation,ms,lower,755.4109
windows-whp-virtual-machine,2,1,441f45568e65f66eced419ff9d289e2627a58f0f,openvmm_snapshot_generation_peak_rss,MiB,lower,76.671875
windows-whp-virtual-machine,2,1,441f45568e65f66eced419ff9d289e2627a58f0f,openvmm_snapshot_restore,ms,lower,139.7547
windows-whp-virtual-machine,2,1,441f45568e65f66eced419ff9d289e2627a58f0f,openvmm_snapshot_restore_guest_exit_teardown,ms,lower,23.7683
windows-whp-virtual-machine,2,1,441f45568e65f66eced419ff9d289e2627a58f0f,openvmm_snapshot_restore_peak_rss,MiB,lower,18.23046875
windows-whp-virtual-machine,2,1,441f45568e65f66eced419ff9d289e2627a58f0f,shell_snapshot_cold_128_mib,ms,lower,597.6
windows-whp-virtual-machine,2,1,441f45568e65f66eced419ff9d289e2627a58f0f,shell_snapshot_cold_256_mib,ms,lower,608.6
windows-whp-virtual-machine,2,1,441f45568e65f66eced419ff9d289e2627a58f0f,shell_snapshot_cold_512_mib,ms,lower,603.1
windows-whp-virtual-machine,2,1,441f45568e65f66eced419ff9d289e2627a58f0f,shell_snapshot_cold_64_mib,ms,lower,577.7
windows-whp-virtual-machine,2,1,441f45568e65f66eced419ff9d289e2627a58f0f,shell_snapshot_restore_128_mib,ms,lower,127.2
windows-whp-virtual-machine,2,1,441f45568e65f66eced419ff9d289e2627a58f0f,shell_snapshot_restore_256_mib,ms,lower,146.4
windows-whp-virtual-machine,2,1,441f45568e65f66eced419ff9d289e2627a58f0f,shell_snapshot_restore_512_mib,ms,lower,139.1
windows-whp-virtual-machine,2,1,441f45568e65f66eced419ff9d289e2627a58f0f,shell_snapshot_restore_64_mib,ms,lower,136.2
windows-whp-virtual-machine,2,1,441f45568e65f66eced419ff9d289e2627a58f0f,virtfs_live_read,MB/s,higher,1700
windows-whp-virtual-machine,2,1,441f45568e65f66eced419ff9d289e2627a58f0f,virtfs_live_roundtrip,ms,lower,831.8
windows-whp-virtual-machine,2,1,441f45568e65f66eced419ff9d289e2627a58f0f,virtfs_live_write,MB/s,higher,181.6
windows-whp-virtual-machine,2,1,441f45568e65f66eced419ff9d289e2627a58f0f,virtio_blk_random_read_iops,ops/s,higher,6390.84096876
windows-whp-virtual-machine,2,1,441f45568e65f66eced419ff9d289e2627a58f0f,virtio_blk_random_write_iops,ops/s,higher,6316.83191028
windows-whp-virtual-machine,2,1,441f45568e65f66eced419ff9d289e2627a58f0f,virtio_fs_random_read_iops,ops/s,higher,10446.9610631
windows-whp-virtual-machine,2,1,441f45568e65f66eced419ff9d289e2627a58f0f,virtio_fs_random_write_iops,ops/s,higher,10581.7385625
windows-whp-virtual-machine,2,1,441f45568e65f66eced419ff9d289e2627a58f0f,virtio_net_udp_roundtrip_ops,ops/s,higher,4421.8301389
windows-whp-virtual-machine,2,1,22003726a9ec9046fdecfc904515221441dfb3c3,cold_start_base,ms,lower,594.4
windows-whp-virtual-machine,2,1,22003726a9ec9046fdecfc904515221441dfb3c3,cold_start_clocksource,ms,lower,590.3
windows-whp-virtual-machine,2,1,22003726a9ec9046fdecfc904515221441dfb3c3,cold_start_cryptomgr_notests,ms,lower,588.4
windows-whp-virtual-machine,2,1,22003726a9ec9046fdecfc904515221441dfb3c3,cold_start_mitigations_off,ms,lower,555.8
windows-whp-virtual-machine,2,1,22003726a9ec9046fdecfc904515221441dfb3c3,cold_start_no_timer_check,ms,lower,535.9
windows-whp-virtual-machine,2,1,22003726a9ec9046fdecfc904515221441dfb3c3,cold_start_nokaslr,ms,lower,590.4
windows-whp-virtual-machine,2,1,22003726a9ec9046fdecfc904515221441dfb3c3,cold_start_random_trust_cpu,ms,lower,583.4
windows-whp-virtual-machine,2,1,22003726a9ec9046fdecfc904515221441dfb3c3,cold_start_rcu_expedited,ms,lower,597.8
windows-whp-virtual-machine,2,1,22003726a9ec9046fdecfc904515221441dfb3c3,cold_start_tsc_reliable,ms,lower,594.7
windows-whp-virtual-machine,2,1,22003726a9ec9046fdecfc904515221441dfb3c3,network_snapshot_cold,ms,lower,593.1
windows-whp-virtual-machine,2,1,22003726a9ec9046fdecfc904515221441dfb3c3,network_snapshot_restore,ms,lower,175.1
windows-whp-virtual-machine,2,1,22003726a9ec9046fdecfc904515221441dfb3c3,network_snapshot_restore_wall,ms,lower,250.1
windows-whp-virtual-machine,2,1,22003726a9ec9046fdecfc904515221441dfb3c3,openvmm_cold_start,ms,lower,509.9819
windows-whp-virtual-machine,2,1,22003726a9ec9046fdecfc904515221441dfb3c3,openvmm_cold_start_guest_exit_teardown,ms,lower,50.95295
windows-whp-virtual-machine,2,1,22003726a9ec9046fdecfc904515221441dfb3c3,openvmm_cold_start_peak_rss,MiB,lower,73.923828125
windows-whp-virtual-machine,2,1,22003726a9ec9046fdecfc904515221441dfb3c3,openvmm_snapshot_generation,ms,lower,807.19175
windows-whp-virtual-machine,2,1,22003726a9ec9046fdecfc904515221441dfb3c3,openvmm_snapshot_generation_peak_rss,MiB,lower,76.685546875
windows-whp-virtual-machine,2,1,22003726a9ec9046fdecfc904515221441dfb3c3,openvmm_snapshot_restore,ms,lower,137.0246
windows-whp-virtual-machine,2,1,22003726a9ec9046fdecfc904515221441dfb3c3,openvmm_snapshot_restore_guest_exit_teardown,ms,lower,22.59985
windows-whp-virtual-machine,2,1,22003726a9ec9046fdecfc904515221441dfb3c3,openvmm_snapshot_restore_peak_rss,MiB,lower,18.23046875
windows-whp-virtual-machine,2,1,22003726a9ec9046fdecfc904515221441dfb3c3,shell_snapshot_cold_128_mib,ms,lower,583.7
windows-whp-virtual-machine,2,1,22003726a9ec9046fdecfc904515221441dfb3c3,shell_snapshot_cold_256_mib,ms,lower,596.2
windows-whp-virtual-machine,2,1,22003726a9ec9046fdecfc904515221441dfb3c3,shell_snapshot_cold_512_mib,ms,lower,609.8
windows-whp-virtual-machine,2,1,22003726a9ec9046fdecfc904515221441dfb3c3,shell_snapshot_cold_64_mib,ms,lower,573.6
windows-whp-virtual-machine,2,1,22003726a9ec9046fdecfc904515221441dfb3c3,shell_snapshot_restore_128_mib,ms,lower,140.3
windows-whp-virtual-machine,2,1,22003726a9ec9046fdecfc904515221441dfb3c3,shell_snapshot_restore_256_mib,ms,lower,136.8
windows-whp-virtual-machine,2,1,22003726a9ec9046fdecfc904515221441dfb3c3,shell_snapshot_restore_512_mib,ms,lower,137.3
windows-whp-virtual-machine,2,1,22003726a9ec9046fdecfc904515221441dfb3c3,shell_snapshot_restore_64_mib,ms,lower,137.1
windows-whp-virtual-machine,2,1,22003726a9ec9046fdecfc904515221441dfb3c3,virtfs_live_read,MB/s,higher,1017.2
windows-whp-virtual-machine,2,1,22003726a9ec9046fdecfc904515221441dfb3c3,virtfs_live_roundtrip,ms,lower,843.4
windows-whp-virtual-machine,2,1,22003726a9ec9046fdecfc904515221441dfb3c3,virtfs_live_write,MB/s,higher,169
windows-whp-virtual-machine,2,1,22003726a9ec9046fdecfc904515221441dfb3c3,virtio_blk_random_read_iops,ops/s,higher,6386.15423386
windows-whp-virtual-machine,2,1,22003726a9ec9046fdecfc904515221441dfb3c3,virtio_blk_random_write_iops,ops/s,higher,6330.73450204
windows-whp-virtual-machine,2,1,22003726a9ec9046fdecfc904515221441dfb3c3,virtio_fs_random_read_iops,ops/s,higher,10561.0758464
windows-whp-virtual-machine,2,1,22003726a9ec9046fdecfc904515221441dfb3c3,virtio_fs_random_write_iops,ops/s,higher,10516.1174575
windows-whp-virtual-machine,2,1,22003726a9ec9046fdecfc904515221441dfb3c3,virtio_net_udp_roundtrip_ops,ops/s,higher,4250.98951918
windows-whp-virtual-machine,2,1,142587bbceae27ef94e08862d6a3e44024eac9e9,cold_start_base,ms,lower,585.7
windows-whp-virtual-machine,2,1,142587bbceae27ef94e08862d6a3e44024eac9e9,cold_start_clocksource,ms,lower,593.8
windows-whp-virtual-machine,2,1,142587bbceae27ef94e08862d6a3e44024eac9e9,cold_start_cryptomgr_notests,ms,lower,592.4
windows-whp-virtual-machine,2,1,142587bbceae27ef94e08862d6a3e44024eac9e9,cold_start_mitigations_off,ms,lower,550.1
windows-whp-virtual-machine,2,1,142587bbceae27ef94e08862d6a3e44024eac9e9,cold_start_no_timer_check,ms,lower,536.9
windows-whp-virtual-machine,2,1,142587bbceae27ef94e08862d6a3e44024eac9e9,cold_start_nokaslr,ms,lower,591.9
windows-whp-virtual-machine,2,1,142587bbceae27ef94e08862d6a3e44024eac9e9,cold_start_random_trust_cpu,ms,lower,594
windows-whp-virtual-machine,2,1,142587bbceae27ef94e08862d6a3e44024eac9e9,cold_start_rcu_expedited,ms,lower,601
windows-whp-virtual-machine,2,1,142587bbceae27ef94e08862d6a3e44024eac9e9,cold_start_tsc_reliable,ms,lower,594.2
windows-whp-virtual-machine,2,1,142587bbceae27ef94e08862d6a3e44024eac9e9,network_snapshot_cold,ms,lower,600.3
windows-whp-virtual-machine,2,1,142587bbceae27ef94e08862d6a3e44024eac9e9,network_snapshot_restore,ms,lower,175.4
windows-whp-virtual-machine,2,1,142587bbceae27ef94e08862d6a3e44024eac9e9,network_snapshot_restore_wall,ms,lower,251.3
windows-whp-virtual-machine,2,1,142587bbceae27ef94e08862d6a3e44024eac9e9,openvmm_cold_start,ms,lower,502.8913
windows-whp-virtual-machine,2,1,142587bbceae27ef94e08862d6a3e44024eac9e9,openvmm_cold_start_guest_exit_teardown,ms,lower,51.50435
windows-whp-virtual-machine,2,1,142587bbceae27ef94e08862d6a3e44024eac9e9,openvmm_cold_start_peak_rss,MiB,lower,73.935546875
windows-whp-virtual-machine,2,1,142587bbceae27ef94e08862d6a3e44024eac9e9,openvmm_snapshot_generation,ms,lower,758.20525
windows-whp-virtual-machine,2,1,142587bbceae27ef94e08862d6a3e44024eac9e9,openvmm_snapshot_generation_peak_rss,MiB,lower,76.67578125
windows-whp-virtual-machine,2,1,142587bbceae27ef94e08862d6a3e44024eac9e9,openvmm_snapshot_restore,ms,lower,131.57075
windows-whp-virtual-machine,2,1,142587bbceae27ef94e08862d6a3e44024eac9e9,openvmm_snapshot_restore_guest_exit_teardown,ms,lower,24.43495
windows-whp-virtual-machine,2,1,142587bbceae27ef94e08862d6a3e44024eac9e9,openvmm_snapshot_restore_peak_rss,MiB,lower,18.2421875
windows-whp-virtual-machine,2,1,142587bbceae27ef94e08862d6a3e44024eac9e9,shell_snapshot_cold_128_mib,ms,lower,589.4
windows-whp-virtual-machine,2,1,142587bbceae27ef94e08862d6a3e44024eac9e9,shell_snapshot_cold_256_mib,ms,lower,601
windows-whp-virtual-machine,2,1,142587bbceae27ef94e08862d6a3e44024eac9e9,shell_snapshot_cold_512_mib,ms,lower,605.2
windows-whp-virtual-machine,2,1,142587bbceae27ef94e08862d6a3e44024eac9e9,shell_snapshot_cold_64_mib,ms,lower,579.9
windows-whp-virtual-machine,2,1,142587bbceae27ef94e08862d6a3e44024eac9e9,shell_snapshot_restore_128_mib,ms,lower,141.2
windows-whp-virtual-machine,2,1,142587bbceae27ef94e08862d6a3e44024eac9e9,shell_snapshot_restore_256_mib,ms,lower,139.2
windows-whp-virtual-machine,2,1,142587bbceae27ef94e08862d6a3e44024eac9e9,shell_snapshot_restore_512_mib,ms,lower,138.4
windows-whp-virtual-machine,2,1,142587bbceae27ef94e08862d6a3e44024eac9e9,shell_snapshot_restore_64_mib,ms,lower,135.7
windows-whp-virtual-machine,2,1,142587bbceae27ef94e08862d6a3e44024eac9e9,virtfs_live_read,MB/s,higher,1600
windows-whp-virtual-machine,2,1,142587bbceae27ef94e08862d6a3e44024eac9e9,virtfs_live_roundtrip,ms,lower,822
windows-whp-virtual-machine,2,1,142587bbceae27ef94e08862d6a3e44024eac9e9,virtfs_live_write,MB/s,higher,172.2
windows-whp-virtual-machine,2,1,142587bbceae27ef94e08862d6a3e44024eac9e9,virtio_blk_random_read_iops,ops/s,higher,6477.4663717
windows-whp-virtual-machine,2,1,142587bbceae27ef94e08862d6a3e44024eac9e9,virtio_blk_random_write_iops,ops/s,higher,6462.75943625
windows-whp-virtual-machine,2,1,142587bbceae27ef94e08862d6a3e44024eac9e9,virtio_fs_random_read_iops,ops/s,higher,10577.5865595
windows-whp-virtual-machine,2,1,142587bbceae27ef94e08862d6a3e44024eac9e9,virtio_fs_random_write_iops,ops/s,higher,10647.1494628
windows-whp-virtual-machine,2,1,142587bbceae27ef94e08862d6a3e44024eac9e9,virtio_net_udp_roundtrip_ops,ops/s,higher,4401.5053252
windows-whp-virtual-machine,2,1,3644cbc18c57b900c61bdcd0ce8b6a64586f7b4b,cold_start_base,ms,lower,586
windows-whp-virtual-machine,2,1,3644cbc18c57b900c61bdcd0ce8b6a64586f7b4b,cold_start_clocksource,ms,lower,591.3
windows-whp-virtual-machine,2,1,3644cbc18c57b900c61bdcd0ce8b6a64586f7b4b,cold_start_cryptomgr_notests,ms,lower,578.6
windows-whp-virtual-machine,2,1,3644cbc18c57b900c61bdcd0ce8b6a64586f7b4b,cold_start_mitigations_off,ms,lower,553
windows-whp-virtual-machine,2,1,3644cbc18c57b900c61bdcd0ce8b6a64586f7b4b,cold_start_no_timer_check,ms,lower,536.4
windows-whp-virtual-machine,2,1,3644cbc18c57b900c61bdcd0ce8b6a64586f7b4b,cold_start_nokaslr,ms,lower,583.2
windows-whp-virtual-machine,2,1,3644cbc18c57b900c61bdcd0ce8b6a64586f7b4b,cold_start_random_trust_cpu,ms,lower,592.7
windows-whp-virtual-machine,2,1,3644cbc18c57b900c61bdcd0ce8b6a64586f7b4b,cold_start_rcu_expedited,ms,lower,584.1
windows-whp-virtual-machine,2,1,3644cbc18c57b900c61bdcd0ce8b6a64586f7b4b,cold_start_tsc_reliable,ms,lower,581.1
windows-whp-virtual-machine,2,1,3644cbc18c57b900c61bdcd0ce8b6a64586f7b4b,network_snapshot_cold,ms,lower,604.8
windows-whp-virtual-machine,2,1,3644cbc18c57b900c61bdcd0ce8b6a64586f7b4b,network_snapshot_restore,ms,lower,175.8
windows-whp-virtual-machine,2,1,3644cbc18c57b900c61bdcd0ce8b6a64586f7b4b,network_snapshot_restore_wall,ms,lower,251.3
windows-whp-virtual-machine,2,1,3644cbc18c57b900c61bdcd0ce8b6a64586f7b4b,openvmm_cold_start,ms,lower,499.6769
windows-whp-virtual-machine,2,1,3644cbc18c57b900c61bdcd0ce8b6a64586f7b4b,openvmm_cold_start_guest_exit_teardown,ms,lower,50.71355
windows-whp-virtual-machine,2,1,3644cbc18c57b900c61bdcd0ce8b6a64586f7b4b,openvmm_cold_start_peak_rss,MiB,lower,73.923828125
windows-whp-virtual-machine,2,1,3644cbc18c57b900c61bdcd0ce8b6a64586f7b4b,openvmm_snapshot_generation,ms,lower,751.4177
windows-whp-virtual-machine,2,1,3644cbc18c57b900c61bdcd0ce8b6a64586f7b4b,openvmm_snapshot_generation_peak_rss,MiB,lower,76.693359375
windows-whp-virtual-machine,2,1,3644cbc18c57b900c61bdcd0ce8b6a64586f7b4b,openvmm_snapshot_restore,ms,lower,138.2846
windows-whp-virtual-machine,2,1,3644cbc18c57b900c61bdcd0ce8b6a64586f7b4b,openvmm_snapshot_restore_guest_exit_teardown,ms,lower,22.94655
windows-whp-virtual-machine,2,1,3644cbc18c57b900c61bdcd0ce8b6a64586f7b4b,openvmm_snapshot_restore_peak_rss,MiB,lower,18.2265625
windows-whp-virtual-machine,2,1,3644cbc18c57b900c61bdcd0ce8b6a64586f7b4b,shell_snapshot_cold_128_mib,ms,lower,588.9
windows-whp-virtual-machine,2,1,3644cbc18c57b900c61bdcd0ce8b6a64586f7b4b,shell_snapshot_cold_256_mib,ms,lower,598.7
windows-whp-virtual-machine,2,1,3644cbc18c57b900c61bdcd0ce8b6a64586f7b4b,shell_snapshot_cold_512_mib,ms,lower,596.2
windows-whp-virtual-machine,2,1,3644cbc18c57b900c61bdcd0ce8b6a64586f7b4b,shell_snapshot_cold_64_mib,ms,lower,575.2
windows-whp-virtual-machine,2,1,3644cbc18c57b900c61bdcd0ce8b6a64586f7b4b,shell_snapshot_restore_128_mib,ms,lower,128.9
windows-whp-virtual-machine,2,1,3644cbc18c57b900c61bdcd0ce8b6a64586f7b4b,shell_snapshot_restore_256_mib,ms,lower,132.3
windows-whp-virtual-machine,2,1,3644cbc18c57b900c61bdcd0ce8b6a64586f7b4b,shell_snapshot_restore_512_mib,ms,lower,132.3
windows-whp-virtual-machine,2,1,3644cbc18c57b900c61bdcd0ce8b6a64586f7b4b,shell_snapshot_restore_64_mib,ms,lower,135.2
windows-whp-virtual-machine,2,1,3644cbc18c57b900c61bdcd0ce8b6a64586f7b4b,virtfs_live_read,MB/s,higher,1700
windows-whp-virtual-machine,2,1,3644cbc18c57b900c61bdcd0ce8b6a64586f7b4b,virtfs_live_roundtrip,ms,lower,820.2
windows-whp-virtual-machine,2,1,3644cbc18c57b900c61bdcd0ce8b6a64586f7b4b,virtfs_live_write,MB/s,higher,179.4
windows-whp-virtual-machine,2,1,3644cbc18c57b900c61bdcd0ce8b6a64586f7b4b,virtio_blk_random_read_iops,ops/s,higher,6509.96402683
windows-whp-virtual-machine,2,1,3644cbc18c57b900c61bdcd0ce8b6a64586f7b4b,virtio_blk_random_write_iops,ops/s,higher,6277.36164909
windows-whp-virtual-machine,2,1,3644cbc18c57b900c61bdcd0ce8b6a64586f7b4b,virtio_fs_random_read_iops,ops/s,higher,10759.4662306
windows-whp-virtual-machine,2,1,3644cbc18c57b900c61bdcd0ce8b6a64586f7b4b,virtio_fs_random_write_iops,ops/s,higher,10419.1812549
windows-whp-virtual-machine,2,1,3644cbc18c57b900c61bdcd0ce8b6a64586f7b4b,virtio_net_udp_roundtrip_ops,ops/s,higher,4308.71151478
windows-whp-virtual-machine,2,1,5c86da3dff0267a1771d5954a16ba9807e9504be,cold_start_base,ms,lower,585.7
windows-whp-virtual-machine,2,1,5c86da3dff0267a1771d5954a16ba9807e9504be,cold_start_clocksource,ms,lower,592.2
windows-whp-virtual-machine,2,1,5c86da3dff0267a1771d5954a16ba9807e9504be,cold_start_cryptomgr_notests,ms,lower,589.1
windows-whp-virtual-machine,2,1,5c86da3dff0267a1771d5954a16ba9807e9504be,cold_start_mitigations_off,ms,lower,552.9
windows-whp-virtual-machine,2,1,5c86da3dff0267a1771d5954a16ba9807e9504be,cold_start_no_timer_check,ms,lower,536.9
windows-whp-virtual-machine,2,1,5c86da3dff0267a1771d5954a16ba9807e9504be,cold_start_nokaslr,ms,lower,590.3
windows-whp-virtual-machine,2,1,5c86da3dff0267a1771d5954a16ba9807e9504be,cold_start_random_trust_cpu,ms,lower,589.5
windows-whp-virtual-machine,2,1,5c86da3dff0267a1771d5954a16ba9807e9504be,cold_start_rcu_expedited,ms,lower,594.8
windows-whp-virtual-machine,2,1,5c86da3dff0267a1771d5954a16ba9807e9504be,cold_start_tsc_reliable,ms,lower,579.3
windows-whp-virtual-machine,2,1,5c86da3dff0267a1771d5954a16ba9807e9504be,network_snapshot_cold,ms,lower,597
windows-whp-virtual-machine,2,1,5c86da3dff0267a1771d5954a16ba9807e9504be,network_snapshot_restore,ms,lower,174.9
windows-whp-virtual-machine,2,1,5c86da3dff0267a1771d5954a16ba9807e9504be,network_snapshot_restore_wall,ms,lower,249.2
windows-whp-virtual-machine,2,1,5c86da3dff0267a1771d5954a16ba9807e9504be,openvmm_cold_start,ms,lower,499.60375
windows-whp-virtual-machine,2,1,5c86da3dff0267a1771d5954a16ba9807e9504be,openvmm_cold_start_guest_exit_teardown,ms,lower,48.7123
windows-whp-virtual-machine,2,1,5c86da3dff0267a1771d5954a16ba9807e9504be,openvmm_cold_start_peak_rss,MiB,lower,73.91796875
windows-whp-virtual-machine,2,1,5c86da3dff0267a1771d5954a16ba9807e9504be,openvmm_snapshot_generation,ms,lower,750.70265
windows-whp-virtual-machine,2,1,5c86da3dff0267a1771d5954a16ba9807e9504be,openvmm_snapshot_generation_peak_rss,MiB,lower,76.662109375
windows-whp-virtual-machine,2,1,5c86da3dff0267a1771d5954a16ba9807e9504be,openvmm_snapshot_restore,ms,lower,137.7135
windows-whp-virtual-machine,2,1,5c86da3dff0267a1771d5954a16ba9807e9504be,openvmm_snapshot_restore_guest_exit_teardown,ms,lower,24.1154
windows-whp-virtual-machine,2,1,5c86da3dff0267a1771d5954a16ba9807e9504be,openvmm_snapshot_restore_peak_rss,MiB,lower,18.259765625
windows-whp-virtual-machine,2,1,5c86da3dff0267a1771d5954a16ba9807e9504be,shell_snapshot_cold_128_mib,ms,lower,590
windows-whp-virtual-machine,2,1,5c86da3dff0267a1771d5954a16ba9807e9504be,shell_snapshot_cold_256_mib,ms,lower,597.1
windows-whp-virtual-machine,2,1,5c86da3dff0267a1771d5954a16ba9807e9504be,shell_snapshot_cold_512_mib,ms,lower,597.7
windows-whp-virtual-machine,2,1,5c86da3dff0267a1771d5954a16ba9807e9504be,shell_snapshot_cold_64_mib,ms,lower,584.1
windows-whp-virtual-machine,2,1,5c86da3dff0267a1771d5954a16ba9807e9504be,shell_snapshot_restore_128_mib,ms,lower,138.1
windows-whp-virtual-machine,2,1,5c86da3dff0267a1771d5954a16ba9807e9504be,shell_snapshot_restore_256_mib,ms,lower,131.8
windows-whp-virtual-machine,2,1,5c86da3dff0267a1771d5954a16ba9807e9504be,shell_snapshot_restore_512_mib,ms,lower,133.3
windows-whp-virtual-machine,2,1,5c86da3dff0267a1771d5954a16ba9807e9504be,shell_snapshot_restore_64_mib,ms,lower,178.3
windows-whp-virtual-machine,2,1,5c86da3dff0267a1771d5954a16ba9807e9504be,virtfs_live_read,MB/s,higher,1015
windows-whp-virtual-machine,2,1,5c86da3dff0267a1771d5954a16ba9807e9504be,virtfs_live_roundtrip,ms,lower,825.9
windows-whp-virtual-machine,2,1,5c86da3dff0267a1771d5954a16ba9807e9504be,virtfs_live_write,MB/s,higher,177.4
windows-whp-virtual-machine,2,1,5c86da3dff0267a1771d5954a16ba9807e9504be,virtio_blk_random_read_iops,ops/s,higher,6468.39146346
windows-whp-virtual-machine,2,1,5c86da3dff0267a1771d5954a16ba9807e9504be,virtio_blk_random_write_iops,ops/s,higher,6348.74498834
windows-whp-virtual-machine,2,1,5c86da3dff0267a1771d5954a16ba9807e9504be,virtio_fs_random_read_iops,ops/s,higher,10577.0299444
windows-whp-virtual-machine,2,1,5c86da3dff0267a1771d5954a16ba9807e9504be,virtio_fs_random_write_iops,ops/s,higher,10500.0030083
windows-whp-virtual-machine,2,1,5c86da3dff0267a1771d5954a16ba9807e9504be,virtio_net_udp_roundtrip_ops,ops/s,higher,4342.84466908
windows-whp-virtual-machine,2,1,a1452df7fa3bea9284949f6afc68e6bc2a6b3eb3,cold_start_base,ms,lower,592
windows-whp-virtual-machine,2,1,a1452df7fa3bea9284949f6afc68e6bc2a6b3eb3,cold_start_clocksource,ms,lower,602.2
windows-whp-virtual-machine,2,1,a1452df7fa3bea9284949f6afc68e6bc2a6b3eb3,cold_start_cryptomgr_notests,ms,lower,593
windows-whp-virtual-machine,2,1,a1452df7fa3bea9284949f6afc68e6bc2a6b3eb3,cold_start_mitigations_off,ms,lower,550.9
windows-whp-virtual-machine,2,1,a1452df7fa3bea9284949f6afc68e6bc2a6b3eb3,cold_start_no_timer_check,ms,lower,541.6
windows-whp-virtual-machine,2,1,a1452df7fa3bea9284949f6afc68e6bc2a6b3eb3,cold_start_nokaslr,ms,lower,586.4
windows-whp-virtual-machine,2,1,a1452df7fa3bea9284949f6afc68e6bc2a6b3eb3,cold_start_random_trust_cpu,ms,lower,583.9
windows-whp-virtual-machine,2,1,a1452df7fa3bea9284949f6afc68e6bc2a6b3eb3,cold_start_rcu_expedited,ms,lower,582.6
windows-whp-virtual-machine,2,1,a1452df7fa3bea9284949f6afc68e6bc2a6b3eb3,cold_start_tsc_reliable,ms,lower,580.2
windows-whp-virtual-machine,2,1,a1452df7fa3bea9284949f6afc68e6bc2a6b3eb3,network_snapshot_cold,ms,lower,598.4
windows-whp-virtual-machine,2,1,a1452df7fa3bea9284949f6afc68e6bc2a6b3eb3,network_snapshot_restore,ms,lower,187.3
windows-whp-virtual-machine,2,1,a1452df7fa3bea9284949f6afc68e6bc2a6b3eb3,network_snapshot_restore_wall,ms,lower,261.5
windows-whp-virtual-machine,2,1,a1452df7fa3bea9284949f6afc68e6bc2a6b3eb3,openvmm_cold_start,ms,lower,501.37245
windows-whp-virtual-machine,2,1,a1452df7fa3bea9284949f6afc68e6bc2a6b3eb3,openvmm_cold_start_guest_exit_teardown,ms,lower,52.69215
windows-whp-virtual-machine,2,1,a1452df7fa3bea9284949f6afc68e6bc2a6b3eb3,openvmm_cold_start_peak_rss,MiB,lower,73.91015625
windows-whp-virtual-machine,2,1,a1452df7fa3bea9284949f6afc68e6bc2a6b3eb3,openvmm_snapshot_generation,ms,lower,759.58545
windows-whp-virtual-machine,2,1,a1452df7fa3bea9284949f6afc68e6bc2a6b3eb3,openvmm_snapshot_generation_peak_rss,MiB,lower,76.6875
windows-whp-virtual-machine,2,1,a1452df7fa3bea9284949f6afc68e6bc2a6b3eb3,openvmm_snapshot_restore,ms,lower,134.40675
windows-whp-virtual-machine,2,1,a1452df7fa3bea9284949f6afc68e6bc2a6b3eb3,openvmm_snapshot_restore_guest_exit_teardown,ms,lower,23.8367
windows-whp-virtual-machine,2,1,a1452df7fa3bea9284949f6afc68e6bc2a6b3eb3,openvmm_snapshot_restore_peak_rss,MiB,lower,18.244140625
windows-whp-virtual-machine,2,1,a1452df7fa3bea9284949f6afc68e6bc2a6b3eb3,shell_snapshot_cold_128_mib,ms,lower,590.2
windows-whp-virtual-machine,2,1,a1452df7fa3bea9284949f6afc68e6bc2a6b3eb3,shell_snapshot_cold_256_mib,ms,lower,592.6
windows-whp-virtual-machine,2,1,a1452df7fa3bea9284949f6afc68e6bc2a6b3eb3,shell_snapshot_cold_512_mib,ms,lower,598.9
windows-whp-virtual-machine,2,1,a1452df7fa3bea9284949f6afc68e6bc2a6b3eb3,shell_snapshot_cold_64_mib,ms,lower,570.9
windows-whp-virtual-machine,2,1,a1452df7fa3bea9284949f6afc68e6bc2a6b3eb3,shell_snapshot_restore_128_mib,ms,lower,138.5
windows-whp-virtual-machine,2,1,a1452df7fa3bea9284949f6afc68e6bc2a6b3eb3,shell_snapshot_restore_256_mib,ms,lower,130.3
windows-whp-virtual-machine,2,1,a1452df7fa3bea9284949f6afc68e6bc2a6b3eb3,shell_snapshot_restore_512_mib,ms,lower,136.2
windows-whp-virtual-machine,2,1,a1452df7fa3bea9284949f6afc68e6bc2a6b3eb3,shell_snapshot_restore_64_mib,ms,lower,132.2
windows-whp-virtual-machine,2,1,a1452df7fa3bea9284949f6afc68e6bc2a6b3eb3,virtfs_live_read,MB/s,higher,1253.4
windows-whp-virtual-machine,2,1,a1452df7fa3bea9284949f6afc68e6bc2a6b3eb3,virtfs_live_roundtrip,ms,lower,836.2
windows-whp-virtual-machine,2,1,a1452df7fa3bea9284949f6afc68e6bc2a6b3eb3,virtfs_live_write,MB/s,higher,177.7
windows-whp-virtual-machine,2,1,a1452df7fa3bea9284949f6afc68e6bc2a6b3eb3,virtio_blk_random_read_iops,ops/s,higher,6519.75539713
windows-whp-virtual-machine,2,1,a1452df7fa3bea9284949f6afc68e6bc2a6b3eb3,virtio_blk_random_write_iops,ops/s,higher,6318.12787425
windows-whp-virtual-machine,2,1,a1452df7fa3bea9284949f6afc68e6bc2a6b3eb3,virtio_fs_random_read_iops,ops/s,higher,10506.4557615
windows-whp-virtual-machine,2,1,a1452df7fa3bea9284949f6afc68e6bc2a6b3eb3,virtio_fs_random_write_iops,ops/s,higher,10535.3182093
windows-whp-virtual-machine,2,1,a1452df7fa3bea9284949f6afc68e6bc2a6b3eb3,virtio_net_udp_roundtrip_ops,ops/s,higher,4438.13464084
windows-whp-virtual-machine,2,1,2d3f5c0807b4f40b94552be32975b394b2d71ff7,cold_start_base,ms,lower,595.1
windows-whp-virtual-machine,2,1,2d3f5c0807b4f40b94552be32975b394b2d71ff7,cold_start_clocksource,ms,lower,584.4
windows-whp-virtual-machine,2,1,2d3f5c0807b4f40b94552be32975b394b2d71ff7,cold_start_cryptomgr_notests,ms,lower,583.5
windows-whp-virtual-machine,2,1,2d3f5c0807b4f40b94552be32975b394b2d71ff7,cold_start_mitigations_off,ms,lower,551.9
windows-whp-virtual-machine,2,1,2d3f5c0807b4f40b94552be32975b394b2d71ff7,cold_start_no_timer_check,ms,lower,538
windows-whp-virtual-machine,2,1,2d3f5c0807b4f40b94552be32975b394b2d71ff7,cold_start_nokaslr,ms,lower,587.3
windows-whp-virtual-machine,2,1,2d3f5c0807b4f40b94552be32975b394b2d71ff7,cold_start_random_trust_cpu,ms,lower,587.2
windows-whp-virtual-machine,2,1,2d3f5c0807b4f40b94552be32975b394b2d71ff7,cold_start_rcu_expedited,ms,lower,580.6
windows-whp-virtual-machine,2,1,2d3f5c0807b4f40b94552be32975b394b2d71ff7,cold_start_tsc_reliable,ms,lower,589
windows-whp-virtual-machine,2,1,2d3f5c0807b4f40b94552be32975b394b2d71ff7,network_snapshot_cold,ms,lower,606.3
windows-whp-virtual-machine,2,1,2d3f5c0807b4f40b94552be32975b394b2d71ff7,network_snapshot_restore,ms,lower,175.9
windows-whp-virtual-machine,2,1,2d3f5c0807b4f40b94552be32975b394b2d71ff7,network_snapshot_restore_wall,ms,lower,251.2
windows-whp-virtual-machine,2,1,2d3f5c0807b4f40b94552be32975b394b2d71ff7,openvmm_cold_start,ms,lower,503.72165
windows-whp-virtual-machine,2,1,2d3f5c0807b4f40b94552be32975b394b2d71ff7,openvmm_cold_start_guest_exit_teardown,ms,lower,52.53605
windows-whp-virtual-machine,2,1,2d3f5c0807b4f40b94552be32975b394b2d71ff7,openvmm_cold_start_peak_rss,MiB,lower,73.923828125
windows-whp-virtual-machine,2,1,2d3f5c0807b4f40b94552be32975b394b2d71ff7,openvmm_snapshot_generation,ms,lower,764.7516
windows-whp-virtual-machine,2,1,2d3f5c0807b4f40b94552be32975b394b2d71ff7,openvmm_snapshot_generation_peak_rss,MiB,lower,76.673828125
windows-whp-virtual-machine,2,1,2d3f5c0807b4f40b94552be32975b394b2d71ff7,openvmm_snapshot_restore,ms,lower,134.98
windows-whp-virtual-machine,2,1,2d3f5c0807b4f40b94552be32975b394b2d71ff7,openvmm_snapshot_restore_guest_exit_teardown,ms,lower,23.53435
windows-whp-virtual-machine,2,1,2d3f5c0807b4f40b94552be32975b394b2d71ff7,openvmm_snapshot_restore_peak_rss,MiB,lower,18.2109375
windows-whp-virtual-machine,2,1,2d3f5c0807b4f40b94552be32975b394b2d71ff7,shell_snapshot_cold_128_mib,ms,lower,580.3
windows-whp-virtual-machine,2,1,2d3f5c0807b4f40b94552be32975b394b2d71ff7,shell_snapshot_cold_256_mib,ms,lower,591.8
windows-whp-virtual-machine,2,1,2d3f5c0807b4f40b94552be32975b394b2d71ff7,shell_snapshot_cold_512_mib,ms,lower,602.5
windows-whp-virtual-machine,2,1,2d3f5c0807b4f40b94552be32975b394b2d71ff7,shell_snapshot_cold_64_mib,ms,lower,579.4
windows-whp-virtual-machine,2,1,2d3f5c0807b4f40b94552be32975b394b2d71ff7,shell_snapshot_restore_128_mib,ms,lower,136.8
windows-whp-virtual-machine,2,1,2d3f5c0807b4f40b94552be32975b394b2d71ff7,shell_snapshot_restore_256_mib,ms,lower,140
windows-whp-virtual-machine,2,1,2d3f5c0807b4f40b94552be32975b394b2d71ff7,shell_snapshot_restore_512_mib,ms,lower,141.8
windows-whp-virtual-machine,2,1,2d3f5c0807b4f40b94552be32975b394b2d71ff7,shell_snapshot_restore_64_mib,ms,lower,136.2
windows-whp-virtual-machine,2,1,2d3f5c0807b4f40b94552be32975b394b2d71ff7,virtfs_live_read,MB/s,higher,1100.9
windows-whp-virtual-machine,2,1,2d3f5c0807b4f40b94552be32975b394b2d71ff7,virtfs_live_roundtrip,ms,lower,820.8
windows-whp-virtual-machine,2,1,2d3f5c0807b4f40b94552be32975b394b2d71ff7,virtfs_live_write,MB/s,higher,175
windows-whp-virtual-machine,2,1,2d3f5c0807b4f40b94552be32975b394b2d71ff7,virtio_blk_random_read_iops,ops/s,higher,6443.57106061
windows-whp-virtual-machine,2,1,2d3f5c0807b4f40b94552be32975b394b2d71ff7,virtio_blk_random_write_iops,ops/s,higher,6155.04157609
windows-whp-virtual-machine,2,1,2d3f5c0807b4f40b94552be32975b394b2d71ff7,virtio_fs_random_read_iops,ops/s,higher,10459.5318407
windows-whp-virtual-machine,2,1,2d3f5c0807b4f40b94552be32975b394b2d71ff7,virtio_fs_random_write_iops,ops/s,higher,10141.3569025
windows-whp-virtual-machine,2,1,2d3f5c0807b4f40b94552be32975b394b2d71ff7,virtio_net_udp_roundtrip_ops,ops/s,higher,4329.59733047
windows-whp-virtual-machine,2,1,7131135067d5b92ccbc38ff0af698719c54be776,cold_start_base,ms,lower,592.9
windows-whp-virtual-machine,2,1,7131135067d5b92ccbc38ff0af698719c54be776,cold_start_clocksource,ms,lower,595.5
windows-whp-virtual-machine,2,1,7131135067d5b92ccbc38ff0af698719c54be776,cold_start_cryptomgr_notests,ms,lower,593.4
windows-whp-virtual-machine,2,1,7131135067d5b92ccbc38ff0af698719c54be776,cold_start_mitigations_off,ms,lower,555.9
windows-whp-virtual-machine,2,1,7131135067d5b92ccbc38ff0af698719c54be776,cold_start_no_timer_check,ms,lower,548.3
windows-whp-virtual-machine,2,1,7131135067d5b92ccbc38ff0af698719c54be776,cold_start_nokaslr,ms,lower,606.2
windows-whp-virtual-machine,2,1,7131135067d5b92ccbc38ff0af698719c54be776,cold_start_random_trust_cpu,ms,lower,592.2
windows-whp-virtual-machine,2,1,7131135067d5b92ccbc38ff0af698719c54be776,cold_start_rcu_expedited,ms,lower,599.1
windows-whp-virtual-machine,2,1,7131135067d5b92ccbc38ff0af698719c54be776,cold_start_tsc_reliable,ms,lower,587.3
windows-whp-virtual-machine,2,1,7131135067d5b92ccbc38ff0af698719c54be776,network_snapshot_cold,ms,lower,610
windows-whp-virtual-machine,2,1,7131135067d5b92ccbc38ff0af698719c54be776,network_snapshot_restore,ms,lower,166.4
windows-whp-virtual-machine,2,1,7131135067d5b92ccbc38ff0af698719c54be776,network_snapshot_restore_wall,ms,lower,245.3
windows-whp-virtual-machine,2,1,7131135067d5b92ccbc38ff0af698719c54be776,openvmm_cold_start,ms,lower,510.7772
windows-whp-virtual-machine,2,1,7131135067d5b92ccbc38ff0af698719c54be776,openvmm_cold_start_guest_exit_teardown,ms,lower,50.3398
windows-whp-virtual-machine,2,1,7131135067d5b92ccbc38ff0af698719c54be776,openvmm_cold_start_peak_rss,MiB,lower,73.91015625
windows-whp-virtual-machine,2,1,7131135067d5b92ccbc38ff0af698719c54be776,openvmm_snapshot_generation,ms,lower,747.03125
windows-whp-virtual-machine,2,1,7131135067d5b92ccbc38ff0af698719c54be776,openvmm_snapshot_generation_peak_rss,MiB,lower,76.658203125
windows-whp-virtual-machine,2,1,7131135067d5b92ccbc38ff0af698719c54be776,openvmm_snapshot_restore,ms,lower,135.75935
windows-whp-virtual-machine,2,1,7131135067d5b92ccbc38ff0af698719c54be776,openvmm_snapshot_restore_guest_exit_teardown,ms,lower,24.04205
windows-whp-virtual-machine,2,1,7131135067d5b92ccbc38ff0af698719c54be776,openvmm_snapshot_restore_peak_rss,MiB,lower,18.19921875
windows-whp-virtual-machine,2,1,7131135067d5b92ccbc38ff0af698719c54be776,shell_snapshot_cold_128_mib,ms,lower,600.4
windows-whp-virtual-machine,2,1,7131135067d5b92ccbc38ff0af698719c54be776,shell_snapshot_cold_256_mib,ms,lower,593.6
windows-whp-virtual-machine,2,1,7131135067d5b92ccbc38ff0af698719c54be776,shell_snapshot_cold_512_mib,ms,lower,619.8
windows-whp-virtual-machine,2,1,7131135067d5b92ccbc38ff0af698719c54be776,shell_snapshot_cold_64_mib,ms,lower,581.8
windows-whp-virtual-machine,2,1,7131135067d5b92ccbc38ff0af698719c54be776,shell_snapshot_restore_128_mib,ms,lower,130
windows-whp-virtual-machine,2,1,7131135067d5b92ccbc38ff0af698719c54be776,shell_snapshot_restore_256_mib,ms,lower,137.1
windows-whp-virtual-machine,2,1,7131135067d5b92ccbc38ff0af698719c54be776,shell_snapshot_restore_512_mib,ms,lower,140.4
windows-whp-virtual-machine,2,1,7131135067d5b92ccbc38ff0af698719c54be776,shell_snapshot_restore_64_mib,ms,lower,134.8
windows-whp-virtual-machine,2,1,7131135067d5b92ccbc38ff0af698719c54be776,virtfs_live_read,MB/s,higher,1111.9
windows-whp-virtual-machine,2,1,7131135067d5b92ccbc38ff0af698719c54be776,virtfs_live_roundtrip,ms,lower,817.1
windows-whp-virtual-machine,2,1,7131135067d5b92ccbc38ff0af698719c54be776,virtfs_live_write,MB/s,higher,177.2
windows-whp-virtual-machine,2,1,7131135067d5b92ccbc38ff0af698719c54be776,virtio_blk_random_read_iops,ops/s,higher,6473.0657327
windows-whp-virtual-machine,2,1,7131135067d5b92ccbc38ff0af698719c54be776,virtio_blk_random_write_iops,ops/s,higher,6155.46539277
windows-whp-virtual-machine,2,1,7131135067d5b92ccbc38ff0af698719c54be776,virtio_fs_random_read_iops,ops/s,higher,10759.0496611
windows-whp-virtual-machine,2,1,7131135067d5b92ccbc38ff0af698719c54be776,virtio_fs_random_write_iops,ops/s,higher,10330.4803411
windows-whp-virtual-machine,2,1,7131135067d5b92ccbc38ff0af698719c54be776,virtio_net_udp_roundtrip_ops,ops/s,higher,4319.33560914
windows-whp-virtual-machine,2,1,e5d97adcfc43261791269bc002a417508b70f75d,cold_start_base,ms,lower,584.5
windows-whp-virtual-machine,2,1,e5d97adcfc43261791269bc002a417508b70f75d,cold_start_clocksource,ms,lower,575.8
windows-whp-virtual-machine,2,1,e5d97adcfc43261791269bc002a417508b70f75d,cold_start_cryptomgr_notests,ms,lower,583.1
windows-whp-virtual-machine,2,1,e5d97adcfc43261791269bc002a417508b70f75d,cold_start_mitigations_off,ms,lower,549.3
windows-whp-virtual-machine,2,1,e5d97adcfc43261791269bc002a417508b70f75d,cold_start_no_timer_check,ms,lower,533.3
windows-whp-virtual-machine,2,1,e5d97adcfc43261791269bc002a417508b70f75d,cold_start_nokaslr,ms,lower,591.4
windows-whp-virtual-machine,2,1,e5d97adcfc43261791269bc002a417508b70f75d,cold_start_random_trust_cpu,ms,lower,592.5
windows-whp-virtual-machine,2,1,e5d97adcfc43261791269bc002a417508b70f75d,cold_start_rcu_expedited,ms,lower,599.3
windows-whp-virtual-machine,2,1,e5d97adcfc43261791269bc002a417508b70f75d,cold_start_tsc_reliable,ms,lower,584.2
windows-whp-virtual-machine,2,1,e5d97adcfc43261791269bc002a417508b70f75d,network_snapshot_cold,ms,lower,597.1
windows-whp-virtual-machine,2,1,e5d97adcfc43261791269bc002a417508b70f75d,network_snapshot_restore,ms,lower,178.4
windows-whp-virtual-machine,2,1,e5d97adcfc43261791269bc002a417508b70f75d,network_snapshot_restore_wall,ms,lower,253.7
windows-whp-virtual-machine,2,1,e5d97adcfc43261791269bc002a417508b70f75d,openvmm_cold_start,ms,lower,505.1457
windows-whp-virtual-machine,2,1,e5d97adcfc43261791269bc002a417508b70f75d,openvmm_cold_start_guest_exit_teardown,ms,lower,50.4413
windows-whp-virtual-machine,2,1,e5d97adcfc43261791269bc002a417508b70f75d,openvmm_cold_start_peak_rss,MiB,lower,73.908203125
windows-whp-virtual-machine,2,1,e5d97adcfc43261791269bc002a417508b70f75d,openvmm_snapshot_generation,ms,lower,757.68235
windows-whp-virtual-machine,2,1,e5d97adcfc43261791269bc002a417508b70f75d,openvmm_snapshot_generation_peak_rss,MiB,lower,76.65625
windows-whp-virtual-machine,2,1,e5d97adcfc43261791269bc002a417508b70f75d,openvmm_snapshot_restore,ms,lower,131.7545
windows-whp-virtual-machine,2,1,e5d97adcfc43261791269bc002a417508b70f75d,openvmm_snapshot_restore_guest_exit_teardown,ms,lower,23.7238
windows-whp-virtual-machine,2,1,e5d97adcfc43261791269bc002a417508b70f75d,openvmm_snapshot_restore_peak_rss,MiB,lower,18.33984375
windows-whp-virtual-machine,2,1,e5d97adcfc43261791269bc002a417508b70f75d,shell_snapshot_cold_128_mib,ms,lower,596.3
windows-whp-virtual-machine,2,1,e5d97adcfc43261791269bc002a417508b70f75d,shell_snapshot_cold_256_mib,ms,lower,586.8
windows-whp-virtual-machine,2,1,e5d97adcfc43261791269bc002a417508b70f75d,shell_snapshot_cold_512_mib,ms,lower,612.8
windows-whp-virtual-machine,2,1,e5d97adcfc43261791269bc002a417508b70f75d,shell_snapshot_cold_64_mib,ms,lower,571.5
windows-whp-virtual-machine,2,1,e5d97adcfc43261791269bc002a417508b70f75d,shell_snapshot_restore_128_mib,ms,lower,134.3
windows-whp-virtual-machine,2,1,e5d97adcfc43261791269bc002a417508b70f75d,shell_snapshot_restore_256_mib,ms,lower,137
windows-whp-virtual-machine,2,1,e5d97adcfc43261791269bc002a417508b70f75d,shell_snapshot_restore_512_mib,ms,lower,139.9
windows-whp-virtual-machine,2,1,e5d97adcfc43261791269bc002a417508b70f75d,shell_snapshot_restore_64_mib,ms,lower,137.2
windows-whp-virtual-machine,2,1,e5d97adcfc43261791269bc002a417508b70f75d,virtfs_live_read,MB/s,higher,997.1
windows-whp-virtual-machine,2,1,e5d97adcfc43261791269bc002a417508b70f75d,virtfs_live_roundtrip,ms,lower,819.3
windows-whp-virtual-machine,2,1,e5d97adcfc43261791269bc002a417508b70f75d,virtfs_live_write,MB/s,higher,179.9
windows-whp-virtual-machine,2,1,e5d97adcfc43261791269bc002a417508b70f75d,virtio_blk_random_read_iops,ops/s,higher,6476.91846341
windows-whp-virtual-machine,2,1,e5d97adcfc43261791269bc002a417508b70f75d,virtio_blk_random_write_iops,ops/s,higher,6395.82418272
windows-whp-virtual-machine,2,1,e5d97adcfc43261791269bc002a417508b70f75d,virtio_fs_random_read_iops,ops/s,higher,10744.6227132
windows-whp-virtual-machine,2,1,e5d97adcfc43261791269bc002a417508b70f75d,virtio_fs_random_write_iops,ops/s,higher,10818.8836524
windows-whp-virtual-machine,2,1,e5d97adcfc43261791269bc002a417508b70f75d,virtio_net_udp_roundtrip_ops,ops/s,higher,4318.76792879
windows-whp-virtual-machine,2,1,d561c4300ebe854baba5d154056ead6f9d462047,cold_start_base,ms,lower,593.8
windows-whp-virtual-machine,2,1,d561c4300ebe854baba5d154056ead6f9d462047,cold_start_clocksource,ms,lower,586.9
windows-whp-virtual-machine,2,1,d561c4300ebe854baba5d154056ead6f9d462047,cold_start_cryptomgr_notests,ms,lower,586.7
windows-whp-virtual-machine,2,1,d561c4300ebe854baba5d154056ead6f9d462047,cold_start_mitigations_off,ms,lower,550.2
windows-whp-virtual-machine,2,1,d561c4300ebe854baba5d154056ead6f9d462047,cold_start_no_timer_check,ms,lower,536.8
windows-whp-virtual-machine,2,1,d561c4300ebe854baba5d154056ead6f9d462047,cold_start_nokaslr,ms,lower,581.4
windows-whp-virtual-machine,2,1,d561c4300ebe854baba5d154056ead6f9d462047,cold_start_random_trust_cpu,ms,lower,596.9
windows-whp-virtual-machine,2,1,d561c4300ebe854baba5d154056ead6f9d462047,cold_start_rcu_expedited,ms,lower,590.5
windows-whp-virtual-machine,2,1,d561c4300ebe854baba5d154056ead6f9d462047,cold_start_tsc_reliable,ms,lower,597.6
windows-whp-virtual-machine,2,1,d561c4300ebe854baba5d154056ead6f9d462047,network_snapshot_cold,ms,lower,607
windows-whp-virtual-machine,2,1,d561c4300ebe854baba5d154056ead6f9d462047,network_snapshot_restore,ms,lower,172.1
windows-whp-virtual-machine,2,1,d561c4300ebe854baba5d154056ead6f9d462047,network_snapshot_restore_wall,ms,lower,244.9
windows-whp-virtual-machine,2,1,d561c4300ebe854baba5d154056ead6f9d462047,openvmm_cold_start,ms,lower,510.12505
windows-whp-virtual-machine,2,1,d561c4300ebe854baba5d154056ead6f9d462047,openvmm_cold_start_guest_exit_teardown,ms,lower,51.87705
windows-whp-virtual-machine,2,1,d561c4300ebe854baba5d154056ead6f9d462047,openvmm_cold_start_peak_rss,MiB,lower,73.91796875
windows-whp-virtual-machine,2,1,d561c4300ebe854baba5d154056ead6f9d462047,openvmm_snapshot_generation,ms,lower,760.13705
windows-whp-virtual-machine,2,1,d561c4300ebe854baba5d154056ead6f9d462047,openvmm_snapshot_generation_peak_rss,MiB,lower,76.66015625
windows-whp-virtual-machine,2,1,d561c4300ebe854baba5d154056ead6f9d462047,openvmm_snapshot_restore,ms,lower,141.9908
windows-whp-virtual-machine,2,1,d561c4300ebe854baba5d154056ead6f9d462047,openvmm_snapshot_restore_guest_exit_teardown,ms,lower,23.2858
windows-whp-virtual-machine,2,1,d561c4300ebe854baba5d154056ead6f9d462047,openvmm_snapshot_restore_peak_rss,MiB,lower,18.30078125
windows-whp-virtual-machine,2,1,d561c4300ebe854baba5d154056ead6f9d462047,shell_snapshot_cold_128_mib,ms,lower,594.9
windows-whp-virtual-machine,2,1,d561c4300ebe854baba5d154056ead6f9d462047,shell_snapshot_cold_256_mib,ms,lower,602.1
windows-whp-virtual-machine,2,1,d561c4300ebe854baba5d154056ead6f9d462047,shell_snapshot_cold_512_mib,ms,lower,602.4
windows-whp-virtual-machine,2,1,d561c4300ebe854baba5d154056ead6f9d462047,shell_snapshot_cold_64_mib,ms,lower,577.4
windows-whp-virtual-machine,2,1,d561c4300ebe854baba5d154056ead6f9d462047,shell_snapshot_restore_128_mib,ms,lower,133.5
windows-whp-virtual-machine,2,1,d561c4300ebe854baba5d154056ead6f9d462047,shell_snapshot_restore_256_mib,ms,lower,137
windows-whp-virtual-machine,2,1,d561c4300ebe854baba5d154056ead6f9d462047,shell_snapshot_restore_512_mib,ms,lower,133.9
windows-whp-virtual-machine,2,1,d561c4300ebe854baba5d154056ead6f9d462047,shell_snapshot_restore_64_mib,ms,lower,130.5
windows-whp-virtual-machine,2,1,d561c4300ebe854baba5d154056ead6f9d462047,virtfs_live_read,MB/s,higher,1015.3
windows-whp-virtual-machine,2,1,d561c4300ebe854baba5d154056ead6f9d462047,virtfs_live_roundtrip,ms,lower,806.6
windows-whp-virtual-machine,2,1,d561c4300ebe854baba5d154056ead6f9d462047,virtfs_live_write,MB/s,higher,173.2
windows-whp-virtual-machine,2,1,d561c4300ebe854baba5d154056ead6f9d462047,virtio_blk_random_read_iops,ops/s,higher,6443.47430964
windows-whp-virtual-machine,2,1,d561c4300ebe854baba5d154056ead6f9d462047,virtio_blk_random_write_iops,ops/s,higher,6228.22296247
windows-whp-virtual-machine,2,1,d561c4300ebe854baba5d154056ead6f9d462047,virtio_fs_random_read_iops,ops/s,higher,10473.9878618
windows-whp-virtual-machine,2,1,d561c4300ebe854baba5d154056ead6f9d462047,virtio_fs_random_write_iops,ops/s,higher,10313.6896
windows-whp-virtual-machine,2,1,d561c4300ebe854baba5d154056ead6f9d462047,virtio_net_udp_roundtrip_ops,ops/s,higher,4249.70792706
windows-whp-virtual-machine,2,1,17961dfdeb160ea35cba94ac82c2ffa981f9c5fd,cold_start_base,ms,lower,533.5
windows-whp-virtual-machine,2,1,17961dfdeb160ea35cba94ac82c2ffa981f9c5fd,cold_start_clocksource,ms,lower,523.4
windows-whp-virtual-machine,2,1,17961dfdeb160ea35cba94ac82c2ffa981f9c5fd,cold_start_cryptomgr_notests,ms,lower,523.8
windows-whp-virtual-machine,2,1,17961dfdeb160ea35cba94ac82c2ffa981f9c5fd,cold_start_mitigations_off,ms,lower,494.8
windows-whp-virtual-machine,2,1,17961dfdeb160ea35cba94ac82c2ffa981f9c5fd,cold_start_no_timer_check,ms,lower,477.2
windows-whp-virtual-machine,2,1,17961dfdeb160ea35cba94ac82c2ffa981f9c5fd,cold_start_nokaslr,ms,lower,523
windows-whp-virtual-machine,2,1,17961dfdeb160ea35cba94ac82c2ffa981f9c5fd,cold_start_random_trust_cpu,ms,lower,526.3
windows-whp-virtual-machine,2,1,17961dfdeb160ea35cba94ac82c2ffa981f9c5fd,cold_start_rcu_expedited,ms,lower,524.4
windows-whp-virtual-machine,2,1,17961dfdeb160ea35cba94ac82c2ffa981f9c5fd,cold_start_tsc_reliable,ms,lower,527.4
windows-whp-virtual-machine,2,1,17961dfdeb160ea35cba94ac82c2ffa981f9c5fd,network_snapshot_cold,ms,lower,541.4
windows-whp-virtual-machine,2,1,17961dfdeb160ea35cba94ac82c2ffa981f9c5fd,network_snapshot_restore,ms,lower,150.3
windows-whp-virtual-machine,2,1,17961dfdeb160ea35cba94ac82c2ffa981f9c5fd,network_snapshot_restore_wall,ms,lower,211.8
windows-whp-virtual-machine,2,1,17961dfdeb160ea35cba94ac82c2ffa981f9c5fd,openvmm_cold_start,ms,lower,438.7117
windows-whp-virtual-machine,2,1,17961dfdeb160ea35cba94ac82c2ffa981f9c5fd,openvmm_cold_start_guest_exit_teardown,ms,lower,46.0656
windows-whp-virtual-machine,2,1,17961dfdeb160ea35cba94ac82c2ffa981f9c5fd,openvmm_cold_start_peak_rss,MiB,lower,73.927734375
windows-whp-virtual-machine,2,1,17961dfdeb160ea35cba94ac82c2ffa981f9c5fd,openvmm_snapshot_generation,ms,lower,759.83335
windows-whp-virtual-machine,2,1,17961dfdeb160ea35cba94ac82c2ffa981f9c5fd,openvmm_snapshot_generation_peak_rss,MiB,lower,76.666015625
windows-whp-virtual-machine,2,1,17961dfdeb160ea35cba94ac82c2ffa981f9c5fd,openvmm_snapshot_restore,ms,lower,121.6148
windows-whp-virtual-machine,2,1,17961dfdeb160ea35cba94ac82c2ffa981f9c5fd,openvmm_snapshot_restore_guest_exit_teardown,ms,lower,22.68045
windows-whp-virtual-machine,2,1,17961dfdeb160ea35cba94ac82c2ffa981f9c5fd,openvmm_snapshot_restore_peak_rss,MiB,lower,18.267578125
windows-whp-virtual-machine,2,1,17961dfdeb160ea35cba94ac82c2ffa981f9c5fd,shell_snapshot_cold_128_mib,ms,lower,531
windows-whp-virtual-machine,2,1,17961dfdeb160ea35cba94ac82c2ffa981f9c5fd,shell_snapshot_cold_256_mib,ms,lower,534.3
windows-whp-virtual-machine,2,1,17961dfdeb160ea35cba94ac82c2ffa981f9c5fd,shell_snapshot_cold_512_mib,ms,lower,548.1
windows-whp-virtual-machine,2,1,17961dfdeb160ea35cba94ac82c2ffa981f9c5fd,shell_snapshot_cold_64_mib,ms,lower,522.6
windows-whp-virtual-machine,2,1,17961dfdeb160ea35cba94ac82c2ffa981f9c5fd,shell_snapshot_restore_128_mib,ms,lower,119.8
windows-whp-virtual-machine,2,1,17961dfdeb160ea35cba94ac82c2ffa981f9c5fd,shell_snapshot_restore_256_mib,ms,lower,115.7
windows-whp-virtual-machine,2,1,17961dfdeb160ea35cba94ac82c2ffa981f9c5fd,shell_snapshot_restore_512_mib,ms,lower,118.9
windows-whp-virtual-machine,2,1,17961dfdeb160ea35cba94ac82c2ffa981f9c5fd,shell_snapshot_restore_64_mib,ms,lower,121.3
windows-whp-virtual-machine,2,1,17961dfdeb160ea35cba94ac82c2ffa981f9c5fd,virtfs_live_read,MB/s,higher,1006.5
windows-whp-virtual-machine,2,1,17961dfdeb160ea35cba94ac82c2ffa981f9c5fd,virtfs_live_roundtrip,ms,lower,744.8
windows-whp-virtual-machine,2,1,17961dfdeb160ea35cba94ac82c2ffa981f9c5fd,virtfs_live_write,MB/s,higher,175.1
windows-whp-virtual-machine,2,1,17961dfdeb160ea35cba94ac82c2ffa981f9c5fd,virtio_blk_random_read_iops,ops/s,higher,7622.30633626
windows-whp-virtual-machine,2,1,17961dfdeb160ea35cba94ac82c2ffa981f9c5fd,virtio_blk_random_write_iops,ops/s,higher,7482.09718082
windows-whp-virtual-machine,2,1,17961dfdeb160ea35cba94ac82c2ffa981f9c5fd,virtio_fs_random_read_iops,ops/s,higher,12174.5197311
windows-whp-virtual-machine,2,1,17961dfdeb160ea35cba94ac82c2ffa981f9c5fd,virtio_fs_random_write_iops,ops/s,higher,11839.4800271
windows-whp-virtual-machine,2,1,17961dfdeb160ea35cba94ac82c2ffa981f9c5fd,virtio_net_udp_roundtrip_ops,ops/s,higher,4801.80101383
windows-whp-virtual-machine,2,1,c0921961442cfa17fdfff3889bbe17e78cfe3afd,cold_start_base,ms,lower,526.8
windows-whp-virtual-machine,2,1,c0921961442cfa17fdfff3889bbe17e78cfe3afd,cold_start_clocksource,ms,lower,530.6
windows-whp-virtual-machine,2,1,c0921961442cfa17fdfff3889bbe17e78cfe3afd,cold_start_cryptomgr_notests,ms,lower,531.9
windows-whp-virtual-machine,2,1,c0921961442cfa17fdfff3889bbe17e78cfe3afd,cold_start_mitigations_off,ms,lower,495.3
windows-whp-virtual-machine,2,1,c0921961442cfa17fdfff3889bbe17e78cfe3afd,cold_start_no_timer_check,ms,lower,476.5
windows-whp-virtual-machine,2,1,c0921961442cfa17fdfff3889bbe17e78cfe3afd,cold_start_nokaslr,ms,lower,529
windows-whp-virtual-machine,2,1,c0921961442cfa17fdfff3889bbe17e78cfe3afd,cold_start_random_trust_cpu,ms,lower,515.9
windows-whp-virtual-machine,2,1,c0921961442cfa17fdfff3889bbe17e78cfe3afd,cold_start_rcu_expedited,ms,lower,535
windows-whp-virtual-machine,2,1,c0921961442cfa17fdfff3889bbe17e78cfe3afd,cold_start_tsc_reliable,ms,lower,531.2
windows-whp-virtual-machine,2,1,c0921961442cfa17fdfff3889bbe17e78cfe3afd,network_snapshot_cold,ms,lower,538.8
windows-whp-virtual-machine,2,1,c0921961442cfa17fdfff3889bbe17e78cfe3afd,network_snapshot_restore,ms,lower,146.1
windows-whp-virtual-machine,2,1,c0921961442cfa17fdfff3889bbe17e78cfe3afd,network_snapshot_restore_wall,ms,lower,211.2
windows-whp-virtual-machine,2,1,c0921961442cfa17fdfff3889bbe17e78cfe3afd,openvmm_cold_start,ms,lower,442.67225
windows-whp-virtual-machine,2,1,c0921961442cfa17fdfff3889bbe17e78cfe3afd,openvmm_cold_start_guest_exit_teardown,ms,lower,43.99785
windows-whp-virtual-machine,2,1,c0921961442cfa17fdfff3889bbe17e78cfe3afd,openvmm_cold_start_peak_rss,MiB,lower,73.92578125
windows-whp-virtual-machine,2,1,c0921961442cfa17fdfff3889bbe17e78cfe3afd,openvmm_snapshot_generation,ms,lower,762.0962
windows-whp-virtual-machine,2,1,c0921961442cfa17fdfff3889bbe17e78cfe3afd,openvmm_snapshot_generation_peak_rss,MiB,lower,76.654296875
windows-whp-virtual-machine,2,1,c0921961442cfa17fdfff3889bbe17e78cfe3afd,openvmm_snapshot_restore,ms,lower,127.09095
windows-whp-virtual-machine,2,1,c0921961442cfa17fdfff3889bbe17e78cfe3afd,openvmm_snapshot_restore_guest_exit_teardown,ms,lower,23.0336
windows-whp-virtual-machine,2,1,c0921961442cfa17fdfff3889bbe17e78cfe3afd,openvmm_snapshot_restore_peak_rss,MiB,lower,18.275390625
windows-whp-virtual-machine,2,1,c0921961442cfa17fdfff3889bbe17e78cfe3afd,shell_snapshot_cold_128_mib,ms,lower,536.5
windows-whp-virtual-machine,2,1,c0921961442cfa17fdfff3889bbe17e78cfe3afd,shell_snapshot_cold_256_mib,ms,lower,532.7
windows-whp-virtual-machine,2,1,c0921961442cfa17fdfff3889bbe17e78cfe3afd,shell_snapshot_cold_512_mib,ms,lower,544.3
windows-whp-virtual-machine,2,1,c0921961442cfa17fdfff3889bbe17e78cfe3afd,shell_snapshot_cold_64_mib,ms,lower,520.8
windows-whp-virtual-machine,2,1,c0921961442cfa17fdfff3889bbe17e78cfe3afd,shell_snapshot_restore_128_mib,ms,lower,118.3
windows-whp-virtual-machine,2,1,c0921961442cfa17fdfff3889bbe17e78cfe3afd,shell_snapshot_restore_256_mib,ms,lower,117.2
windows-whp-virtual-machine,2,1,c0921961442cfa17fdfff3889bbe17e78cfe3afd,shell_snapshot_restore_512_mib,ms,lower,123.3
windows-whp-virtual-machine,2,1,c0921961442cfa17fdfff3889bbe17e78cfe3afd,shell_snapshot_restore_64_mib,ms,lower,117.3
windows-whp-virtual-machine,2,1,c0921961442cfa17fdfff3889bbe17e78cfe3afd,virtfs_live_read,MB/s,higher,1150
windows-whp-virtual-machine,2,1,c0921961442cfa17fdfff3889bbe17e78cfe3afd,virtfs_live_roundtrip,ms,lower,728.5
windows-whp-virtual-machine,2,1,c0921961442cfa17fdfff3889bbe17e78cfe3afd,virtfs_live_write,MB/s,higher,177.2
windows-whp-virtual-machine,2,1,c0921961442cfa17fdfff3889bbe17e78cfe3afd,virtio_blk_random_read_iops,ops/s,higher,7674.45137301
windows-whp-virtual-machine,2,1,c0921961442cfa17fdfff3889bbe17e78cfe3afd,virtio_blk_random_write_iops,ops/s,higher,7661.46239606
windows-whp-virtual-machine,2,1,c0921961442cfa17fdfff3889bbe17e78cfe3afd,virtio_fs_random_read_iops,ops/s,higher,12207.1299468
windows-whp-virtual-machine,2,1,c0921961442cfa17fdfff3889bbe17e78cfe3afd,virtio_fs_random_write_iops,ops/s,higher,11834.9041215
windows-whp-virtual-machine,2,1,c0921961442cfa17fdfff3889bbe17e78cfe3afd,virtio_net_udp_roundtrip_ops,ops/s,higher,4808.20885513
windows-whp-virtual-machine,2,1,b23800654c50168936275815a79b2af068b03317,cold_start_base,ms,lower,521.3
windows-whp-virtual-machine,2,1,b23800654c50168936275815a79b2af068b03317,cold_start_clocksource,ms,lower,516.7
windows-whp-virtual-machine,2,1,b23800654c50168936275815a79b2af068b03317,cold_start_cryptomgr_notests,ms,lower,523.9
windows-whp-virtual-machine,2,1,b23800654c50168936275815a79b2af068b03317,cold_start_mitigations_off,ms,lower,482.9
windows-whp-virtual-machine,2,1,b23800654c50168936275815a79b2af068b03317,cold_start_no_timer_check,ms,lower,474.1
windows-whp-virtual-machine,2,1,b23800654c50168936275815a79b2af068b03317,cold_start_nokaslr,ms,lower,521.2
windows-whp-virtual-machine,2,1,b23800654c50168936275815a79b2af068b03317,cold_start_random_trust_cpu,ms,lower,520.4
windows-whp-virtual-machine,2,1,b23800654c50168936275815a79b2af068b03317,cold_start_rcu_expedited,ms,lower,523.4
windows-whp-virtual-machine,2,1,b23800654c50168936275815a79b2af068b03317,cold_start_tsc_reliable,ms,lower,514.5
windows-whp-virtual-machine,2,1,b23800654c50168936275815a79b2af068b03317,network_snapshot_cold,ms,lower,533
windows-whp-virtual-machine,2,1,b23800654c50168936275815a79b2af068b03317,network_snapshot_restore,ms,lower,154.1
windows-whp-virtual-machine,2,1,b23800654c50168936275815a79b2af068b03317,network_snapshot_restore_wall,ms,lower,219.1
windows-whp-virtual-machine,2,1,b23800654c50168936275815a79b2af068b03317,openvmm_cold_start,ms,lower,441.8057
windows-whp-virtual-machine,2,1,b23800654c50168936275815a79b2af068b03317,openvmm_cold_start_guest_exit_teardown,ms,lower,42.48365
windows-whp-virtual-machine,2,1,b23800654c50168936275815a79b2af068b03317,openvmm_cold_start_peak_rss,MiB,lower,73.951171875
windows-whp-virtual-machine,2,1,b23800654c50168936275815a79b2af068b03317,openvmm_snapshot_generation,ms,lower,759.1291
windows-whp-virtual-machine,2,1,b23800654c50168936275815a79b2af068b03317,openvmm_snapshot_generation_peak_rss,MiB,lower,76.67578125
windows-whp-virtual-machine,2,1,b23800654c50168936275815a79b2af068b03317,openvmm_snapshot_restore,ms,lower,112.79965
windows-whp-virtual-machine,2,1,b23800654c50168936275815a79b2af068b03317,openvmm_snapshot_restore_guest_exit_teardown,ms,lower,21.89735
windows-whp-virtual-machine,2,1,b23800654c50168936275815a79b2af068b03317,openvmm_snapshot_restore_peak_rss,MiB,lower,18.29296875
windows-whp-virtual-machine,2,1,b23800654c50168936275815a79b2af068b03317,shell_snapshot_cold_128_mib,ms,lower,519
windows-whp-virtual-machine,2,1,b23800654c50168936275815a79b2af068b03317,shell_snapshot_cold_256_mib,ms,lower,524.3
windows-whp-virtual-machine,2,1,b23800654c50168936275815a79b2af068b03317,shell_snapshot_cold_512_mib,ms,lower,532.4
windows-whp-virtual-machine,2,1,b23800654c50168936275815a79b2af068b03317,shell_snapshot_cold_64_mib,ms,lower,509.9
windows-whp-virtual-machine,2,1,b23800654c50168936275815a79b2af068b03317,shell_snapshot_restore_128_mib,ms,lower,107.3
windows-whp-virtual-machine,2,1,b23800654c50168936275815a79b2af068b03317,shell_snapshot_restore_256_mib,ms,lower,111.7
windows-whp-virtual-machine,2,1,b23800654c50168936275815a79b2af068b03317,shell_snapshot_restore_512_mib,ms,lower,114.4
windows-whp-virtual-machine,2,1,b23800654c50168936275815a79b2af068b03317,shell_snapshot_restore_64_mib,ms,lower,110.9
windows-whp-virtual-machine,2,1,b23800654c50168936275815a79b2af068b03317,virtfs_live_read,MB/s,higher,1200
windows-whp-virtual-machine,2,1,b23800654c50168936275815a79b2af068b03317,virtfs_live_roundtrip,ms,lower,735.3
windows-whp-virtual-machine,2,1,b23800654c50168936275815a79b2af068b03317,virtfs_live_write,MB/s,higher,168.9
windows-whp-virtual-machine,2,1,b23800654c50168936275815a79b2af068b03317,virtio_blk_random_read_iops,ops/s,higher,7498.74294924
windows-whp-virtual-machine,2,1,b23800654c50168936275815a79b2af068b03317,virtio_blk_random_write_iops,ops/s,higher,7405.09825878
windows-whp-virtual-machine,2,1,b23800654c50168936275815a79b2af068b03317,virtio_fs_random_read_iops,ops/s,higher,11962.3239444
windows-whp-virtual-machine,2,1,b23800654c50168936275815a79b2af068b03317,virtio_fs_random_write_iops,ops/s,higher,12160.2085844
windows-whp-virtual-machine,2,1,b23800654c50168936275815a79b2af068b03317,virtio_net_udp_roundtrip_ops,ops/s,higher,4904.9819171
windows-whp-virtual-machine,2,1,62178bd4d3259532a75a75a09d159a4d798e0c7c,cold_start_base,ms,lower,522.8
windows-whp-virtual-machine,2,1,62178bd4d3259532a75a75a09d159a4d798e0c7c,cold_start_clocksource,ms,lower,520.6
windows-whp-virtual-machine,2,1,62178bd4d3259532a75a75a09d159a4d798e0c7c,cold_start_cryptomgr_notests,ms,lower,528.6
windows-whp-virtual-machine,2,1,62178bd4d3259532a75a75a09d159a4d798e0c7c,cold_start_mitigations_off,ms,lower,482
windows-whp-virtual-machine,2,1,62178bd4d3259532a75a75a09d159a4d798e0c7c,cold_start_no_timer_check,ms,lower,468.7
windows-whp-virtual-machine,2,1,62178bd4d3259532a75a75a09d159a4d798e0c7c,cold_start_nokaslr,ms,lower,527.9
windows-whp-virtual-machine,2,1,62178bd4d3259532a75a75a09d159a4d798e0c7c,cold_start_random_trust_cpu,ms,lower,527.9
windows-whp-virtual-machine,2,1,62178bd4d3259532a75a75a09d159a4d798e0c7c,cold_start_rcu_expedited,ms,lower,535.7
windows-whp-virtual-machine,2,1,62178bd4d3259532a75a75a09d159a4d798e0c7c,cold_start_tsc_reliable,ms,lower,525.5
windows-whp-virtual-machine,2,1,62178bd4d3259532a75a75a09d159a4d798e0c7c,network_snapshot_cold,ms,lower,535.3
windows-whp-virtual-machine,2,1,62178bd4d3259532a75a75a09d159a4d798e0c7c,network_snapshot_restore,ms,lower,151.2
windows-whp-virtual-machine,2,1,62178bd4d3259532a75a75a09d159a4d798e0c7c,network_snapshot_restore_wall,ms,lower,210.5
windows-whp-virtual-machine,2,1,62178bd4d3259532a75a75a09d159a4d798e0c7c,openvmm_cold_start,ms,lower,441.58785
windows-whp-virtual-machine,2,1,62178bd4d3259532a75a75a09d159a4d798e0c7c,openvmm_cold_start_guest_exit_teardown,ms,lower,43.7156
windows-whp-virtual-machine,2,1,62178bd4d3259532a75a75a09d159a4d798e0c7c,openvmm_cold_start_peak_rss,MiB,lower,73.9453125
windows-whp-virtual-machine,2,1,62178bd4d3259532a75a75a09d159a4d798e0c7c,openvmm_snapshot_generation,ms,lower,1256.26275
windows-whp-virtual-machine,2,1,62178bd4d3259532a75a75a09d159a4d798e0c7c,openvmm_snapshot_generation_peak_rss,MiB,lower,76.685546875
windows-whp-virtual-machine,2,1,62178bd4d3259532a75a75a09d159a4d798e0c7c,openvmm_snapshot_restore,ms,lower,112.02225
windows-whp-virtual-machine,2,1,62178bd4d3259532a75a75a09d159a4d798e0c7c,openvmm_snapshot_restore_guest_exit_teardown,ms,lower,21.17185
windows-whp-virtual-machine,2,1,62178bd4d3259532a75a75a09d159a4d798e0c7c,openvmm_snapshot_restore_peak_rss,MiB,lower,18.283203125
windows-whp-virtual-machine,2,1,62178bd4d3259532a75a75a09d159a4d798e0c7c,shell_snapshot_cold_128_mib,ms,lower,533.7
windows-whp-virtual-machine,2,1,62178bd4d3259532a75a75a09d159a4d798e0c7c,shell_snapshot_cold_256_mib,ms,lower,525.7
windows-whp-virtual-machine,2,1,62178bd4d3259532a75a75a09d159a4d798e0c7c,shell_snapshot_cold_512_mib,ms,lower,543.1
windows-whp-virtual-machine,2,1,62178bd4d3259532a75a75a09d159a4d798e0c7c,shell_snapshot_cold_64_mib,ms,lower,504.2
windows-whp-virtual-machine,2,1,62178bd4d3259532a75a75a09d159a4d798e0c7c,shell_snapshot_restore_128_mib,ms,lower,111.6
windows-whp-virtual-machine,2,1,62178bd4d3259532a75a75a09d159a4d798e0c7c,shell_snapshot_restore_256_mib,ms,lower,115.7
windows-whp-virtual-machine,2,1,62178bd4d3259532a75a75a09d159a4d798e0c7c,shell_snapshot_restore_512_mib,ms,lower,114.3
windows-whp-virtual-machine,2,1,62178bd4d3259532a75a75a09d159a4d798e0c7c,shell_snapshot_restore_64_mib,ms,lower,104.2
windows-whp-virtual-machine,2,1,62178bd4d3259532a75a75a09d159a4d798e0c7c,virtfs_live_read,MB/s,higher,1400
windows-whp-virtual-machine,2,1,62178bd4d3259532a75a75a09d159a4d798e0c7c,virtfs_live_roundtrip,ms,lower,740.2
windows-whp-virtual-machine,2,1,62178bd4d3259532a75a75a09d159a4d798e0c7c,virtfs_live_write,MB/s,higher,180.3
windows-whp-virtual-machine,2,1,62178bd4d3259532a75a75a09d159a4d798e0c7c,virtio_blk_random_read_iops,ops/s,higher,7520.10024484
windows-whp-virtual-machine,2,1,62178bd4d3259532a75a75a09d159a4d798e0c7c,virtio_blk_random_write_iops,ops/s,higher,7554.17669937
windows-whp-virtual-machine,2,1,62178bd4d3259532a75a75a09d159a4d798e0c7c,virtio_fs_random_read_iops,ops/s,higher,12333.7614925
windows-whp-virtual-machine,2,1,62178bd4d3259532a75a75a09d159a4d798e0c7c,virtio_fs_random_write_iops,ops/s,higher,11863.3514635
windows-whp-virtual-machine,2,1,62178bd4d3259532a75a75a09d159a4d798e0c7c,virtio_net_udp_roundtrip_ops,ops/s,higher,4891.30365089
windows-whp-virtual-machine,2,1,f58f4238a086847b24f43d24fd45450b98114718,cold_start_base,ms,lower,530.9
windows-whp-virtual-machine,2,1,f58f4238a086847b24f43d24fd45450b98114718,cold_start_clocksource,ms,lower,533.5
windows-whp-virtual-machine,2,1,f58f4238a086847b24f43d24fd45450b98114718,cold_start_cryptomgr_notests,ms,lower,574.1
windows-whp-virtual-machine,2,1,f58f4238a086847b24f43d24fd45450b98114718,cold_start_mitigations_off,ms,lower,494.9
windows-whp-virtual-machine,2,1,f58f4238a086847b24f43d24fd45450b98114718,cold_start_no_timer_check,ms,lower,481.9
windows-whp-virtual-machine,2,1,f58f4238a086847b24f43d24fd45450b98114718,cold_start_nokaslr,ms,lower,549.1
windows-whp-virtual-machine,2,1,f58f4238a086847b24f43d24fd45450b98114718,cold_start_random_trust_cpu,ms,lower,536.6
windows-whp-virtual-machine,2,1,f58f4238a086847b24f43d24fd45450b98114718,cold_start_rcu_expedited,ms,lower,538.1
windows-whp-virtual-machine,2,1,f58f4238a086847b24f43d24fd45450b98114718,cold_start_tsc_reliable,ms,lower,540.7
windows-whp-virtual-machine,2,1,f58f4238a086847b24f43d24fd45450b98114718,network_snapshot_cold,ms,lower,662.3
windows-whp-virtual-machine,2,1,f58f4238a086847b24f43d24fd45450b98114718,network_snapshot_restore,ms,lower,183
windows-whp-virtual-machine,2,1,f58f4238a086847b24f43d24fd45450b98114718,network_snapshot_restore_wall,ms,lower,256.5
windows-whp-virtual-machine,2,1,f58f4238a086847b24f43d24fd45450b98114718,openvmm_cold_start,ms,lower,442.9559
windows-whp-virtual-machine,2,1,f58f4238a086847b24f43d24fd45450b98114718,openvmm_cold_start_guest_exit_teardown,ms,lower,46.46195
windows-whp-virtual-machine,2,1,f58f4238a086847b24f43d24fd45450b98114718,openvmm_cold_start_peak_rss,MiB,lower,73.9453125
windows-whp-virtual-machine,2,1,f58f4238a086847b24f43d24fd45450b98114718,openvmm_snapshot_generation,ms,lower,742.00115
windows-whp-virtual-machine,2,1,f58f4238a086847b24f43d24fd45450b98114718,openvmm_snapshot_generation_peak_rss,MiB,lower,76.681640625
windows-whp-virtual-machine,2,1,f58f4238a086847b24f43d24fd45450b98114718,openvmm_snapshot_restore,ms,lower,119.8718
windows-whp-virtual-machine,2,1,f58f4238a086847b24f43d24fd45450b98114718,openvmm_snapshot_restore_guest_exit_teardown,ms,lower,22.1554
windows-whp-virtual-machine,2,1,f58f4238a086847b24f43d24fd45450b98114718,openvmm_snapshot_restore_peak_rss,MiB,lower,18.2421875
windows-whp-virtual-machine,2,1,f58f4238a086847b24f43d24fd45450b98114718,shell_snapshot_cold_128_mib,ms,lower,558.4
windows-whp-virtual-machine,2,1,f58f4238a086847b24f43d24fd45450b98114718,shell_snapshot_cold_256_mib,ms,lower,535.3
windows-whp-virtual-machine,2,1,f58f4238a086847b24f43d24fd45450b98114718,shell_snapshot_cold_512_mib,ms,lower,569.4
windows-whp-virtual-machine,2,1,f58f4238a086847b24f43d24fd45450b98114718,shell_snapshot_cold_64_mib,ms,lower,528.7
windows-whp-virtual-machine,2,1,f58f4238a086847b24f43d24fd45450b98114718,shell_snapshot_restore_128_mib,ms,lower,125.9
windows-whp-virtual-machine,2,1,f58f4238a086847b24f43d24fd45450b98114718,shell_snapshot_restore_256_mib,ms,lower,134.2
windows-whp-virtual-machine,2,1,f58f4238a086847b24f43d24fd45450b98114718,shell_snapshot_restore_512_mib,ms,lower,141.8
windows-whp-virtual-machine,2,1,f58f4238a086847b24f43d24fd45450b98114718,shell_snapshot_restore_64_mib,ms,lower,117.8
windows-whp-virtual-machine,2,1,f58f4238a086847b24f43d24fd45450b98114718,virtfs_live_read,MB/s,higher,1018.1
windows-whp-virtual-machine,2,1,f58f4238a086847b24f43d24fd45450b98114718,virtfs_live_roundtrip,ms,lower,748.8
windows-whp-virtual-machine,2,1,f58f4238a086847b24f43d24fd45450b98114718,virtfs_live_write,MB/s,higher,176.1
windows-whp-virtual-machine,2,1,f58f4238a086847b24f43d24fd45450b98114718,virtio_blk_random_read_iops,ops/s,higher,7230.20642067
windows-whp-virtual-machine,2,1,f58f4238a086847b24f43d24fd45450b98114718,virtio_blk_random_write_iops,ops/s,higher,7640.86835226
windows-whp-virtual-machine,2,1,f58f4238a086847b24f43d24fd45450b98114718,virtio_fs_random_read_iops,ops/s,higher,12089.0787143
windows-whp-virtual-machine,2,1,f58f4238a086847b24f43d24fd45450b98114718,virtio_fs_random_write_iops,ops/s,higher,11880.179589
windows-whp-virtual-machine,2,1,f58f4238a086847b24f43d24fd45450b98114718,virtio_net_udp_roundtrip_ops,ops/s,higher,4675.22481229
windows-whp-virtual-machine,2,1,0f167bae7183fcd550dd9b6538b0b5365c52f8f9,cold_start_base,ms,lower,594.6
windows-whp-virtual-machine,2,1,0f167bae7183fcd550dd9b6538b0b5365c52f8f9,cold_start_clocksource,ms,lower,591.8
windows-whp-virtual-machine,2,1,0f167bae7183fcd550dd9b6538b0b5365c52f8f9,cold_start_cryptomgr_notests,ms,lower,593.2
windows-whp-virtual-machine,2,1,0f167bae7183fcd550dd9b6538b0b5365c52f8f9,cold_start_mitigations_off,ms,lower,557.6
windows-whp-virtual-machine,2,1,0f167bae7183fcd550dd9b6538b0b5365c52f8f9,cold_start_no_timer_check,ms,lower,541.6
windows-whp-virtual-machine,2,1,0f167bae7183fcd550dd9b6538b0b5365c52f8f9,cold_start_nokaslr,ms,lower,591.2
windows-whp-virtual-machine,2,1,0f167bae7183fcd550dd9b6538b0b5365c52f8f9,cold_start_random_trust_cpu,ms,lower,594.5
windows-whp-virtual-machine,2,1,0f167bae7183fcd550dd9b6538b0b5365c52f8f9,cold_start_rcu_expedited,ms,lower,605.7
windows-whp-virtual-machine,2,1,0f167bae7183fcd550dd9b6538b0b5365c52f8f9,cold_start_tsc_reliable,ms,lower,596.1
windows-whp-virtual-machine,2,1,0f167bae7183fcd550dd9b6538b0b5365c52f8f9,network_snapshot_cold,ms,lower,601.8
windows-whp-virtual-machine,2,1,0f167bae7183fcd550dd9b6538b0b5365c52f8f9,network_snapshot_restore,ms,lower,178.9
windows-whp-virtual-machine,2,1,0f167bae7183fcd550dd9b6538b0b5365c52f8f9,network_snapshot_restore_wall,ms,lower,252.4
windows-whp-virtual-machine,2,1,0f167bae7183fcd550dd9b6538b0b5365c52f8f9,openvmm_cold_start,ms,lower,505.7694
windows-whp-virtual-machine,2,1,0f167bae7183fcd550dd9b6538b0b5365c52f8f9,openvmm_cold_start_guest_exit_teardown,ms,lower,50.4937
windows-whp-virtual-machine,2,1,0f167bae7183fcd550dd9b6538b0b5365c52f8f9,openvmm_cold_start_peak_rss,MiB,lower,73.92578125
windows-whp-virtual-machine,2,1,0f167bae7183fcd550dd9b6538b0b5365c52f8f9,openvmm_snapshot_generation,ms,lower,759.8011
windows-whp-virtual-machine,2,1,0f167bae7183fcd550dd9b6538b0b5365c52f8f9,openvmm_snapshot_generation_peak_rss,MiB,lower,76.681640625
windows-whp-virtual-machine,2,1,0f167bae7183fcd550dd9b6538b0b5365c52f8f9,openvmm_snapshot_restore,ms,lower,149.5953
windows-whp-virtual-machine,2,1,0f167bae7183fcd550dd9b6538b0b5365c52f8f9,openvmm_snapshot_restore_guest_exit_teardown,ms,lower,24.364
windows-whp-virtual-machine,2,1,0f167bae7183fcd550dd9b6538b0b5365c52f8f9,openvmm_snapshot_restore_peak_rss,MiB,lower,18.388671875
windows-whp-virtual-machine,2,1,0f167bae7183fcd550dd9b6538b0b5365c52f8f9,shell_snapshot_cold_128_mib,ms,lower,594.7
windows-whp-virtual-machine,2,1,0f167bae7183fcd550dd9b6538b0b5365c52f8f9,shell_snapshot_cold_256_mib,ms,lower,591.6
windows-whp-virtual-machine,2,1,0f167bae7183fcd550dd9b6538b0b5365c52f8f9,shell_snapshot_cold_512_mib,ms,lower,609
windows-whp-virtual-machine,2,1,0f167bae7183fcd550dd9b6538b0b5365c52f8f9,shell_snapshot_cold_64_mib,ms,lower,581.9
windows-whp-virtual-machine,2,1,0f167bae7183fcd550dd9b6538b0b5365c52f8f9,shell_snapshot_restore_128_mib,ms,lower,136.7
windows-whp-virtual-machine,2,1,0f167bae7183fcd550dd9b6538b0b5365c52f8f9,shell_snapshot_restore_256_mib,ms,lower,143.2
windows-whp-virtual-machine,2,1,0f167bae7183fcd550dd9b6538b0b5365c52f8f9,shell_snapshot_restore_512_mib,ms,lower,137
windows-whp-virtual-machine,2,1,0f167bae7183fcd550dd9b6538b0b5365c52f8f9,shell_snapshot_restore_64_mib,ms,lower,136.1
windows-whp-virtual-machine,2,1,0f167bae7183fcd550dd9b6538b0b5365c52f8f9,virtfs_live_read,MB/s,higher,1650
windows-whp-virtual-machine,2,1,0f167bae7183fcd550dd9b6538b0b5365c52f8f9,virtfs_live_roundtrip,ms,lower,821.2
windows-whp-virtual-machine,2,1,0f167bae7183fcd550dd9b6538b0b5365c52f8f9,virtfs_live_write,MB/s,higher,181.6
windows-whp-virtual-machine,2,1,0f167bae7183fcd550dd9b6538b0b5365c52f8f9,virtio_blk_random_read_iops,ops/s,higher,6410.3020762
windows-whp-virtual-machine,2,1,0f167bae7183fcd550dd9b6538b0b5365c52f8f9,virtio_blk_random_write_iops,ops/s,higher,6430.52966859
windows-whp-virtual-machine,2,1,0f167bae7183fcd550dd9b6538b0b5365c52f8f9,virtio_fs_random_read_iops,ops/s,higher,9967.40430964
windows-whp-virtual-machine,2,1,0f167bae7183fcd550dd9b6538b0b5365c52f8f9,virtio_fs_random_write_iops,ops/s,higher,10092.7452144
windows-whp-virtual-machine,2,1,0f167bae7183fcd550dd9b6538b0b5365c52f8f9,virtio_net_udp_roundtrip_ops,ops/s,higher,4072.13829301
windows-whp-virtual-machine,2,1,bdce9d6a351deff180a1e2b67c2a3e2c43b8866e,cold_start_base,ms,lower,541.9
windows-whp-virtual-machine,2,1,bdce9d6a351deff180a1e2b67c2a3e2c43b8866e,cold_start_clocksource,ms,lower,546.6
windows-whp-virtual-machine,2,1,bdce9d6a351deff180a1e2b67c2a3e2c43b8866e,cold_start_cryptomgr_notests,ms,lower,548.4
windows-whp-virtual-machine,2,1,bdce9d6a351deff180a1e2b67c2a3e2c43b8866e,cold_start_mitigations_off,ms,lower,501.1
windows-whp-virtual-machine,2,1,bdce9d6a351deff180a1e2b67c2a3e2c43b8866e,cold_start_no_timer_check,ms,lower,499.5
windows-whp-virtual-machine,2,1,bdce9d6a351deff180a1e2b67c2a3e2c43b8866e,cold_start_nokaslr,ms,lower,531.9
windows-whp-virtual-machine,2,1,bdce9d6a351deff180a1e2b67c2a3e2c43b8866e,cold_start_random_trust_cpu,ms,lower,540.8
windows-whp-virtual-machine,2,1,bdce9d6a351deff180a1e2b67c2a3e2c43b8866e,cold_start_rcu_expedited,ms,lower,547.5
windows-whp-virtual-machine,2,1,bdce9d6a351deff180a1e2b67c2a3e2c43b8866e,cold_start_tsc_reliable,ms,lower,555.3
windows-whp-virtual-machine,2,1,bdce9d6a351deff180a1e2b67c2a3e2c43b8866e,network_snapshot_cold,ms,lower,572
windows-whp-virtual-machine,2,1,bdce9d6a351deff180a1e2b67c2a3e2c43b8866e,network_snapshot_restore,ms,lower,164.6
windows-whp-virtual-machine,2,1,bdce9d6a351deff180a1e2b67c2a3e2c43b8866e,network_snapshot_restore_wall,ms,lower,234.1
windows-whp-virtual-machine,2,1,bdce9d6a351deff180a1e2b67c2a3e2c43b8866e,openvmm_cold_start,ms,lower,473.4606
windows-whp-virtual-machine,2,1,bdce9d6a351deff180a1e2b67c2a3e2c43b8866e,openvmm_cold_start_guest_exit_teardown,ms,lower,47.157
windows-whp-virtual-machine,2,1,bdce9d6a351deff180a1e2b67c2a3e2c43b8866e,openvmm_cold_start_peak_rss,MiB,lower,73.912109375
windows-whp-virtual-machine,2,1,bdce9d6a351deff180a1e2b67c2a3e2c43b8866e,openvmm_snapshot_generation,ms,lower,752.71915
windows-whp-virtual-machine,2,1,bdce9d6a351deff180a1e2b67c2a3e2c43b8866e,openvmm_snapshot_generation_peak_rss,MiB,lower,76.654296875
windows-whp-virtual-machine,2,1,bdce9d6a351deff180a1e2b67c2a3e2c43b8866e,openvmm_snapshot_restore,ms,lower,127.8717
windows-whp-virtual-machine,2,1,bdce9d6a351deff180a1e2b67c2a3e2c43b8866e,openvmm_snapshot_restore_guest_exit_teardown,ms,lower,22.95685
windows-whp-virtual-machine,2,1,bdce9d6a351deff180a1e2b67c2a3e2c43b8866e,openvmm_snapshot_restore_peak_rss,MiB,lower,18.240234375
windows-whp-virtual-machine,2,1,bdce9d6a351deff180a1e2b67c2a3e2c43b8866e,shell_snapshot_cold_128_mib,ms,lower,551
windows-whp-virtual-machine,2,1,bdce9d6a351deff180a1e2b67c2a3e2c43b8866e,shell_snapshot_cold_256_mib,ms,lower,556.1
windows-whp-virtual-machine,2,1,bdce9d6a351deff180a1e2b67c2a3e2c43b8866e,shell_snapshot_cold_512_mib,ms,lower,553.7
windows-whp-virtual-machine,2,1,bdce9d6a351deff180a1e2b67c2a3e2c43b8866e,shell_snapshot_cold_64_mib,ms,lower,539.8
windows-whp-virtual-machine,2,1,bdce9d6a351deff180a1e2b67c2a3e2c43b8866e,shell_snapshot_restore_128_mib,ms,lower,123.6
windows-whp-virtual-machine,2,1,bdce9d6a351deff180a1e2b67c2a3e2c43b8866e,shell_snapshot_restore_256_mib,ms,lower,126.3
windows-whp-virtual-machine,2,1,bdce9d6a351deff180a1e2b67c2a3e2c43b8866e,shell_snapshot_restore_512_mib,ms,lower,124.8
windows-whp-virtual-machine,2,1,bdce9d6a351deff180a1e2b67c2a3e2c43b8866e,shell_snapshot_restore_64_mib,ms,lower,122.4
windows-whp-virtual-machine,2,1,bdce9d6a351deff180a1e2b67c2a3e2c43b8866e,virtfs_live_read,MB/s,higher,1014
windows-whp-virtual-machine,2,1,bdce9d6a351deff180a1e2b67c2a3e2c43b8866e,virtfs_live_roundtrip,ms,lower,764.5
windows-whp-virtual-machine,2,1,bdce9d6a351deff180a1e2b67c2a3e2c43b8866e,virtfs_live_write,MB/s,higher,178.3
windows-whp-virtual-machine,2,1,bdce9d6a351deff180a1e2b67c2a3e2c43b8866e,virtio_blk_random_read_iops,ops/s,higher,7018.56488863
windows-whp-virtual-machine,2,1,bdce9d6a351deff180a1e2b67c2a3e2c43b8866e,virtio_blk_random_write_iops,ops/s,higher,6758.32093621
windows-whp-virtual-machine,2,1,bdce9d6a351deff180a1e2b67c2a3e2c43b8866e,virtio_fs_random_read_iops,ops/s,higher,11749.2674012
windows-whp-virtual-machine,2,1,bdce9d6a351deff180a1e2b67c2a3e2c43b8866e,virtio_fs_random_write_iops,ops/s,higher,11654.569737
windows-whp-virtual-machine,2,1,bdce9d6a351deff180a1e2b67c2a3e2c43b8866e,virtio_net_udp_roundtrip_ops,ops/s,higher,4496.31772434
windows-whp-virtual-machine,2,1,5bc9700a23eb79aedbf33e2c353bf9fac38b07cb,cold_start_base,ms,lower,534.5
windows-whp-virtual-machine,2,1,5bc9700a23eb79aedbf33e2c353bf9fac38b07cb,cold_start_clocksource,ms,lower,520
windows-whp-virtual-machine,2,1,5bc9700a23eb79aedbf33e2c353bf9fac38b07cb,cold_start_cryptomgr_notests,ms,lower,532.6
windows-whp-virtual-machine,2,1,5bc9700a23eb79aedbf33e2c353bf9fac38b07cb,cold_start_mitigations_off,ms,lower,487.7
windows-whp-virtual-machine,2,1,5bc9700a23eb79aedbf33e2c353bf9fac38b07cb,cold_start_no_timer_check,ms,lower,475.7
windows-whp-virtual-machine,2,1,5bc9700a23eb79aedbf33e2c353bf9fac38b07cb,cold_start_nokaslr,ms,lower,519.4
windows-whp-virtual-machine,2,1,5bc9700a23eb79aedbf33e2c353bf9fac38b07cb,cold_start_random_trust_cpu,ms,lower,529.5
windows-whp-virtual-machine,2,1,5bc9700a23eb79aedbf33e2c353bf9fac38b07cb,cold_start_rcu_expedited,ms,lower,525.3
windows-whp-virtual-machine,2,1,5bc9700a23eb79aedbf33e2c353bf9fac38b07cb,cold_start_tsc_reliable,ms,lower,530.7
windows-whp-virtual-machine,2,1,5bc9700a23eb79aedbf33e2c353bf9fac38b07cb,network_snapshot_cold,ms,lower,540.3
windows-whp-virtual-machine,2,1,5bc9700a23eb79aedbf33e2c353bf9fac38b07cb,network_snapshot_restore,ms,lower,149
windows-whp-virtual-machine,2,1,5bc9700a23eb79aedbf33e2c353bf9fac38b07cb,network_snapshot_restore_wall,ms,lower,215.8
windows-whp-virtual-machine,2,1,5bc9700a23eb79aedbf33e2c353bf9fac38b07cb,openvmm_cold_start,ms,lower,447.4967
windows-whp-virtual-machine,2,1,5bc9700a23eb79aedbf33e2c353bf9fac38b07cb,openvmm_cold_start_guest_exit_teardown,ms,lower,43.89665
windows-whp-virtual-machine,2,1,5bc9700a23eb79aedbf33e2c353bf9fac38b07cb,openvmm_cold_start_peak_rss,MiB,lower,73.91015625
windows-whp-virtual-machine,2,1,5bc9700a23eb79aedbf33e2c353bf9fac38b07cb,openvmm_snapshot_generation,ms,lower,749.40545
windows-whp-virtual-machine,2,1,5bc9700a23eb79aedbf33e2c353bf9fac38b07cb,openvmm_snapshot_generation_peak_rss,MiB,lower,76.654296875
windows-whp-virtual-machine,2,1,5bc9700a23eb79aedbf33e2c353bf9fac38b07cb,openvmm_snapshot_restore,ms,lower,114.45655
windows-whp-virtual-machine,2,1,5bc9700a23eb79aedbf33e2c353bf9fac38b07cb,openvmm_snapshot_restore_guest_exit_teardown,ms,lower,22.5379
windows-whp-virtual-machine,2,1,5bc9700a23eb79aedbf33e2c353bf9fac38b07cb,openvmm_snapshot_restore_peak_rss,MiB,lower,18.24609375
windows-whp-virtual-machine,2,1,5bc9700a23eb79aedbf33e2c353bf9fac38b07cb,shell_snapshot_cold_128_mib,ms,lower,524.3
windows-whp-virtual-machine,2,1,5bc9700a23eb79aedbf33e2c353bf9fac38b07cb,shell_snapshot_cold_256_mib,ms,lower,533
windows-whp-virtual-machine,2,1,5bc9700a23eb79aedbf33e2c353bf9fac38b07cb,shell_snapshot_cold_512_mib,ms,lower,540.6
windows-whp-virtual-machine,2,1,5bc9700a23eb79aedbf33e2c353bf9fac38b07cb,shell_snapshot_cold_64_mib,ms,lower,516.6
windows-whp-virtual-machine,2,1,5bc9700a23eb79aedbf33e2c353bf9fac38b07cb,shell_snapshot_restore_128_mib,ms,lower,124
windows-whp-virtual-machine,2,1,5bc9700a23eb79aedbf33e2c353bf9fac38b07cb,shell_snapshot_restore_256_mib,ms,lower,120.3
windows-whp-virtual-machine,2,1,5bc9700a23eb79aedbf33e2c353bf9fac38b07cb,shell_snapshot_restore_512_mib,ms,lower,121.9
windows-whp-virtual-machine,2,1,5bc9700a23eb79aedbf33e2c353bf9fac38b07cb,shell_snapshot_restore_64_mib,ms,lower,115.1
windows-whp-virtual-machine,2,1,5bc9700a23eb79aedbf33e2c353bf9fac38b07cb,virtfs_live_read,MB/s,higher,1259.2
windows-whp-virtual-machine,2,1,5bc9700a23eb79aedbf33e2c353bf9fac38b07cb,virtfs_live_roundtrip,ms,lower,745.9
windows-whp-virtual-machine,2,1,5bc9700a23eb79aedbf33e2c353bf9fac38b07cb,virtfs_live_write,MB/s,higher,178.1
windows-whp-virtual-machine,2,1,5bc9700a23eb79aedbf33e2c353bf9fac38b07cb,virtio_blk_random_read_iops,ops/s,higher,7462.96477039
windows-whp-virtual-machine,2,1,5bc9700a23eb79aedbf33e2c353bf9fac38b07cb,virtio_blk_random_write_iops,ops/s,higher,7352.36718588
windows-whp-virtual-machine,2,1,5bc9700a23eb79aedbf33e2c353bf9fac38b07cb,virtio_fs_random_read_iops,ops/s,higher,12598.1753792
windows-whp-virtual-machine,2,1,5bc9700a23eb79aedbf33e2c353bf9fac38b07cb,virtio_fs_random_write_iops,ops/s,higher,12044.7567211
windows-whp-virtual-machine,2,1,5bc9700a23eb79aedbf33e2c353bf9fac38b07cb,virtio_net_udp_roundtrip_ops,ops/s,higher,4856.82070287
windows-whp-virtual-machine,2,1,b2450fef985f8cd18f668dd08698900b1d14e631,cold_start_base,ms,lower,581.5
windows-whp-virtual-machine,2,1,b2450fef985f8cd18f668dd08698900b1d14e631,cold_start_clocksource,ms,lower,585.1
windows-whp-virtual-machine,2,1,b2450fef985f8cd18f668dd08698900b1d14e631,cold_start_cryptomgr_notests,ms,lower,588.7
windows-whp-virtual-machine,2,1,b2450fef985f8cd18f668dd08698900b1d14e631,cold_start_mitigations_off,ms,lower,557.1
windows-whp-virtual-machine,2,1,b2450fef985f8cd18f668dd08698900b1d14e631,cold_start_no_timer_check,ms,lower,532.4
windows-whp-virtual-machine,2,1,b2450fef985f8cd18f668dd08698900b1d14e631,cold_start_nokaslr,ms,lower,582.6
windows-whp-virtual-machine,2,1,b2450fef985f8cd18f668dd08698900b1d14e631,cold_start_random_trust_cpu,ms,lower,587.8
windows-whp-virtual-machine,2,1,b2450fef985f8cd18f668dd08698900b1d14e631,cold_start_rcu_expedited,ms,lower,587.6
windows-whp-virtual-machine,2,1,b2450fef985f8cd18f668dd08698900b1d14e631,cold_start_tsc_reliable,ms,lower,578.4
windows-whp-virtual-machine,2,1,b2450fef985f8cd18f668dd08698900b1d14e631,network_snapshot_cold,ms,lower,592.6
windows-whp-virtual-machine,2,1,b2450fef985f8cd18f668dd08698900b1d14e631,network_snapshot_restore,ms,lower,174.7
windows-whp-virtual-machine,2,1,b2450fef985f8cd18f668dd08698900b1d14e631,network_snapshot_restore_wall,ms,lower,253.2
windows-whp-virtual-machine,2,1,b2450fef985f8cd18f668dd08698900b1d14e631,openvmm_cold_start,ms,lower,501.87505
windows-whp-virtual-machine,2,1,b2450fef985f8cd18f668dd08698900b1d14e631,openvmm_cold_start_guest_exit_teardown,ms,lower,51.3572
windows-whp-virtual-machine,2,1,b2450fef985f8cd18f668dd08698900b1d14e631,openvmm_cold_start_peak_rss,MiB,lower,74.6640625
windows-whp-virtual-machine,2,1,b2450fef985f8cd18f668dd08698900b1d14e631,openvmm_snapshot_generation,ms,lower,777.68405
windows-whp-virtual-machine,2,1,b2450fef985f8cd18f668dd08698900b1d14e631,openvmm_snapshot_generation_peak_rss,MiB,lower,77.41796875
windows-whp-virtual-machine,2,1,b2450fef985f8cd18f668dd08698900b1d14e631,openvmm_snapshot_restore,ms,lower,127.8459
windows-whp-virtual-machine,2,1,b2450fef985f8cd18f668dd08698900b1d14e631,openvmm_snapshot_restore_guest_exit_teardown,ms,lower,23.39725
windows-whp-virtual-machine,2,1,b2450fef985f8cd18f668dd08698900b1d14e631,openvmm_snapshot_restore_peak_rss,MiB,lower,18.982421875
windows-whp-virtual-machine,2,1,b2450fef985f8cd18f668dd08698900b1d14e631,shell_snapshot_cold_128_mib,ms,lower,584.5
windows-whp-virtual-machine,2,1,b2450fef985f8cd18f668dd08698900b1d14e631,shell_snapshot_cold_256_mib,ms,lower,586
windows-whp-virtual-machine,2,1,b2450fef985f8cd18f668dd08698900b1d14e631,shell_snapshot_cold_512_mib,ms,lower,591.2
windows-whp-virtual-machine,2,1,b2450fef985f8cd18f668dd08698900b1d14e631,shell_snapshot_cold_64_mib,ms,lower,565
windows-whp-virtual-machine,2,1,b2450fef985f8cd18f668dd08698900b1d14e631,shell_snapshot_restore_128_mib,ms,lower,140
windows-whp-virtual-machine,2,1,b2450fef985f8cd18f668dd08698900b1d14e631,shell_snapshot_restore_256_mib,ms,lower,137.1
windows-whp-virtual-machine,2,1,b2450fef985f8cd18f668dd08698900b1d14e631,shell_snapshot_restore_512_mib,ms,lower,138.9
windows-whp-virtual-machine,2,1,b2450fef985f8cd18f668dd08698900b1d14e631,shell_snapshot_restore_64_mib,ms,lower,133.2
windows-whp-virtual-machine,2,1,b2450fef985f8cd18f668dd08698900b1d14e631,virtfs_live_read,MB/s,higher,1306
windows-whp-virtual-machine,2,1,b2450fef985f8cd18f668dd08698900b1d14e631,virtfs_live_roundtrip,ms,lower,812.7
windows-whp-virtual-machine,2,1,b2450fef985f8cd18f668dd08698900b1d14e631,virtfs_live_write,MB/s,higher,167.2
windows-whp-virtual-machine,2,1,b2450fef985f8cd18f668dd08698900b1d14e631,virtio_blk_random_read_iops,ops/s,higher,6617.32758978
windows-whp-virtual-machine,2,1,b2450fef985f8cd18f668dd08698900b1d14e631,virtio_blk_random_write_iops,ops/s,higher,6655.53111943
windows-whp-virtual-machine,2,1,b2450fef985f8cd18f668dd08698900b1d14e631,virtio_fs_random_read_iops,ops/s,higher,10398.9743344
windows-whp-virtual-machine,2,1,b2450fef985f8cd18f668dd08698900b1d14e631,virtio_fs_random_write_iops,ops/s,higher,10527.1340683
windows-whp-virtual-machine,2,1,b2450fef985f8cd18f668dd08698900b1d14e631,virtio_net_udp_roundtrip_ops,ops/s,higher,4308.28479194
windows-whp-virtual-machine,2,1,49ba8c1974749f3a59f6a44b7c11a5bf23ffd982,cold_start_base,ms,lower,518.8
windows-whp-virtual-machine,2,1,49ba8c1974749f3a59f6a44b7c11a5bf23ffd982,cold_start_clocksource,ms,lower,523.4
windows-whp-virtual-machine,2,1,49ba8c1974749f3a59f6a44b7c11a5bf23ffd982,cold_start_cryptomgr_notests,ms,lower,523.5
windows-whp-virtual-machine,2,1,49ba8c1974749f3a59f6a44b7c11a5bf23ffd982,cold_start_mitigations_off,ms,lower,479.6
windows-whp-virtual-machine,2,1,49ba8c1974749f3a59f6a44b7c11a5bf23ffd982,cold_start_no_timer_check,ms,lower,460.6
windows-whp-virtual-machine,2,1,49ba8c1974749f3a59f6a44b7c11a5bf23ffd982,cold_start_nokaslr,ms,lower,521.2
windows-whp-virtual-machine,2,1,49ba8c1974749f3a59f6a44b7c11a5bf23ffd982,cold_start_random_trust_cpu,ms,lower,524.9
windows-whp-virtual-machine,2,1,49ba8c1974749f3a59f6a44b7c11a5bf23ffd982,cold_start_rcu_expedited,ms,lower,516.6
windows-whp-virtual-machine,2,1,49ba8c1974749f3a59f6a44b7c11a5bf23ffd982,cold_start_tsc_reliable,ms,lower,518.9
windows-whp-virtual-machine,2,1,49ba8c1974749f3a59f6a44b7c11a5bf23ffd982,network_snapshot_cold,ms,lower,535.5
windows-whp-virtual-machine,2,1,49ba8c1974749f3a59f6a44b7c11a5bf23ffd982,network_snapshot_restore,ms,lower,139.9
windows-whp-virtual-machine,2,1,49ba8c1974749f3a59f6a44b7c11a5bf23ffd982,network_snapshot_restore_wall,ms,lower,203.3
windows-whp-virtual-machine,2,1,49ba8c1974749f3a59f6a44b7c11a5bf23ffd982,openvmm_cold_start,ms,lower,432.76905
windows-whp-virtual-machine,2,1,49ba8c1974749f3a59f6a44b7c11a5bf23ffd982,openvmm_cold_start_guest_exit_teardown,ms,lower,42.71915
windows-whp-virtual-machine,2,1,49ba8c1974749f3a59f6a44b7c11a5bf23ffd982,openvmm_cold_start_peak_rss,MiB,lower,73.91796875
windows-whp-virtual-machine,2,1,49ba8c1974749f3a59f6a44b7c11a5bf23ffd982,openvmm_snapshot_generation,ms,lower,756.1898
windows-whp-virtual-machine,2,1,49ba8c1974749f3a59f6a44b7c11a5bf23ffd982,openvmm_snapshot_generation_peak_rss,MiB,lower,76.654296875
windows-whp-virtual-machine,2,1,49ba8c1974749f3a59f6a44b7c11a5bf23ffd982,openvmm_snapshot_restore,ms,lower,122.76995
windows-whp-virtual-machine,2,1,49ba8c1974749f3a59f6a44b7c11a5bf23ffd982,openvmm_snapshot_restore_guest_exit_teardown,ms,lower,21.15205
windows-whp-virtual-machine,2,1,49ba8c1974749f3a59f6a44b7c11a5bf23ffd982,openvmm_snapshot_restore_peak_rss,MiB,lower,18.2578125
windows-whp-virtual-machine,2,1,49ba8c1974749f3a59f6a44b7c11a5bf23ffd982,shell_snapshot_cold_128_mib,ms,lower,514.7
windows-whp-virtual-machine,2,1,49ba8c1974749f3a59f6a44b7c11a5bf23ffd982,shell_snapshot_cold_256_mib,ms,lower,533.4
windows-whp-virtual-machine,2,1,49ba8c1974749f3a59f6a44b7c11a5bf23ffd982,shell_snapshot_cold_512_mib,ms,lower,522.8
windows-whp-virtual-machine,2,1,49ba8c1974749f3a59f6a44b7c11a5bf23ffd982,shell_snapshot_cold_64_mib,ms,lower,509.3
windows-whp-virtual-machine,2,1,49ba8c1974749f3a59f6a44b7c11a5bf23ffd982,shell_snapshot_restore_128_mib,ms,lower,123.1
windows-whp-virtual-machine,2,1,49ba8c1974749f3a59f6a44b7c11a5bf23ffd982,shell_snapshot_restore_256_mib,ms,lower,123.3
windows-whp-virtual-machine,2,1,49ba8c1974749f3a59f6a44b7c11a5bf23ffd982,shell_snapshot_restore_512_mib,ms,lower,121.1
windows-whp-virtual-machine,2,1,49ba8c1974749f3a59f6a44b7c11a5bf23ffd982,shell_snapshot_restore_64_mib,ms,lower,128.2
windows-whp-virtual-machine,2,1,49ba8c1974749f3a59f6a44b7c11a5bf23ffd982,virtfs_live_read,MB/s,higher,996.9
windows-whp-virtual-machine,2,1,49ba8c1974749f3a59f6a44b7c11a5bf23ffd982,virtfs_live_roundtrip,ms,lower,741.3
windows-whp-virtual-machine,2,1,49ba8c1974749f3a59f6a44b7c11a5bf23ffd982,virtfs_live_write,MB/s,higher,169.2
windows-whp-virtual-machine,2,1,49ba8c1974749f3a59f6a44b7c11a5bf23ffd982,virtio_blk_random_read_iops,ops/s,higher,7889.7386073
windows-whp-virtual-machine,2,1,49ba8c1974749f3a59f6a44b7c11a5bf23ffd982,virtio_blk_random_write_iops,ops/s,higher,7622.81479484
windows-whp-virtual-machine,2,1,49ba8c1974749f3a59f6a44b7c11a5bf23ffd982,virtio_fs_random_read_iops,ops/s,higher,12021.8088438
windows-whp-virtual-machine,2,1,49ba8c1974749f3a59f6a44b7c11a5bf23ffd982,virtio_fs_random_write_iops,ops/s,higher,11909.400906
windows-whp-virtual-machine,2,1,49ba8c1974749f3a59f6a44b7c11a5bf23ffd982,virtio_net_udp_roundtrip_ops,ops/s,higher,4879.72338656
windows-whp-virtual-machine,2,1,3f27abcd7f23ba745f8fcc0ec9eacb80195fe032,cold_start_base,ms,lower,529.1
windows-whp-virtual-machine,2,1,3f27abcd7f23ba745f8fcc0ec9eacb80195fe032,cold_start_clocksource,ms,lower,534.9
windows-whp-virtual-machine,2,1,3f27abcd7f23ba745f8fcc0ec9eacb80195fe032,cold_start_cryptomgr_notests,ms,lower,525.7
windows-whp-virtual-machine,2,1,3f27abcd7f23ba745f8fcc0ec9eacb80195fe032,cold_start_mitigations_off,ms,lower,500.5
windows-whp-virtual-machine,2,1,3f27abcd7f23ba745f8fcc0ec9eacb80195fe032,cold_start_no_timer_check,ms,lower,476.3
windows-whp-virtual-machine,2,1,3f27abcd7f23ba745f8fcc0ec9eacb80195fe032,cold_start_nokaslr,ms,lower,531.7
windows-whp-virtual-machine,2,1,3f27abcd7f23ba745f8fcc0ec9eacb80195fe032,cold_start_random_trust_cpu,ms,lower,530.1
windows-whp-virtual-machine,2,1,3f27abcd7f23ba745f8fcc0ec9eacb80195fe032,cold_start_rcu_expedited,ms,lower,534.8
windows-whp-virtual-machine,2,1,3f27abcd7f23ba745f8fcc0ec9eacb80195fe032,cold_start_tsc_reliable,ms,lower,535.8
windows-whp-virtual-machine,2,1,3f27abcd7f23ba745f8fcc0ec9eacb80195fe032,network_snapshot_cold,ms,lower,554.2
windows-whp-virtual-machine,2,1,3f27abcd7f23ba745f8fcc0ec9eacb80195fe032,network_snapshot_restore,ms,lower,152.6
windows-whp-virtual-machine,2,1,3f27abcd7f23ba745f8fcc0ec9eacb80195fe032,network_snapshot_restore_wall,ms,lower,217.7
windows-whp-virtual-machine,2,1,3f27abcd7f23ba745f8fcc0ec9eacb80195fe032,openvmm_cold_start,ms,lower,449.17635
windows-whp-virtual-machine,2,1,3f27abcd7f23ba745f8fcc0ec9eacb80195fe032,openvmm_cold_start_guest_exit_teardown,ms,lower,47.697
windows-whp-virtual-machine,2,1,3f27abcd7f23ba745f8fcc0ec9eacb80195fe032,openvmm_cold_start_peak_rss,MiB,lower,73.958984375
windows-whp-virtual-machine,2,1,3f27abcd7f23ba745f8fcc0ec9eacb80195fe032,openvmm_snapshot_generation,ms,lower,760.25025
windows-whp-virtual-machine,2,1,3f27abcd7f23ba745f8fcc0ec9eacb80195fe032,openvmm_snapshot_generation_peak_rss,MiB,lower,76.6875
windows-whp-virtual-machine,2,1,3f27abcd7f23ba745f8fcc0ec9eacb80195fe032,openvmm_snapshot_restore,ms,lower,123.17655
windows-whp-virtual-machine,2,1,3f27abcd7f23ba745f8fcc0ec9eacb80195fe032,openvmm_snapshot_restore_guest_exit_teardown,ms,lower,22.27205
windows-whp-virtual-machine,2,1,3f27abcd7f23ba745f8fcc0ec9eacb80195fe032,openvmm_snapshot_restore_peak_rss,MiB,lower,18.400390625
windows-whp-virtual-machine,2,1,3f27abcd7f23ba745f8fcc0ec9eacb80195fe032,shell_snapshot_cold_128_mib,ms,lower,530.9
windows-whp-virtual-machine,2,1,3f27abcd7f23ba745f8fcc0ec9eacb80195fe032,shell_snapshot_cold_256_mib,ms,lower,541.9
windows-whp-virtual-machine,2,1,3f27abcd7f23ba745f8fcc0ec9eacb80195fe032,shell_snapshot_cold_512_mib,ms,lower,542.2
windows-whp-virtual-machine,2,1,3f27abcd7f23ba745f8fcc0ec9eacb80195fe032,shell_snapshot_cold_64_mib,ms,lower,523
windows-whp-virtual-machine,2,1,3f27abcd7f23ba745f8fcc0ec9eacb80195fe032,shell_snapshot_restore_128_mib,ms,lower,120.8
windows-whp-virtual-machine,2,1,3f27abcd7f23ba745f8fcc0ec9eacb80195fe032,shell_snapshot_restore_256_mib,ms,lower,116.2
windows-whp-virtual-machine,2,1,3f27abcd7f23ba745f8fcc0ec9eacb80195fe032,shell_snapshot_restore_512_mib,ms,lower,118.2
windows-whp-virtual-machine,2,1,3f27abcd7f23ba745f8fcc0ec9eacb80195fe032,shell_snapshot_restore_64_mib,ms,lower,118.5
windows-whp-virtual-machine,2,1,3f27abcd7f23ba745f8fcc0ec9eacb80195fe032,virtfs_live_read,MB/s,higher,998.1
windows-whp-virtual-machine,2,1,3f27abcd7f23ba745f8fcc0ec9eacb80195fe032,virtfs_live_roundtrip,ms,lower,771.8
windows-whp-virtual-machine,2,1,3f27abcd7f23ba745f8fcc0ec9eacb80195fe032,virtfs_live_write,MB/s,higher,171.6
windows-whp-virtual-machine,2,1,3f27abcd7f23ba745f8fcc0ec9eacb80195fe032,virtio_blk_random_read_iops,ops/s,higher,7338.76088227
windows-whp-virtual-machine,2,1,3f27abcd7f23ba745f8fcc0ec9eacb80195fe032,virtio_blk_random_write_iops,ops/s,higher,7214.02056783
windows-whp-virtual-machine,2,1,3f27abcd7f23ba745f8fcc0ec9eacb80195fe032,virtio_fs_random_read_iops,ops/s,higher,12305.7157047
windows-whp-virtual-machine,2,1,3f27abcd7f23ba745f8fcc0ec9eacb80195fe032,virtio_fs_random_write_iops,ops/s,higher,11810.9495695
windows-whp-virtual-machine,2,1,3f27abcd7f23ba745f8fcc0ec9eacb80195fe032,virtio_net_udp_roundtrip_ops,ops/s,higher,4838.03969278
windows-whp-virtual-machine,2,1,0943f368781cbf6a4dff996c3a0de819e8747b60,cold_start_base,ms,lower,577.5
windows-whp-virtual-machine,2,1,0943f368781cbf6a4dff996c3a0de819e8747b60,cold_start_clocksource,ms,lower,577.8
windows-whp-virtual-machine,2,1,0943f368781cbf6a4dff996c3a0de819e8747b60,cold_start_cryptomgr_notests,ms,lower,586.9
windows-whp-virtual-machine,2,1,0943f368781cbf6a4dff996c3a0de819e8747b60,cold_start_mitigations_off,ms,lower,550
windows-whp-virtual-machine,2,1,0943f368781cbf6a4dff996c3a0de819e8747b60,cold_start_no_timer_check,ms,lower,536.5
windows-whp-virtual-machine,2,1,0943f368781cbf6a4dff996c3a0de819e8747b60,cold_start_nokaslr,ms,lower,577.2
windows-whp-virtual-machine,2,1,0943f368781cbf6a4dff996c3a0de819e8747b60,cold_start_random_trust_cpu,ms,lower,585.3
windows-whp-virtual-machine,2,1,0943f368781cbf6a4dff996c3a0de819e8747b60,cold_start_rcu_expedited,ms,lower,579.1
windows-whp-virtual-machine,2,1,0943f368781cbf6a4dff996c3a0de819e8747b60,cold_start_tsc_reliable,ms,lower,576.1
windows-whp-virtual-machine,2,1,0943f368781cbf6a4dff996c3a0de819e8747b60,network_snapshot_cold,ms,lower,592.8
windows-whp-virtual-machine,2,1,0943f368781cbf6a4dff996c3a0de819e8747b60,network_snapshot_restore,ms,lower,173.7
windows-whp-virtual-machine,2,1,0943f368781cbf6a4dff996c3a0de819e8747b60,network_snapshot_restore_wall,ms,lower,251.2
windows-whp-virtual-machine,2,1,0943f368781cbf6a4dff996c3a0de819e8747b60,openvmm_cold_start,ms,lower,488.88035
windows-whp-virtual-machine,2,1,0943f368781cbf6a4dff996c3a0de819e8747b60,openvmm_cold_start_guest_exit_teardown,ms,lower,47.9714
windows-whp-virtual-machine,2,1,0943f368781cbf6a4dff996c3a0de819e8747b60,openvmm_cold_start_peak_rss,MiB,lower,74.681640625
windows-whp-virtual-machine,2,1,0943f368781cbf6a4dff996c3a0de819e8747b60,openvmm_snapshot_generation,ms,lower,786.68615
windows-whp-virtual-machine,2,1,0943f368781cbf6a4dff996c3a0de819e8747b60,openvmm_snapshot_generation_peak_rss,MiB,lower,77.4296875
windows-whp-virtual-machine,2,1,0943f368781cbf6a4dff996c3a0de819e8747b60,openvmm_snapshot_restore,ms,lower,129.1694
windows-whp-virtual-machine,2,1,0943f368781cbf6a4dff996c3a0de819e8747b60,openvmm_snapshot_restore_guest_exit_teardown,ms,lower,22.64795
windows-whp-virtual-machine,2,1,0943f368781cbf6a4dff996c3a0de819e8747b60,openvmm_snapshot_restore_peak_rss,MiB,lower,19.056640625
windows-whp-virtual-machine,2,1,0943f368781cbf6a4dff996c3a0de819e8747b60,shell_snapshot_cold_128_mib,ms,lower,579.8
windows-whp-virtual-machine,2,1,0943f368781cbf6a4dff996c3a0de819e8747b60,shell_snapshot_cold_256_mib,ms,lower,589.3
windows-whp-virtual-machine,2,1,0943f368781cbf6a4dff996c3a0de819e8747b60,shell_snapshot_cold_512_mib,ms,lower,593.3
windows-whp-virtual-machine,2,1,0943f368781cbf6a4dff996c3a0de819e8747b60,shell_snapshot_cold_64_mib,ms,lower,561.2
windows-whp-virtual-machine,2,1,0943f368781cbf6a4dff996c3a0de819e8747b60,shell_snapshot_restore_128_mib,ms,lower,138.3
windows-whp-virtual-machine,2,1,0943f368781cbf6a4dff996c3a0de819e8747b60,shell_snapshot_restore_256_mib,ms,lower,137.8
windows-whp-virtual-machine,2,1,0943f368781cbf6a4dff996c3a0de819e8747b60,shell_snapshot_restore_512_mib,ms,lower,136.7
windows-whp-virtual-machine,2,1,0943f368781cbf6a4dff996c3a0de819e8747b60,shell_snapshot_restore_64_mib,ms,lower,136.8
windows-whp-virtual-machine,2,1,0943f368781cbf6a4dff996c3a0de819e8747b60,virtfs_live_read,MB/s,higher,1403.1
windows-whp-virtual-machine,2,1,0943f368781cbf6a4dff996c3a0de819e8747b60,virtfs_live_roundtrip,ms,lower,816.1
windows-whp-virtual-machine,2,1,0943f368781cbf6a4dff996c3a0de819e8747b60,virtfs_live_write,MB/s,higher,167.7
windows-whp-virtual-machine,2,1,0943f368781cbf6a4dff996c3a0de819e8747b60,virtio_blk_random_read_iops,ops/s,higher,6816.96561899
windows-whp-virtual-machine,2,1,0943f368781cbf6a4dff996c3a0de819e8747b60,virtio_blk_random_write_iops,ops/s,higher,6707.11390311
windows-whp-virtual-machine,2,1,0943f368781cbf6a4dff996c3a0de819e8747b60,virtio_fs_random_read_iops,ops/s,higher,10451.1625148
windows-whp-virtual-machine,2,1,0943f368781cbf6a4dff996c3a0de819e8747b60,virtio_fs_random_write_iops,ops/s,higher,10493.8290762
windows-whp-virtual-machine,2,1,0943f368781cbf6a4dff996c3a0de819e8747b60,virtio_net_udp_roundtrip_ops,ops/s,higher,4363.79616647
windows-whp-virtual-machine,2,1,950b76afa03a6db9df7c1a881bc574dfdd34e497,cold_start_base,ms,lower,529.2
windows-whp-virtual-machine,2,1,950b76afa03a6db9df7c1a881bc574dfdd34e497,cold_start_clocksource,ms,lower,527.6
windows-whp-virtual-machine,2,1,950b76afa03a6db9df7c1a881bc574dfdd34e497,cold_start_cryptomgr_notests,ms,lower,524.3
windows-whp-virtual-machine,2,1,950b76afa03a6db9df7c1a881bc574dfdd34e497,cold_start_mitigations_off,ms,lower,496.4
windows-whp-virtual-machine,2,1,950b76afa03a6db9df7c1a881bc574dfdd34e497,cold_start_no_timer_check,ms,lower,482.7
windows-whp-virtual-machine,2,1,950b76afa03a6db9df7c1a881bc574dfdd34e497,cold_start_nokaslr,ms,lower,528
windows-whp-virtual-machine,2,1,950b76afa03a6db9df7c1a881bc574dfdd34e497,cold_start_random_trust_cpu,ms,lower,535.5
windows-whp-virtual-machine,2,1,950b76afa03a6db9df7c1a881bc574dfdd34e497,cold_start_rcu_expedited,ms,lower,529.1
windows-whp-virtual-machine,2,1,950b76afa03a6db9df7c1a881bc574dfdd34e497,cold_start_tsc_reliable,ms,lower,534.3
windows-whp-virtual-machine,2,1,950b76afa03a6db9df7c1a881bc574dfdd34e497,network_snapshot_cold,ms,lower,544.6
windows-whp-virtual-machine,2,1,950b76afa03a6db9df7c1a881bc574dfdd34e497,network_snapshot_restore,ms,lower,155.8
windows-whp-virtual-machine,2,1,950b76afa03a6db9df7c1a881bc574dfdd34e497,network_snapshot_restore_wall,ms,lower,223.3
windows-whp-virtual-machine,2,1,950b76afa03a6db9df7c1a881bc574dfdd34e497,openvmm_cold_start,ms,lower,448.76935
windows-whp-virtual-machine,2,1,950b76afa03a6db9df7c1a881bc574dfdd34e497,openvmm_cold_start_guest_exit_teardown,ms,lower,45.882
windows-whp-virtual-machine,2,1,950b76afa03a6db9df7c1a881bc574dfdd34e497,openvmm_cold_start_peak_rss,MiB,lower,73.9453125
windows-whp-virtual-machine,2,1,950b76afa03a6db9df7c1a881bc574dfdd34e497,openvmm_snapshot_generation,ms,lower,754.1808
windows-whp-virtual-machine,2,1,950b76afa03a6db9df7c1a881bc574dfdd34e497,openvmm_snapshot_generation_peak_rss,MiB,lower,76.67578125
windows-whp-virtual-machine,2,1,950b76afa03a6db9df7c1a881bc574dfdd34e497,openvmm_snapshot_restore,ms,lower,116.22385
windows-whp-virtual-machine,2,1,950b76afa03a6db9df7c1a881bc574dfdd34e497,openvmm_snapshot_restore_guest_exit_teardown,ms,lower,22.2218
windows-whp-virtual-machine,2,1,950b76afa03a6db9df7c1a881bc574dfdd34e497,openvmm_snapshot_restore_peak_rss,MiB,lower,18.326171875
windows-whp-virtual-machine,2,1,950b76afa03a6db9df7c1a881bc574dfdd34e497,shell_snapshot_cold_128_mib,ms,lower,533.8
windows-whp-virtual-machine,2,1,950b76afa03a6db9df7c1a881bc574dfdd34e497,shell_snapshot_cold_256_mib,ms,lower,530.7
windows-whp-virtual-machine,2,1,950b76afa03a6db9df7c1a881bc574dfdd34e497,shell_snapshot_cold_512_mib,ms,lower,549.4
windows-whp-virtual-machine,2,1,950b76afa03a6db9df7c1a881bc574dfdd34e497,shell_snapshot_cold_64_mib,ms,lower,517.7
windows-whp-virtual-machine,2,1,950b76afa03a6db9df7c1a881bc574dfdd34e497,shell_snapshot_restore_128_mib,ms,lower,121.7
windows-whp-virtual-machine,2,1,950b76afa03a6db9df7c1a881bc574dfdd34e497,shell_snapshot_restore_256_mib,ms,lower,119.9
windows-whp-virtual-machine,2,1,950b76afa03a6db9df7c1a881bc574dfdd34e497,shell_snapshot_restore_512_mib,ms,lower,122.4
windows-whp-virtual-machine,2,1,950b76afa03a6db9df7c1a881bc574dfdd34e497,shell_snapshot_restore_64_mib,ms,lower,115.8
windows-whp-virtual-machine,2,1,950b76afa03a6db9df7c1a881bc574dfdd34e497,virtfs_live_read,MB/s,higher,1061.7
windows-whp-virtual-machine,2,1,950b76afa03a6db9df7c1a881bc574dfdd34e497,virtfs_live_roundtrip,ms,lower,775.1
windows-whp-virtual-machine,2,1,950b76afa03a6db9df7c1a881bc574dfdd34e497,virtfs_live_write,MB/s,higher,173.2
windows-whp-virtual-machine,2,1,950b76afa03a6db9df7c1a881bc574dfdd34e497,virtio_blk_random_read_iops,ops/s,higher,7459.71941942
windows-whp-virtual-machine,2,1,950b76afa03a6db9df7c1a881bc574dfdd34e497,virtio_blk_random_write_iops,ops/s,higher,7341.5474972
windows-whp-virtual-machine,2,1,950b76afa03a6db9df7c1a881bc574dfdd34e497,virtio_fs_random_read_iops,ops/s,higher,12909.821635
windows-whp-virtual-machine,2,1,950b76afa03a6db9df7c1a881bc574dfdd34e497,virtio_fs_random_write_iops,ops/s,higher,12314.7910921
windows-whp-virtual-machine,2,1,950b76afa03a6db9df7c1a881bc574dfdd34e497,virtio_net_udp_roundtrip_ops,ops/s,higher,4943.16399726
windows-whp-virtual-machine,2,1,6644ecf7e2ad5020658d2ab4e2d5974fed08f801,cold_start_base,ms,lower,526.2
windows-whp-virtual-machine,2,1,6644ecf7e2ad5020658d2ab4e2d5974fed08f801,cold_start_clocksource,ms,lower,532.2
windows-whp-virtual-machine,2,1,6644ecf7e2ad5020658d2ab4e2d5974fed08f801,cold_start_cryptomgr_notests,ms,lower,529.8
windows-whp-virtual-machine,2,1,6644ecf7e2ad5020658d2ab4e2d5974fed08f801,cold_start_mitigations_off,ms,lower,486
windows-whp-virtual-machine,2,1,6644ecf7e2ad5020658d2ab4e2d5974fed08f801,cold_start_no_timer_check,ms,lower,473.3
windows-whp-virtual-machine,2,1,6644ecf7e2ad5020658d2ab4e2d5974fed08f801,cold_start_nokaslr,ms,lower,523.6
windows-whp-virtual-machine,2,1,6644ecf7e2ad5020658d2ab4e2d5974fed08f801,cold_start_random_trust_cpu,ms,lower,531.9
windows-whp-virtual-machine,2,1,6644ecf7e2ad5020658d2ab4e2d5974fed08f801,cold_start_rcu_expedited,ms,lower,532
windows-whp-virtual-machine,2,1,6644ecf7e2ad5020658d2ab4e2d5974fed08f801,cold_start_tsc_reliable,ms,lower,532.1
windows-whp-virtual-machine,2,1,6644ecf7e2ad5020658d2ab4e2d5974fed08f801,network_snapshot_cold,ms,lower,540.8
windows-whp-virtual-machine,2,1,6644ecf7e2ad5020658d2ab4e2d5974fed08f801,network_snapshot_restore,ms,lower,163.6
windows-whp-virtual-machine,2,1,6644ecf7e2ad5020658d2ab4e2d5974fed08f801,network_snapshot_restore_wall,ms,lower,226.3
windows-whp-virtual-machine,2,1,6644ecf7e2ad5020658d2ab4e2d5974fed08f801,openvmm_cold_start,ms,lower,439.63265
windows-whp-virtual-machine,2,1,6644ecf7e2ad5020658d2ab4e2d5974fed08f801,openvmm_cold_start_guest_exit_teardown,ms,lower,46.6491
windows-whp-virtual-machine,2,1,6644ecf7e2ad5020658d2ab4e2d5974fed08f801,openvmm_cold_start_peak_rss,MiB,lower,73.943359375
windows-whp-virtual-machine,2,1,6644ecf7e2ad5020658d2ab4e2d5974fed08f801,openvmm_snapshot_generation,ms,lower,762.9658
windows-whp-virtual-machine,2,1,6644ecf7e2ad5020658d2ab4e2d5974fed08f801,openvmm_snapshot_generation_peak_rss,MiB,lower,76.693359375
windows-whp-virtual-machine,2,1,6644ecf7e2ad5020658d2ab4e2d5974fed08f801,openvmm_snapshot_restore,ms,lower,114.4491
windows-whp-virtual-machine,2,1,6644ecf7e2ad5020658d2ab4e2d5974fed08f801,openvmm_snapshot_restore_guest_exit_teardown,ms,lower,22.6618
windows-whp-virtual-machine,2,1,6644ecf7e2ad5020658d2ab4e2d5974fed08f801,openvmm_snapshot_restore_peak_rss,MiB,lower,18.310546875
windows-whp-virtual-machine,2,1,6644ecf7e2ad5020658d2ab4e2d5974fed08f801,shell_snapshot_cold_128_mib,ms,lower,531.3
windows-whp-virtual-machine,2,1,6644ecf7e2ad5020658d2ab4e2d5974fed08f801,shell_snapshot_cold_256_mib,ms,lower,538.8
windows-whp-virtual-machine,2,1,6644ecf7e2ad5020658d2ab4e2d5974fed08f801,shell_snapshot_cold_512_mib,ms,lower,532.5
windows-whp-virtual-machine,2,1,6644ecf7e2ad5020658d2ab4e2d5974fed08f801,shell_snapshot_cold_64_mib,ms,lower,517.8
windows-whp-virtual-machine,2,1,6644ecf7e2ad5020658d2ab4e2d5974fed08f801,shell_snapshot_restore_128_mib,ms,lower,125.7
windows-whp-virtual-machine,2,1,6644ecf7e2ad5020658d2ab4e2d5974fed08f801,shell_snapshot_restore_256_mib,ms,lower,115.2
windows-whp-virtual-machine,2,1,6644ecf7e2ad5020658d2ab4e2d5974fed08f801,shell_snapshot_restore_512_mib,ms,lower,125.8
windows-whp-virtual-machine,2,1,6644ecf7e2ad5020658d2ab4e2d5974fed08f801,shell_snapshot_restore_64_mib,ms,lower,120.8
windows-whp-virtual-machine,2,1,6644ecf7e2ad5020658d2ab4e2d5974fed08f801,virtfs_live_read,MB/s,higher,1010.2
windows-whp-virtual-machine,2,1,6644ecf7e2ad5020658d2ab4e2d5974fed08f801,virtfs_live_roundtrip,ms,lower,765
windows-whp-virtual-machine,2,1,6644ecf7e2ad5020658d2ab4e2d5974fed08f801,virtfs_live_write,MB/s,higher,177.4
windows-whp-virtual-machine,2,1,6644ecf7e2ad5020658d2ab4e2d5974fed08f801,virtio_blk_random_read_iops,ops/s,higher,7561.32136113
windows-whp-virtual-machine,2,1,6644ecf7e2ad5020658d2ab4e2d5974fed08f801,virtio_blk_random_write_iops,ops/s,higher,7336.73882043
windows-whp-virtual-machine,2,1,6644ecf7e2ad5020658d2ab4e2d5974fed08f801,virtio_fs_random_read_iops,ops/s,higher,12781.5620733
windows-whp-virtual-machine,2,1,6644ecf7e2ad5020658d2ab4e2d5974fed08f801,virtio_fs_random_write_iops,ops/s,higher,12521.6298167
windows-whp-virtual-machine,2,1,6644ecf7e2ad5020658d2ab4e2d5974fed08f801,virtio_net_udp_roundtrip_ops,ops/s,higher,4947.55212394
windows-whp-virtual-machine,2,1,2a8fe59577444c6ee50569983776af6e61bdb584,cold_start_base,ms,lower,581
windows-whp-virtual-machine,2,1,2a8fe59577444c6ee50569983776af6e61bdb584,cold_start_clocksource,ms,lower,580.4
windows-whp-virtual-machine,2,1,2a8fe59577444c6ee50569983776af6e61bdb584,cold_start_cryptomgr_notests,ms,lower,583.8
windows-whp-virtual-machine,2,1,2a8fe59577444c6ee50569983776af6e61bdb584,cold_start_mitigations_off,ms,lower,555.1
windows-whp-virtual-machine,2,1,2a8fe59577444c6ee50569983776af6e61bdb584,cold_start_no_timer_check,ms,lower,537
windows-whp-virtual-machine,2,1,2a8fe59577444c6ee50569983776af6e61bdb584,cold_start_nokaslr,ms,lower,591.8
windows-whp-virtual-machine,2,1,2a8fe59577444c6ee50569983776af6e61bdb584,cold_start_random_trust_cpu,ms,lower,594.5
windows-whp-virtual-machine,2,1,2a8fe59577444c6ee50569983776af6e61bdb584,cold_start_rcu_expedited,ms,lower,582.1
windows-whp-virtual-machine,2,1,2a8fe59577444c6ee50569983776af6e61bdb584,cold_start_tsc_reliable,ms,lower,595.5
windows-whp-virtual-machine,2,1,2a8fe59577444c6ee50569983776af6e61bdb584,network_snapshot_cold,ms,lower,598.5
windows-whp-virtual-machine,2,1,2a8fe59577444c6ee50569983776af6e61bdb584,network_snapshot_restore,ms,lower,182.4
windows-whp-virtual-machine,2,1,2a8fe59577444c6ee50569983776af6e61bdb584,network_snapshot_restore_wall,ms,lower,258.5
windows-whp-virtual-machine,2,1,2a8fe59577444c6ee50569983776af6e61bdb584,openvmm_cold_start,ms,lower,502.8523
windows-whp-virtual-machine,2,1,2a8fe59577444c6ee50569983776af6e61bdb584,openvmm_cold_start_guest_exit_teardown,ms,lower,48.21
windows-whp-virtual-machine,2,1,2a8fe59577444c6ee50569983776af6e61bdb584,openvmm_cold_start_peak_rss,MiB,lower,73.955078125
windows-whp-virtual-machine,2,1,2a8fe59577444c6ee50569983776af6e61bdb584,openvmm_snapshot_generation,ms,lower,768.46165
windows-whp-virtual-machine,2,1,2a8fe59577444c6ee50569983776af6e61bdb584,openvmm_snapshot_generation_peak_rss,MiB,lower,76.7109375
windows-whp-virtual-machine,2,1,2a8fe59577444c6ee50569983776af6e61bdb584,openvmm_snapshot_restore,ms,lower,139.2596
windows-whp-virtual-machine,2,1,2a8fe59577444c6ee50569983776af6e61bdb584,openvmm_snapshot_restore_guest_exit_teardown,ms,lower,23.14895
windows-whp-virtual-machine,2,1,2a8fe59577444c6ee50569983776af6e61bdb584,openvmm_snapshot_restore_peak_rss,MiB,lower,18.298828125
windows-whp-virtual-machine,2,1,2a8fe59577444c6ee50569983776af6e61bdb584,shell_snapshot_cold_128_mib,ms,lower,589.8
windows-whp-virtual-machine,2,1,2a8fe59577444c6ee50569983776af6e61bdb584,shell_snapshot_cold_256_mib,ms,lower,586.9
windows-whp-virtual-machine,2,1,2a8fe59577444c6ee50569983776af6e61bdb584,shell_snapshot_cold_512_mib,ms,lower,600.4
windows-whp-virtual-machine,2,1,2a8fe59577444c6ee50569983776af6e61bdb584,shell_snapshot_cold_64_mib,ms,lower,569.8
windows-whp-virtual-machine,2,1,2a8fe59577444c6ee50569983776af6e61bdb584,shell_snapshot_restore_128_mib,ms,lower,137.6
windows-whp-virtual-machine,2,1,2a8fe59577444c6ee50569983776af6e61bdb584,shell_snapshot_restore_256_mib,ms,lower,135.4
windows-whp-virtual-machine,2,1,2a8fe59577444c6ee50569983776af6e61bdb584,shell_snapshot_restore_512_mib,ms,lower,136.3
windows-whp-virtual-machine,2,1,2a8fe59577444c6ee50569983776af6e61bdb584,shell_snapshot_restore_64_mib,ms,lower,126.8
windows-whp-virtual-machine,2,1,2a8fe59577444c6ee50569983776af6e61bdb584,virtfs_live_read,MB/s,higher,1700
windows-whp-virtual-machine,2,1,2a8fe59577444c6ee50569983776af6e61bdb584,virtfs_live_roundtrip,ms,lower,822.9
windows-whp-virtual-machine,2,1,2a8fe59577444c6ee50569983776af6e61bdb584,virtfs_live_write,MB/s,higher,176.6
windows-whp-virtual-machine,2,1,2a8fe59577444c6ee50569983776af6e61bdb584,virtio_blk_random_read_iops,ops/s,higher,6613.37814733
windows-whp-virtual-machine,2,1,2a8fe59577444c6ee50569983776af6e61bdb584,virtio_blk_random_write_iops,ops/s,higher,6516.70276975
windows-whp-virtual-machine,2,1,2a8fe59577444c6ee50569983776af6e61bdb584,virtio_fs_random_read_iops,ops/s,higher,10366.4728939
windows-whp-virtual-machine,2,1,2a8fe59577444c6ee50569983776af6e61bdb584,virtio_fs_random_write_iops,ops/s,higher,10145.2155918
windows-whp-virtual-machine,2,1,2a8fe59577444c6ee50569983776af6e61bdb584,virtio_net_udp_roundtrip_ops,ops/s,higher,4128.05764781
windows-whp-virtual-machine,2,1,9d9165eb97aca47dd8fe745aad1035161fa49380,cold_start_base,ms,lower,531.6
windows-whp-virtual-machine,2,1,9d9165eb97aca47dd8fe745aad1035161fa49380,cold_start_clocksource,ms,lower,532.8
windows-whp-virtual-machine,2,1,9d9165eb97aca47dd8fe745aad1035161fa49380,cold_start_cryptomgr_notests,ms,lower,521
windows-whp-virtual-machine,2,1,9d9165eb97aca47dd8fe745aad1035161fa49380,cold_start_mitigations_off,ms,lower,495.7
windows-whp-virtual-machine,2,1,9d9165eb97aca47dd8fe745aad1035161fa49380,cold_start_no_timer_check,ms,lower,481.6
windows-whp-virtual-machine,2,1,9d9165eb97aca47dd8fe745aad1035161fa49380,cold_start_nokaslr,ms,lower,524.1
windows-whp-virtual-machine,2,1,9d9165eb97aca47dd8fe745aad1035161fa49380,cold_start_random_trust_cpu,ms,lower,541.2
windows-whp-virtual-machine,2,1,9d9165eb97aca47dd8fe745aad1035161fa49380,cold_start_rcu_expedited,ms,lower,530.5
windows-whp-virtual-machine,2,1,9d9165eb97aca47dd8fe745aad1035161fa49380,cold_start_tsc_reliable,ms,lower,527.2
windows-whp-virtual-machine,2,1,9d9165eb97aca47dd8fe745aad1035161fa49380,network_snapshot_cold,ms,lower,537.3
windows-whp-virtual-machine,2,1,9d9165eb97aca47dd8fe745aad1035161fa49380,network_snapshot_restore,ms,lower,162.8
windows-whp-virtual-machine,2,1,9d9165eb97aca47dd8fe745aad1035161fa49380,network_snapshot_restore_wall,ms,lower,226.2
windows-whp-virtual-machine,2,1,9d9165eb97aca47dd8fe745aad1035161fa49380,openvmm_cold_start,ms,lower,448.6454
windows-whp-virtual-machine,2,1,9d9165eb97aca47dd8fe745aad1035161fa49380,openvmm_cold_start_guest_exit_teardown,ms,lower,47.1532
windows-whp-virtual-machine,2,1,9d9165eb97aca47dd8fe745aad1035161fa49380,openvmm_cold_start_peak_rss,MiB,lower,73.939453125
windows-whp-virtual-machine,2,1,9d9165eb97aca47dd8fe745aad1035161fa49380,openvmm_snapshot_generation,ms,lower,754.7621
windows-whp-virtual-machine,2,1,9d9165eb97aca47dd8fe745aad1035161fa49380,openvmm_snapshot_generation_peak_rss,MiB,lower,76.673828125
windows-whp-virtual-machine,2,1,9d9165eb97aca47dd8fe745aad1035161fa49380,openvmm_snapshot_restore,ms,lower,119.8858
windows-whp-virtual-machine,2,1,9d9165eb97aca47dd8fe745aad1035161fa49380,openvmm_snapshot_restore_guest_exit_teardown,ms,lower,23.05725
windows-whp-virtual-machine,2,1,9d9165eb97aca47dd8fe745aad1035161fa49380,openvmm_snapshot_restore_peak_rss,MiB,lower,18.306640625
windows-whp-virtual-machine,2,1,9d9165eb97aca47dd8fe745aad1035161fa49380,shell_snapshot_cold_128_mib,ms,lower,536
windows-whp-virtual-machine,2,1,9d9165eb97aca47dd8fe745aad1035161fa49380,shell_snapshot_cold_256_mib,ms,lower,534.4
windows-whp-virtual-machine,2,1,9d9165eb97aca47dd8fe745aad1035161fa49380,shell_snapshot_cold_512_mib,ms,lower,542.9
windows-whp-virtual-machine,2,1,9d9165eb97aca47dd8fe745aad1035161fa49380,shell_snapshot_cold_64_mib,ms,lower,514.5
windows-whp-virtual-machine,2,1,9d9165eb97aca47dd8fe745aad1035161fa49380,shell_snapshot_restore_128_mib,ms,lower,113.5
windows-whp-virtual-machine,2,1,9d9165eb97aca47dd8fe745aad1035161fa49380,shell_snapshot_restore_256_mib,ms,lower,110
windows-whp-virtual-machine,2,1,9d9165eb97aca47dd8fe745aad1035161fa49380,shell_snapshot_restore_512_mib,ms,lower,116.7
windows-whp-virtual-machine,2,1,9d9165eb97aca47dd8fe745aad1035161fa49380,shell_snapshot_restore_64_mib,ms,lower,114.3
windows-whp-virtual-machine,2,1,9d9165eb97aca47dd8fe745aad1035161fa49380,virtfs_live_read,MB/s,higher,1256.2
windows-whp-virtual-machine,2,1,9d9165eb97aca47dd8fe745aad1035161fa49380,virtfs_live_roundtrip,ms,lower,759.9
windows-whp-virtual-machine,2,1,9d9165eb97aca47dd8fe745aad1035161fa49380,virtfs_live_write,MB/s,higher,170.9
windows-whp-virtual-machine,2,1,9d9165eb97aca47dd8fe745aad1035161fa49380,virtio_blk_random_read_iops,ops/s,higher,7389.76419064
windows-whp-virtual-machine,2,1,9d9165eb97aca47dd8fe745aad1035161fa49380,virtio_blk_random_write_iops,ops/s,higher,7256.63750561
windows-whp-virtual-machine,2,1,9d9165eb97aca47dd8fe745aad1035161fa49380,virtio_fs_random_read_iops,ops/s,higher,12213.1166805
windows-whp-virtual-machine,2,1,9d9165eb97aca47dd8fe745aad1035161fa49380,virtio_fs_random_write_iops,ops/s,higher,12056.0032606
windows-whp-virtual-machine,2,1,9d9165eb97aca47dd8fe745aad1035161fa49380,virtio_net_udp_roundtrip_ops,ops/s,higher,4803.76361722
windows-whp-virtual-machine,2,1,41a9b20f53287370d149d54aec3d20d0abcd42d6,cold_start_base,ms,lower,574.7
windows-whp-virtual-machine,2,1,41a9b20f53287370d149d54aec3d20d0abcd42d6,cold_start_clocksource,ms,lower,578.5
windows-whp-virtual-machine,2,1,41a9b20f53287370d149d54aec3d20d0abcd42d6,cold_start_cryptomgr_notests,ms,lower,578.7
windows-whp-virtual-machine,2,1,41a9b20f53287370d149d54aec3d20d0abcd42d6,cold_start_mitigations_off,ms,lower,536.9
windows-whp-virtual-machine,2,1,41a9b20f53287370d149d54aec3d20d0abcd42d6,cold_start_no_timer_check,ms,lower,528.3
windows-whp-virtual-machine,2,1,41a9b20f53287370d149d54aec3d20d0abcd42d6,cold_start_nokaslr,ms,lower,579.5
windows-whp-virtual-machine,2,1,41a9b20f53287370d149d54aec3d20d0abcd42d6,cold_start_random_trust_cpu,ms,lower,579.3
windows-whp-virtual-machine,2,1,41a9b20f53287370d149d54aec3d20d0abcd42d6,cold_start_rcu_expedited,ms,lower,577.5
windows-whp-virtual-machine,2,1,41a9b20f53287370d149d54aec3d20d0abcd42d6,cold_start_tsc_reliable,ms,lower,572.1
windows-whp-virtual-machine,2,1,41a9b20f53287370d149d54aec3d20d0abcd42d6,network_snapshot_cold,ms,lower,589.1
windows-whp-virtual-machine,2,1,41a9b20f53287370d149d54aec3d20d0abcd42d6,network_snapshot_restore,ms,lower,171.4
windows-whp-virtual-machine,2,1,41a9b20f53287370d149d54aec3d20d0abcd42d6,network_snapshot_restore_wall,ms,lower,249.2
windows-whp-virtual-machine,2,1,41a9b20f53287370d149d54aec3d20d0abcd42d6,openvmm_cold_start,ms,lower,485.28425
windows-whp-virtual-machine,2,1,41a9b20f53287370d149d54aec3d20d0abcd42d6,openvmm_cold_start_guest_exit_teardown,ms,lower,50.65975
windows-whp-virtual-machine,2,1,41a9b20f53287370d149d54aec3d20d0abcd42d6,openvmm_cold_start_peak_rss,MiB,lower,74.673828125
windows-whp-virtual-machine,2,1,41a9b20f53287370d149d54aec3d20d0abcd42d6,openvmm_snapshot_generation,ms,lower,782.92565
windows-whp-virtual-machine,2,1,41a9b20f53287370d149d54aec3d20d0abcd42d6,openvmm_snapshot_generation_peak_rss,MiB,lower,77.427734375
windows-whp-virtual-machine,2,1,41a9b20f53287370d149d54aec3d20d0abcd42d6,openvmm_snapshot_restore,ms,lower,124.0435
windows-whp-virtual-machine,2,1,41a9b20f53287370d149d54aec3d20d0abcd42d6,openvmm_snapshot_restore_guest_exit_teardown,ms,lower,24.06525
windows-whp-virtual-machine,2,1,41a9b20f53287370d149d54aec3d20d0abcd42d6,openvmm_snapshot_restore_peak_rss,MiB,lower,19.017578125
windows-whp-virtual-machine,2,1,41a9b20f53287370d149d54aec3d20d0abcd42d6,shell_snapshot_cold_128_mib,ms,lower,581.5
windows-whp-virtual-machine,2,1,41a9b20f53287370d149d54aec3d20d0abcd42d6,shell_snapshot_cold_256_mib,ms,lower,587.3
windows-whp-virtual-machine,2,1,41a9b20f53287370d149d54aec3d20d0abcd42d6,shell_snapshot_cold_512_mib,ms,lower,582.3
windows-whp-virtual-machine,2,1,41a9b20f53287370d149d54aec3d20d0abcd42d6,shell_snapshot_cold_64_mib,ms,lower,560.4
windows-whp-virtual-machine,2,1,41a9b20f53287370d149d54aec3d20d0abcd42d6,shell_snapshot_restore_128_mib,ms,lower,133.8
windows-whp-virtual-machine,2,1,41a9b20f53287370d149d54aec3d20d0abcd42d6,shell_snapshot_restore_256_mib,ms,lower,131.8
windows-whp-virtual-machine,2,1,41a9b20f53287370d149d54aec3d20d0abcd42d6,shell_snapshot_restore_512_mib,ms,lower,133.2
windows-whp-virtual-machine,2,1,41a9b20f53287370d149d54aec3d20d0abcd42d6,shell_snapshot_restore_64_mib,ms,lower,135.2
windows-whp-virtual-machine,2,1,41a9b20f53287370d149d54aec3d20d0abcd42d6,virtfs_live_read,MB/s,higher,1400
windows-whp-virtual-machine,2,1,41a9b20f53287370d149d54aec3d20d0abcd42d6,virtfs_live_roundtrip,ms,lower,815.5
windows-whp-virtual-machine,2,1,41a9b20f53287370d149d54aec3d20d0abcd42d6,virtfs_live_write,MB/s,higher,165.8
windows-whp-virtual-machine,2,1,41a9b20f53287370d149d54aec3d20d0abcd42d6,virtio_blk_random_read_iops,ops/s,higher,6826.16936259
windows-whp-virtual-machine,2,1,41a9b20f53287370d149d54aec3d20d0abcd42d6,virtio_blk_random_write_iops,ops/s,higher,6646.59960344
windows-whp-virtual-machine,2,1,41a9b20f53287370d149d54aec3d20d0abcd42d6,virtio_fs_random_read_iops,ops/s,higher,10410.1609717
windows-whp-virtual-machine,2,1,41a9b20f53287370d149d54aec3d20d0abcd42d6,virtio_fs_random_write_iops,ops/s,higher,10434.0544683
windows-whp-virtual-machine,2,1,41a9b20f53287370d149d54aec3d20d0abcd42d6,virtio_net_udp_roundtrip_ops,ops/s,higher,4266.69472145
windows-whp-virtual-machine,2,1,c7630757b716ea7f3b5e5e3be63b3ddc4b736689,cold_start_base,ms,lower,513.3
windows-whp-virtual-machine,2,1,c7630757b716ea7f3b5e5e3be63b3ddc4b736689,cold_start_clocksource,ms,lower,522.7
windows-whp-virtual-machine,2,1,c7630757b716ea7f3b5e5e3be63b3ddc4b736689,cold_start_cryptomgr_notests,ms,lower,519
windows-whp-virtual-machine,2,1,c7630757b716ea7f3b5e5e3be63b3ddc4b736689,cold_start_mitigations_off,ms,lower,473
windows-whp-virtual-machine,2,1,c7630757b716ea7f3b5e5e3be63b3ddc4b736689,cold_start_no_timer_check,ms,lower,467.5
windows-whp-virtual-machine,2,1,c7630757b716ea7f3b5e5e3be63b3ddc4b736689,cold_start_nokaslr,ms,lower,510.8
windows-whp-virtual-machine,2,1,c7630757b716ea7f3b5e5e3be63b3ddc4b736689,cold_start_random_trust_cpu,ms,lower,509.6
windows-whp-virtual-machine,2,1,c7630757b716ea7f3b5e5e3be63b3ddc4b736689,cold_start_rcu_expedited,ms,lower,512.9
windows-whp-virtual-machine,2,1,c7630757b716ea7f3b5e5e3be63b3ddc4b736689,cold_start_tsc_reliable,ms,lower,514
windows-whp-virtual-machine,2,1,c7630757b716ea7f3b5e5e3be63b3ddc4b736689,network_snapshot_cold,ms,lower,528.3
windows-whp-virtual-machine,2,1,c7630757b716ea7f3b5e5e3be63b3ddc4b736689,network_snapshot_restore,ms,lower,163.1
windows-whp-virtual-machine,2,1,c7630757b716ea7f3b5e5e3be63b3ddc4b736689,network_snapshot_restore_wall,ms,lower,225.5
windows-whp-virtual-machine,2,1,c7630757b716ea7f3b5e5e3be63b3ddc4b736689,openvmm_cold_start,ms,lower,441.53185
windows-whp-virtual-machine,2,1,c7630757b716ea7f3b5e5e3be63b3ddc4b736689,openvmm_cold_start_guest_exit_teardown,ms,lower,41.9506
windows-whp-virtual-machine,2,1,c7630757b716ea7f3b5e5e3be63b3ddc4b736689,openvmm_cold_start_peak_rss,MiB,lower,73.94921875
windows-whp-virtual-machine,2,1,c7630757b716ea7f3b5e5e3be63b3ddc4b736689,openvmm_snapshot_generation,ms,lower,749.88245
windows-whp-virtual-machine,2,1,c7630757b716ea7f3b5e5e3be63b3ddc4b736689,openvmm_snapshot_generation_peak_rss,MiB,lower,76.6875
windows-whp-virtual-machine,2,1,c7630757b716ea7f3b5e5e3be63b3ddc4b736689,openvmm_snapshot_restore,ms,lower,114.4377
windows-whp-virtual-machine,2,1,c7630757b716ea7f3b5e5e3be63b3ddc4b736689,openvmm_snapshot_restore_guest_exit_teardown,ms,lower,21.8421
windows-whp-virtual-machine,2,1,c7630757b716ea7f3b5e5e3be63b3ddc4b736689,openvmm_snapshot_restore_peak_rss,MiB,lower,18.28125
windows-whp-virtual-machine,2,1,c7630757b716ea7f3b5e5e3be63b3ddc4b736689,shell_snapshot_cold_128_mib,ms,lower,517.1
windows-whp-virtual-machine,2,1,c7630757b716ea7f3b5e5e3be63b3ddc4b736689,shell_snapshot_cold_256_mib,ms,lower,513.4
windows-whp-virtual-machine,2,1,c7630757b716ea7f3b5e5e3be63b3ddc4b736689,shell_snapshot_cold_512_mib,ms,lower,525.4
windows-whp-virtual-machine,2,1,c7630757b716ea7f3b5e5e3be63b3ddc4b736689,shell_snapshot_cold_64_mib,ms,lower,511.9
windows-whp-virtual-machine,2,1,c7630757b716ea7f3b5e5e3be63b3ddc4b736689,shell_snapshot_restore_128_mib,ms,lower,125.6
windows-whp-virtual-machine,2,1,c7630757b716ea7f3b5e5e3be63b3ddc4b736689,shell_snapshot_restore_256_mib,ms,lower,114.3
windows-whp-virtual-machine,2,1,c7630757b716ea7f3b5e5e3be63b3ddc4b736689,shell_snapshot_restore_512_mib,ms,lower,123.3
windows-whp-virtual-machine,2,1,c7630757b716ea7f3b5e5e3be63b3ddc4b736689,shell_snapshot_restore_64_mib,ms,lower,123.7
windows-whp-virtual-machine,2,1,c7630757b716ea7f3b5e5e3be63b3ddc4b736689,virtfs_live_read,MB/s,higher,1050
windows-whp-virtual-machine,2,1,c7630757b716ea7f3b5e5e3be63b3ddc4b736689,virtfs_live_roundtrip,ms,lower,736.3
windows-whp-virtual-machine,2,1,c7630757b716ea7f3b5e5e3be63b3ddc4b736689,virtfs_live_write,MB/s,higher,177.9
windows-whp-virtual-machine,2,1,c7630757b716ea7f3b5e5e3be63b3ddc4b736689,virtio_blk_random_read_iops,ops/s,higher,7830.8721961
windows-whp-virtual-machine,2,1,c7630757b716ea7f3b5e5e3be63b3ddc4b736689,virtio_blk_random_write_iops,ops/s,higher,7760.02912016
windows-whp-virtual-machine,2,1,c7630757b716ea7f3b5e5e3be63b3ddc4b736689,virtio_fs_random_read_iops,ops/s,higher,12935.0830469
windows-whp-virtual-machine,2,1,c7630757b716ea7f3b5e5e3be63b3ddc4b736689,virtio_fs_random_write_iops,ops/s,higher,12648.0750018
windows-whp-virtual-machine,2,1,c7630757b716ea7f3b5e5e3be63b3ddc4b736689,virtio_net_udp_roundtrip_ops,ops/s,higher,4937.66435011
windows-whp-virtual-machine,2,1,c09557ad1bd2050cbf95ea991779452e6e99eb2e,cold_start_base,ms,lower,518
windows-whp-virtual-machine,2,1,c09557ad1bd2050cbf95ea991779452e6e99eb2e,cold_start_clocksource,ms,lower,528.9
windows-whp-virtual-machine,2,1,c09557ad1bd2050cbf95ea991779452e6e99eb2e,cold_start_cryptomgr_notests,ms,lower,538.2
windows-whp-virtual-machine,2,1,c09557ad1bd2050cbf95ea991779452e6e99eb2e,cold_start_mitigations_off,ms,lower,503.8
windows-whp-virtual-machine,2,1,c09557ad1bd2050cbf95ea991779452e6e99eb2e,cold_start_no_timer_check,ms,lower,474.5
windows-whp-virtual-machine,2,1,c09557ad1bd2050cbf95ea991779452e6e99eb2e,cold_start_nokaslr,ms,lower,539.9
windows-whp-virtual-machine,2,1,c09557ad1bd2050cbf95ea991779452e6e99eb2e,cold_start_random_trust_cpu,ms,lower,525.8
windows-whp-virtual-machine,2,1,c09557ad1bd2050cbf95ea991779452e6e99eb2e,cold_start_rcu_expedited,ms,lower,531.4
windows-whp-virtual-machine,2,1,c09557ad1bd2050cbf95ea991779452e6e99eb2e,cold_start_tsc_reliable,ms,lower,530.8
windows-whp-virtual-machine,2,1,c09557ad1bd2050cbf95ea991779452e6e99eb2e,network_snapshot_cold,ms,lower,539.8
windows-whp-virtual-machine,2,1,c09557ad1bd2050cbf95ea991779452e6e99eb2e,network_snapshot_restore,ms,lower,157
windows-whp-virtual-machine,2,1,c09557ad1bd2050cbf95ea991779452e6e99eb2e,network_snapshot_restore_wall,ms,lower,224
windows-whp-virtual-machine,2,1,c09557ad1bd2050cbf95ea991779452e6e99eb2e,openvmm_cold_start,ms,lower,441.354
windows-whp-virtual-machine,2,1,c09557ad1bd2050cbf95ea991779452e6e99eb2e,openvmm_cold_start_guest_exit_teardown,ms,lower,46.5286
windows-whp-virtual-machine,2,1,c09557ad1bd2050cbf95ea991779452e6e99eb2e,openvmm_cold_start_peak_rss,MiB,lower,73.96484375
windows-whp-virtual-machine,2,1,c09557ad1bd2050cbf95ea991779452e6e99eb2e,openvmm_snapshot_generation,ms,lower,760.25685
windows-whp-virtual-machine,2,1,c09557ad1bd2050cbf95ea991779452e6e99eb2e,openvmm_snapshot_generation_peak_rss,MiB,lower,76.6875
windows-whp-virtual-machine,2,1,c09557ad1bd2050cbf95ea991779452e6e99eb2e,openvmm_snapshot_restore,ms,lower,117.3206
windows-whp-virtual-machine,2,1,c09557ad1bd2050cbf95ea991779452e6e99eb2e,openvmm_snapshot_restore_guest_exit_teardown,ms,lower,21.714
windows-whp-virtual-machine,2,1,c09557ad1bd2050cbf95ea991779452e6e99eb2e,openvmm_snapshot_restore_peak_rss,MiB,lower,18.330078125
windows-whp-virtual-machine,2,1,c09557ad1bd2050cbf95ea991779452e6e99eb2e,shell_snapshot_cold_128_mib,ms,lower,539.1
windows-whp-virtual-machine,2,1,c09557ad1bd2050cbf95ea991779452e6e99eb2e,shell_snapshot_cold_256_mib,ms,lower,535.6
windows-whp-virtual-machine,2,1,c09557ad1bd2050cbf95ea991779452e6e99eb2e,shell_snapshot_cold_512_mib,ms,lower,544.9
windows-whp-virtual-machine,2,1,c09557ad1bd2050cbf95ea991779452e6e99eb2e,shell_snapshot_cold_64_mib,ms,lower,519.7
windows-whp-virtual-machine,2,1,c09557ad1bd2050cbf95ea991779452e6e99eb2e,shell_snapshot_restore_128_mib,ms,lower,123.5
windows-whp-virtual-machine,2,1,c09557ad1bd2050cbf95ea991779452e6e99eb2e,shell_snapshot_restore_256_mib,ms,lower,118.3
windows-whp-virtual-machine,2,1,c09557ad1bd2050cbf95ea991779452e6e99eb2e,shell_snapshot_restore_512_mib,ms,lower,120.3
windows-whp-virtual-machine,2,1,c09557ad1bd2050cbf95ea991779452e6e99eb2e,shell_snapshot_restore_64_mib,ms,lower,117.4
windows-whp-virtual-machine,2,1,c09557ad1bd2050cbf95ea991779452e6e99eb2e,virtfs_live_read,MB/s,higher,1550
windows-whp-virtual-machine,2,1,c09557ad1bd2050cbf95ea991779452e6e99eb2e,virtfs_live_roundtrip,ms,lower,769.7
windows-whp-virtual-machine,2,1,c09557ad1bd2050cbf95ea991779452e6e99eb2e,virtfs_live_write,MB/s,higher,178.2
windows-whp-virtual-machine,2,1,c09557ad1bd2050cbf95ea991779452e6e99eb2e,virtio_blk_random_read_iops,ops/s,higher,7481.02259918
windows-whp-virtual-machine,2,1,c09557ad1bd2050cbf95ea991779452e6e99eb2e,virtio_blk_random_write_iops,ops/s,higher,7217.51064329
windows-whp-virtual-machine,2,1,c09557ad1bd2050cbf95ea991779452e6e99eb2e,virtio_fs_random_read_iops,ops/s,higher,12766.5584743
windows-whp-virtual-machine,2,1,c09557ad1bd2050cbf95ea991779452e6e99eb2e,virtio_fs_random_write_iops,ops/s,higher,12537.6295848
windows-whp-virtual-machine,2,1,c09557ad1bd2050cbf95ea991779452e6e99eb2e,virtio_net_udp_roundtrip_ops,ops/s,higher,4907.59206124
windows-whp-virtual-machine,2,1,46df421b191effd47e70c6b63f36d919c544b5d7,cold_start_base,ms,lower,526.2
windows-whp-virtual-machine,2,1,46df421b191effd47e70c6b63f36d919c544b5d7,cold_start_clocksource,ms,lower,521.2
windows-whp-virtual-machine,2,1,46df421b191effd47e70c6b63f36d919c544b5d7,cold_start_cryptomgr_notests,ms,lower,511.4
windows-whp-virtual-machine,2,1,46df421b191effd47e70c6b63f36d919c544b5d7,cold_start_mitigations_off,ms,lower,497.1
windows-whp-virtual-machine,2,1,46df421b191effd47e70c6b63f36d919c544b5d7,cold_start_no_timer_check,ms,lower,470.2
windows-whp-virtual-machine,2,1,46df421b191effd47e70c6b63f36d919c544b5d7,cold_start_nokaslr,ms,lower,515.9
windows-whp-virtual-machine,2,1,46df421b191effd47e70c6b63f36d919c544b5d7,cold_start_random_trust_cpu,ms,lower,516.5
windows-whp-virtual-machine,2,1,46df421b191effd47e70c6b63f36d919c544b5d7,cold_start_rcu_expedited,ms,lower,517.3
windows-whp-virtual-machine,2,1,46df421b191effd47e70c6b63f36d919c544b5d7,cold_start_tsc_reliable,ms,lower,522.7
windows-whp-virtual-machine,2,1,46df421b191effd47e70c6b63f36d919c544b5d7,network_snapshot_cold,ms,lower,534.1
windows-whp-virtual-machine,2,1,46df421b191effd47e70c6b63f36d919c544b5d7,network_snapshot_restore,ms,lower,166.1
windows-whp-virtual-machine,2,1,46df421b191effd47e70c6b63f36d919c544b5d7,network_snapshot_restore_wall,ms,lower,223.2
windows-whp-virtual-machine,2,1,46df421b191effd47e70c6b63f36d919c544b5d7,openvmm_cold_start,ms,lower,446.0296
windows-whp-virtual-machine,2,1,46df421b191effd47e70c6b63f36d919c544b5d7,openvmm_cold_start_guest_exit_teardown,ms,lower,43.34295
windows-whp-virtual-machine,2,1,46df421b191effd47e70c6b63f36d919c544b5d7,openvmm_cold_start_peak_rss,MiB,lower,73.943359375
windows-whp-virtual-machine,2,1,46df421b191effd47e70c6b63f36d919c544b5d7,openvmm_snapshot_generation,ms,lower,745.3998
windows-whp-virtual-machine,2,1,46df421b191effd47e70c6b63f36d919c544b5d7,openvmm_snapshot_generation_peak_rss,MiB,lower,76.69140625
windows-whp-virtual-machine,2,1,46df421b191effd47e70c6b63f36d919c544b5d7,openvmm_snapshot_restore,ms,lower,120.3122
windows-whp-virtual-machine,2,1,46df421b191effd47e70c6b63f36d919c544b5d7,openvmm_snapshot_restore_guest_exit_teardown,ms,lower,22.08205
windows-whp-virtual-machine,2,1,46df421b191effd47e70c6b63f36d919c544b5d7,openvmm_snapshot_restore_peak_rss,MiB,lower,18.33984375
windows-whp-virtual-machine,2,1,46df421b191effd47e70c6b63f36d919c544b5d7,shell_snapshot_cold_128_mib,ms,lower,519.5
windows-whp-virtual-machine,2,1,46df421b191effd47e70c6b63f36d919c544b5d7,shell_snapshot_cold_256_mib,ms,lower,525.3
windows-whp-virtual-machine,2,1,46df421b191effd47e70c6b63f36d919c544b5d7,shell_snapshot_cold_512_mib,ms,lower,523.3
windows-whp-virtual-machine,2,1,46df421b191effd47e70c6b63f36d919c544b5d7,shell_snapshot_cold_64_mib,ms,lower,504.4
windows-whp-virtual-machine,2,1,46df421b191effd47e70c6b63f36d919c544b5d7,shell_snapshot_restore_128_mib,ms,lower,125.4
windows-whp-virtual-machine,2,1,46df421b191effd47e70c6b63f36d919c544b5d7,shell_snapshot_restore_256_mib,ms,lower,125.4
windows-whp-virtual-machine,2,1,46df421b191effd47e70c6b63f36d919c544b5d7,shell_snapshot_restore_512_mib,ms,lower,114.6
windows-whp-virtual-machine,2,1,46df421b191effd47e70c6b63f36d919c544b5d7,shell_snapshot_restore_64_mib,ms,lower,127.9
windows-whp-virtual-machine,2,1,46df421b191effd47e70c6b63f36d919c544b5d7,virtfs_live_read,MB/s,higher,1500
windows-whp-virtual-machine,2,1,46df421b191effd47e70c6b63f36d919c544b5d7,virtfs_live_roundtrip,ms,lower,740.5
windows-whp-virtual-machine,2,1,46df421b191effd47e70c6b63f36d919c544b5d7,virtfs_live_write,MB/s,higher,178.6
windows-whp-virtual-machine,2,1,46df421b191effd47e70c6b63f36d919c544b5d7,virtio_blk_random_read_iops,ops/s,higher,7846.39987303
windows-whp-virtual-machine,2,1,46df421b191effd47e70c6b63f36d919c544b5d7,virtio_blk_random_write_iops,ops/s,higher,7495.00319967
windows-whp-virtual-machine,2,1,46df421b191effd47e70c6b63f36d919c544b5d7,virtio_fs_random_read_iops,ops/s,higher,11972.9410247
windows-whp-virtual-machine,2,1,46df421b191effd47e70c6b63f36d919c544b5d7,virtio_fs_random_write_iops,ops/s,higher,11722.2230641
windows-whp-virtual-machine,2,1,46df421b191effd47e70c6b63f36d919c544b5d7,virtio_net_udp_roundtrip_ops,ops/s,higher,4869.18607746
windows-whp-virtual-machine,2,1,509718e2f797928dba4cc6615580d53cfb02a544,cold_start_base,ms,lower,571.7
windows-whp-virtual-machine,2,1,509718e2f797928dba4cc6615580d53cfb02a544,cold_start_clocksource,ms,lower,548.5
windows-whp-virtual-machine,2,1,509718e2f797928dba4cc6615580d53cfb02a544,cold_start_cryptomgr_notests,ms,lower,522.9
windows-whp-virtual-machine,2,1,509718e2f797928dba4cc6615580d53cfb02a544,cold_start_mitigations_off,ms,lower,485.2
windows-whp-virtual-machine,2,1,509718e2f797928dba4cc6615580d53cfb02a544,cold_start_no_timer_check,ms,lower,493
windows-whp-virtual-machine,2,1,509718e2f797928dba4cc6615580d53cfb02a544,cold_start_nokaslr,ms,lower,565.7
windows-whp-virtual-machine,2,1,509718e2f797928dba4cc6615580d53cfb02a544,cold_start_random_trust_cpu,ms,lower,604.8
windows-whp-virtual-machine,2,1,509718e2f797928dba4cc6615580d53cfb02a544,cold_start_rcu_expedited,ms,lower,571.4
windows-whp-virtual-machine,2,1,509718e2f797928dba4cc6615580d53cfb02a544,cold_start_tsc_reliable,ms,lower,556.9
windows-whp-virtual-machine,2,1,509718e2f797928dba4cc6615580d53cfb02a544,network_snapshot_cold,ms,lower,547.4
windows-whp-virtual-machine,2,1,509718e2f797928dba4cc6615580d53cfb02a544,network_snapshot_restore,ms,lower,152.1
windows-whp-virtual-machine,2,1,509718e2f797928dba4cc6615580d53cfb02a544,network_snapshot_restore_wall,ms,lower,218
windows-whp-virtual-machine,2,1,509718e2f797928dba4cc6615580d53cfb02a544,openvmm_cold_start,ms,lower,442.26655
windows-whp-virtual-machine,2,1,509718e2f797928dba4cc6615580d53cfb02a544,openvmm_cold_start_guest_exit_teardown,ms,lower,45.9287
windows-whp-virtual-machine,2,1,509718e2f797928dba4cc6615580d53cfb02a544,openvmm_cold_start_peak_rss,MiB,lower,73.94921875
windows-whp-virtual-machine,2,1,509718e2f797928dba4cc6615580d53cfb02a544,openvmm_snapshot_generation,ms,lower,772.67875
windows-whp-virtual-machine,2,1,509718e2f797928dba4cc6615580d53cfb02a544,openvmm_snapshot_generation_peak_rss,MiB,lower,76.69921875
windows-whp-virtual-machine,2,1,509718e2f797928dba4cc6615580d53cfb02a544,openvmm_snapshot_restore,ms,lower,200.48185
windows-whp-virtual-machine,2,1,509718e2f797928dba4cc6615580d53cfb02a544,openvmm_snapshot_restore_guest_exit_teardown,ms,lower,29.02155
windows-whp-virtual-machine,2,1,509718e2f797928dba4cc6615580d53cfb02a544,openvmm_snapshot_restore_peak_rss,MiB,lower,18.396484375
windows-whp-virtual-machine,2,1,509718e2f797928dba4cc6615580d53cfb02a544,shell_snapshot_cold_128_mib,ms,lower,525.1
windows-whp-virtual-machine,2,1,509718e2f797928dba4cc6615580d53cfb02a544,shell_snapshot_cold_256_mib,ms,lower,532.9
windows-whp-virtual-machine,2,1,509718e2f797928dba4cc6615580d53cfb02a544,shell_snapshot_cold_512_mib,ms,lower,542.5
windows-whp-virtual-machine,2,1,509718e2f797928dba4cc6615580d53cfb02a544,shell_snapshot_cold_64_mib,ms,lower,512
windows-whp-virtual-machine,2,1,509718e2f797928dba4cc6615580d53cfb02a544,shell_snapshot_restore_128_mib,ms,lower,116.6
windows-whp-virtual-machine,2,1,509718e2f797928dba4cc6615580d53cfb02a544,shell_snapshot_restore_256_mib,ms,lower,119.8
windows-whp-virtual-machine,2,1,509718e2f797928dba4cc6615580d53cfb02a544,shell_snapshot_restore_512_mib,ms,lower,118.7
windows-whp-virtual-machine,2,1,509718e2f797928dba4cc6615580d53cfb02a544,shell_snapshot_restore_64_mib,ms,lower,111.9
windows-whp-virtual-machine,2,1,509718e2f797928dba4cc6615580d53cfb02a544,virtfs_live_read,MB/s,higher,1006.1
windows-whp-virtual-machine,2,1,509718e2f797928dba4cc6615580d53cfb02a544,virtfs_live_roundtrip,ms,lower,749.4
windows-whp-virtual-machine,2,1,509718e2f797928dba4cc6615580d53cfb02a544,virtfs_live_write,MB/s,higher,173.2
windows-whp-virtual-machine,2,1,509718e2f797928dba4cc6615580d53cfb02a544,virtio_blk_random_read_iops,ops/s,higher,7692.24398482
windows-whp-virtual-machine,2,1,509718e2f797928dba4cc6615580d53cfb02a544,virtio_blk_random_write_iops,ops/s,higher,7305.55364045
windows-whp-virtual-machine,2,1,509718e2f797928dba4cc6615580d53cfb02a544,virtio_fs_random_read_iops,ops/s,higher,12667.5811897
windows-whp-virtual-machine,2,1,509718e2f797928dba4cc6615580d53cfb02a544,virtio_fs_random_write_iops,ops/s,higher,12612.6973648
windows-whp-virtual-machine,2,1,509718e2f797928dba4cc6615580d53cfb02a544,virtio_net_udp_roundtrip_ops,ops/s,higher,4902.30981394
windows-whp-virtual-machine,2,1,40e421c0b965e529aaf23b1e9959ce0cfec48943,cold_start_base,ms,lower,579.6
windows-whp-virtual-machine,2,1,40e421c0b965e529aaf23b1e9959ce0cfec48943,cold_start_clocksource,ms,lower,579.1
windows-whp-virtual-machine,2,1,40e421c0b965e529aaf23b1e9959ce0cfec48943,cold_start_cryptomgr_notests,ms,lower,577.7
windows-whp-virtual-machine,2,1,40e421c0b965e529aaf23b1e9959ce0cfec48943,cold_start_mitigations_off,ms,lower,538.3
windows-whp-virtual-machine,2,1,40e421c0b965e529aaf23b1e9959ce0cfec48943,cold_start_no_timer_check,ms,lower,525.6
windows-whp-virtual-machine,2,1,40e421c0b965e529aaf23b1e9959ce0cfec48943,cold_start_nokaslr,ms,lower,576.4
windows-whp-virtual-machine,2,1,40e421c0b965e529aaf23b1e9959ce0cfec48943,cold_start_random_trust_cpu,ms,lower,578.2
windows-whp-virtual-machine,2,1,40e421c0b965e529aaf23b1e9959ce0cfec48943,cold_start_rcu_expedited,ms,lower,581.4
windows-whp-virtual-machine,2,1,40e421c0b965e529aaf23b1e9959ce0cfec48943,cold_start_tsc_reliable,ms,lower,581.1
windows-whp-virtual-machine,2,1,40e421c0b965e529aaf23b1e9959ce0cfec48943,network_snapshot_cold,ms,lower,593.5
windows-whp-virtual-machine,2,1,40e421c0b965e529aaf23b1e9959ce0cfec48943,network_snapshot_restore,ms,lower,174.2
windows-whp-virtual-machine,2,1,40e421c0b965e529aaf23b1e9959ce0cfec48943,network_snapshot_restore_wall,ms,lower,250.3
windows-whp-virtual-machine,2,1,40e421c0b965e529aaf23b1e9959ce0cfec48943,openvmm_cold_start,ms,lower,505.1637
windows-whp-virtual-machine,2,1,40e421c0b965e529aaf23b1e9959ce0cfec48943,openvmm_cold_start_guest_exit_teardown,ms,lower,50.2526
windows-whp-virtual-machine,2,1,40e421c0b965e529aaf23b1e9959ce0cfec48943,openvmm_cold_start_peak_rss,MiB,lower,73.962890625
windows-whp-virtual-machine,2,1,40e421c0b965e529aaf23b1e9959ce0cfec48943,openvmm_snapshot_generation,ms,lower,750.12455
windows-whp-virtual-machine,2,1,40e421c0b965e529aaf23b1e9959ce0cfec48943,openvmm_snapshot_generation_peak_rss,MiB,lower,76.703125
windows-whp-virtual-machine,2,1,40e421c0b965e529aaf23b1e9959ce0cfec48943,openvmm_snapshot_restore,ms,lower,127.0611
windows-whp-virtual-machine,2,1,40e421c0b965e529aaf23b1e9959ce0cfec48943,openvmm_snapshot_restore_guest_exit_teardown,ms,lower,22.60645
windows-whp-virtual-machine,2,1,40e421c0b965e529aaf23b1e9959ce0cfec48943,openvmm_snapshot_restore_peak_rss,MiB,lower,18.287109375
windows-whp-virtual-machine,2,1,40e421c0b965e529aaf23b1e9959ce0cfec48943,shell_snapshot_cold_128_mib,ms,lower,584.7
windows-whp-virtual-machine,2,1,40e421c0b965e529aaf23b1e9959ce0cfec48943,shell_snapshot_cold_256_mib,ms,lower,581.4
windows-whp-virtual-machine,2,1,40e421c0b965e529aaf23b1e9959ce0cfec48943,shell_snapshot_cold_512_mib,ms,lower,593.9
windows-whp-virtual-machine,2,1,40e421c0b965e529aaf23b1e9959ce0cfec48943,shell_snapshot_cold_64_mib,ms,lower,564.6
windows-whp-virtual-machine,2,1,40e421c0b965e529aaf23b1e9959ce0cfec48943,shell_snapshot_restore_128_mib,ms,lower,141
windows-whp-virtual-machine,2,1,40e421c0b965e529aaf23b1e9959ce0cfec48943,shell_snapshot_restore_256_mib,ms,lower,134.5
windows-whp-virtual-machine,2,1,40e421c0b965e529aaf23b1e9959ce0cfec48943,shell_snapshot_restore_512_mib,ms,lower,133.7
windows-whp-virtual-machine,2,1,40e421c0b965e529aaf23b1e9959ce0cfec48943,shell_snapshot_restore_64_mib,ms,lower,131.6
windows-whp-virtual-machine,2,1,40e421c0b965e529aaf23b1e9959ce0cfec48943,virtfs_live_read,MB/s,higher,1361.5
windows-whp-virtual-machine,2,1,40e421c0b965e529aaf23b1e9959ce0cfec48943,virtfs_live_roundtrip,ms,lower,815
windows-whp-virtual-machine,2,1,40e421c0b965e529aaf23b1e9959ce0cfec48943,virtfs_live_write,MB/s,higher,180.4
windows-whp-virtual-machine,2,1,40e421c0b965e529aaf23b1e9959ce0cfec48943,virtio_blk_random_read_iops,ops/s,higher,6554.73383575
windows-whp-virtual-machine,2,1,40e421c0b965e529aaf23b1e9959ce0cfec48943,virtio_blk_random_write_iops,ops/s,higher,6458.06769322
windows-whp-virtual-machine,2,1,40e421c0b965e529aaf23b1e9959ce0cfec48943,virtio_fs_random_read_iops,ops/s,higher,10146.4681361
windows-whp-virtual-machine,2,1,40e421c0b965e529aaf23b1e9959ce0cfec48943,virtio_fs_random_write_iops,ops/s,higher,10323.8724765
windows-whp-virtual-machine,2,1,40e421c0b965e529aaf23b1e9959ce0cfec48943,virtio_net_udp_roundtrip_ops,ops/s,higher,4208.922513
windows-whp-virtual-machine,2,1,7502adbabe864f893e42ee254d942d73565aa4c9,cold_start_base,ms,lower,526.4
windows-whp-virtual-machine,2,1,7502adbabe864f893e42ee254d942d73565aa4c9,cold_start_clocksource,ms,lower,534.3
windows-whp-virtual-machine,2,1,7502adbabe864f893e42ee254d942d73565aa4c9,cold_start_cryptomgr_notests,ms,lower,527.1
windows-whp-virtual-machine,2,1,7502adbabe864f893e42ee254d942d73565aa4c9,cold_start_mitigations_off,ms,lower,493.8
windows-whp-virtual-machine,2,1,7502adbabe864f893e42ee254d942d73565aa4c9,cold_start_no_timer_check,ms,lower,467.3
windows-whp-virtual-machine,2,1,7502adbabe864f893e42ee254d942d73565aa4c9,cold_start_nokaslr,ms,lower,522.4
windows-whp-virtual-machine,2,1,7502adbabe864f893e42ee254d942d73565aa4c9,cold_start_random_trust_cpu,ms,lower,529.7
windows-whp-virtual-machine,2,1,7502adbabe864f893e42ee254d942d73565aa4c9,cold_start_rcu_expedited,ms,lower,528.2
windows-whp-virtual-machine,2,1,7502adbabe864f893e42ee254d942d73565aa4c9,cold_start_tsc_reliable,ms,lower,527.7
windows-whp-virtual-machine,2,1,7502adbabe864f893e42ee254d942d73565aa4c9,network_snapshot_cold,ms,lower,554.5
windows-whp-virtual-machine,2,1,7502adbabe864f893e42ee254d942d73565aa4c9,network_snapshot_restore,ms,lower,153.4
windows-whp-virtual-machine,2,1,7502adbabe864f893e42ee254d942d73565aa4c9,network_snapshot_restore_wall,ms,lower,217.2
windows-whp-virtual-machine,2,1,7502adbabe864f893e42ee254d942d73565aa4c9,openvmm_cold_start,ms,lower,447.00345
windows-whp-virtual-machine,2,1,7502adbabe864f893e42ee254d942d73565aa4c9,openvmm_cold_start_guest_exit_teardown,ms,lower,45.64205
windows-whp-virtual-machine,2,1,7502adbabe864f893e42ee254d942d73565aa4c9,openvmm_cold_start_peak_rss,MiB,lower,73.9453125
windows-whp-virtual-machine,2,1,7502adbabe864f893e42ee254d942d73565aa4c9,openvmm_snapshot_generation,ms,lower,770.9871
windows-whp-virtual-machine,2,1,7502adbabe864f893e42ee254d942d73565aa4c9,openvmm_snapshot_generation_peak_rss,MiB,lower,76.68359375
windows-whp-virtual-machine,2,1,7502adbabe864f893e42ee254d942d73565aa4c9,openvmm_snapshot_restore,ms,lower,124.09705
windows-whp-virtual-machine,2,1,7502adbabe864f893e42ee254d942d73565aa4c9,openvmm_snapshot_restore_guest_exit_teardown,ms,lower,22.333
windows-whp-virtual-machine,2,1,7502adbabe864f893e42ee254d942d73565aa4c9,openvmm_snapshot_restore_peak_rss,MiB,lower,18.369140625
windows-whp-virtual-machine,2,1,7502adbabe864f893e42ee254d942d73565aa4c9,shell_snapshot_cold_128_mib,ms,lower,528
windows-whp-virtual-machine,2,1,7502adbabe864f893e42ee254d942d73565aa4c9,shell_snapshot_cold_256_mib,ms,lower,531.8
windows-whp-virtual-machine,2,1,7502adbabe864f893e42ee254d942d73565aa4c9,shell_snapshot_cold_512_mib,ms,lower,547.5
windows-whp-virtual-machine,2,1,7502adbabe864f893e42ee254d942d73565aa4c9,shell_snapshot_cold_64_mib,ms,lower,515.9
windows-whp-virtual-machine,2,1,7502adbabe864f893e42ee254d942d73565aa4c9,shell_snapshot_restore_128_mib,ms,lower,120.8
windows-whp-virtual-machine,2,1,7502adbabe864f893e42ee254d942d73565aa4c9,shell_snapshot_restore_256_mib,ms,lower,119.1
windows-whp-virtual-machine,2,1,7502adbabe864f893e42ee254d942d73565aa4c9,shell_snapshot_restore_512_mib,ms,lower,119.9
windows-whp-virtual-machine,2,1,7502adbabe864f893e42ee254d942d73565aa4c9,shell_snapshot_restore_64_mib,ms,lower,122.1
windows-whp-virtual-machine,2,1,7502adbabe864f893e42ee254d942d73565aa4c9,virtfs_live_read,MB/s,higher,1500
windows-whp-virtual-machine,2,1,7502adbabe864f893e42ee254d942d73565aa4c9,virtfs_live_roundtrip,ms,lower,746.2
windows-whp-virtual-machine,2,1,7502adbabe864f893e42ee254d942d73565aa4c9,virtfs_live_write,MB/s,higher,173.4
windows-whp-virtual-machine,2,1,7502adbabe864f893e42ee254d942d73565aa4c9,virtio_blk_random_read_iops,ops/s,higher,7356.07224019
windows-whp-virtual-machine,2,1,7502adbabe864f893e42ee254d942d73565aa4c9,virtio_blk_random_write_iops,ops/s,higher,7315.11247629
windows-whp-virtual-machine,2,1,7502adbabe864f893e42ee254d942d73565aa4c9,virtio_fs_random_read_iops,ops/s,higher,12917.9926831
windows-whp-virtual-machine,2,1,7502adbabe864f893e42ee254d942d73565aa4c9,virtio_fs_random_write_iops,ops/s,higher,12331.6312519
windows-whp-virtual-machine,2,1,7502adbabe864f893e42ee254d942d73565aa4c9,virtio_net_udp_roundtrip_ops,ops/s,higher,4927.12617986
windows-whp-virtual-machine,2,1,8e5cf740245d8782798adc4fc374c6e0bfae1a01,cold_start_base,ms,lower,565.1
windows-whp-virtual-machine,2,1,8e5cf740245d8782798adc4fc374c6e0bfae1a01,cold_start_clocksource,ms,lower,575.9
windows-whp-virtual-machine,2,1,8e5cf740245d8782798adc4fc374c6e0bfae1a01,cold_start_cryptomgr_notests,ms,lower,583.3
windows-whp-virtual-machine,2,1,8e5cf740245d8782798adc4fc374c6e0bfae1a01,cold_start_mitigations_off,ms,lower,545.7
windows-whp-virtual-machine,2,1,8e5cf740245d8782798adc4fc374c6e0bfae1a01,cold_start_no_timer_check,ms,lower,528
windows-whp-virtual-machine,2,1,8e5cf740245d8782798adc4fc374c6e0bfae1a01,cold_start_nokaslr,ms,lower,574.7
windows-whp-virtual-machine,2,1,8e5cf740245d8782798adc4fc374c6e0bfae1a01,cold_start_random_trust_cpu,ms,lower,577.9
windows-whp-virtual-machine,2,1,8e5cf740245d8782798adc4fc374c6e0bfae1a01,cold_start_rcu_expedited,ms,lower,577.4
windows-whp-virtual-machine,2,1,8e5cf740245d8782798adc4fc374c6e0bfae1a01,cold_start_tsc_reliable,ms,lower,584.1
windows-whp-virtual-machine,2,1,8e5cf740245d8782798adc4fc374c6e0bfae1a01,network_snapshot_cold,ms,lower,594.8
windows-whp-virtual-machine,2,1,8e5cf740245d8782798adc4fc374c6e0bfae1a01,network_snapshot_restore,ms,lower,175.9
windows-whp-virtual-machine,2,1,8e5cf740245d8782798adc4fc374c6e0bfae1a01,network_snapshot_restore_wall,ms,lower,251.7
windows-whp-virtual-machine,2,1,8e5cf740245d8782798adc4fc374c6e0bfae1a01,openvmm_cold_start,ms,lower,488.5087
windows-whp-virtual-machine,2,1,8e5cf740245d8782798adc4fc374c6e0bfae1a01,openvmm_cold_start_guest_exit_teardown,ms,lower,47.64005
windows-whp-virtual-machine,2,1,8e5cf740245d8782798adc4fc374c6e0bfae1a01,openvmm_cold_start_peak_rss,MiB,lower,73.94921875
windows-whp-virtual-machine,2,1,8e5cf740245d8782798adc4fc374c6e0bfae1a01,openvmm_snapshot_generation,ms,lower,746.42065
windows-whp-virtual-machine,2,1,8e5cf740245d8782798adc4fc374c6e0bfae1a01,openvmm_snapshot_generation_peak_rss,MiB,lower,76.68359375
windows-whp-virtual-machine,2,1,8e5cf740245d8782798adc4fc374c6e0bfae1a01,openvmm_snapshot_restore,ms,lower,128.5705
windows-whp-virtual-machine,2,1,8e5cf740245d8782798adc4fc374c6e0bfae1a01,openvmm_snapshot_restore_guest_exit_teardown,ms,lower,23.506
windows-whp-virtual-machine,2,1,8e5cf740245d8782798adc4fc374c6e0bfae1a01,openvmm_snapshot_restore_peak_rss,MiB,lower,18.294921875
windows-whp-virtual-machine,2,1,8e5cf740245d8782798adc4fc374c6e0bfae1a01,shell_snapshot_cold_128_mib,ms,lower,589.1
windows-whp-virtual-machine,2,1,8e5cf740245d8782798adc4fc374c6e0bfae1a01,shell_snapshot_cold_256_mib,ms,lower,577.8
windows-whp-virtual-machine,2,1,8e5cf740245d8782798adc4fc374c6e0bfae1a01,shell_snapshot_cold_512_mib,ms,lower,587.1
windows-whp-virtual-machine,2,1,8e5cf740245d8782798adc4fc374c6e0bfae1a01,shell_snapshot_cold_64_mib,ms,lower,562.6
windows-whp-virtual-machine,2,1,8e5cf740245d8782798adc4fc374c6e0bfae1a01,shell_snapshot_restore_128_mib,ms,lower,136.1
windows-whp-virtual-machine,2,1,8e5cf740245d8782798adc4fc374c6e0bfae1a01,shell_snapshot_restore_256_mib,ms,lower,136.5
windows-whp-virtual-machine,2,1,8e5cf740245d8782798adc4fc374c6e0bfae1a01,shell_snapshot_restore_512_mib,ms,lower,129.8
windows-whp-virtual-machine,2,1,8e5cf740245d8782798adc4fc374c6e0bfae1a01,shell_snapshot_restore_64_mib,ms,lower,137.4
windows-whp-virtual-machine,2,1,8e5cf740245d8782798adc4fc374c6e0bfae1a01,virtfs_live_read,MB/s,higher,1000
windows-whp-virtual-machine,2,1,8e5cf740245d8782798adc4fc374c6e0bfae1a01,virtfs_live_roundtrip,ms,lower,813
windows-whp-virtual-machine,2,1,8e5cf740245d8782798adc4fc374c6e0bfae1a01,virtfs_live_write,MB/s,higher,184.5
windows-whp-virtual-machine,2,1,8e5cf740245d8782798adc4fc374c6e0bfae1a01,virtio_blk_random_read_iops,ops/s,higher,6671.73839748
windows-whp-virtual-machine,2,1,8e5cf740245d8782798adc4fc374c6e0bfae1a01,virtio_blk_random_write_iops,ops/s,higher,6438.68516897
windows-whp-virtual-machine,2,1,8e5cf740245d8782798adc4fc374c6e0bfae1a01,virtio_fs_random_read_iops,ops/s,higher,10441.5663162
windows-whp-virtual-machine,2,1,8e5cf740245d8782798adc4fc374c6e0bfae1a01,virtio_fs_random_write_iops,ops/s,higher,10535.9289173
windows-whp-virtual-machine,2,1,8e5cf740245d8782798adc4fc374c6e0bfae1a01,virtio_net_udp_roundtrip_ops,ops/s,higher,4198.660938
windows-whp-virtual-machine,2,1,a900cab90515a39f1ee3e1e4a64234c8937fefe7,cold_start_base,ms,lower,583.2
windows-whp-virtual-machine,2,1,a900cab90515a39f1ee3e1e4a64234c8937fefe7,cold_start_clocksource,ms,lower,576.7
windows-whp-virtual-machine,2,1,a900cab90515a39f1ee3e1e4a64234c8937fefe7,cold_start_cryptomgr_notests,ms,lower,583.7
windows-whp-virtual-machine,2,1,a900cab90515a39f1ee3e1e4a64234c8937fefe7,cold_start_mitigations_off,ms,lower,547.8
windows-whp-virtual-machine,2,1,a900cab90515a39f1ee3e1e4a64234c8937fefe7,cold_start_no_timer_check,ms,lower,525.1
windows-whp-virtual-machine,2,1,a900cab90515a39f1ee3e1e4a64234c8937fefe7,cold_start_nokaslr,ms,lower,580.6
windows-whp-virtual-machine,2,1,a900cab90515a39f1ee3e1e4a64234c8937fefe7,cold_start_random_trust_cpu,ms,lower,583.2
windows-whp-virtual-machine,2,1,a900cab90515a39f1ee3e1e4a64234c8937fefe7,cold_start_rcu_expedited,ms,lower,584.7
windows-whp-virtual-machine,2,1,a900cab90515a39f1ee3e1e4a64234c8937fefe7,cold_start_tsc_reliable,ms,lower,579.9
windows-whp-virtual-machine,2,1,a900cab90515a39f1ee3e1e4a64234c8937fefe7,network_snapshot_cold,ms,lower,592.1
windows-whp-virtual-machine,2,1,a900cab90515a39f1ee3e1e4a64234c8937fefe7,network_snapshot_restore,ms,lower,173.1
windows-whp-virtual-machine,2,1,a900cab90515a39f1ee3e1e4a64234c8937fefe7,network_snapshot_restore_wall,ms,lower,248.8
windows-whp-virtual-machine,2,1,a900cab90515a39f1ee3e1e4a64234c8937fefe7,openvmm_cold_start,ms,lower,492.20485
windows-whp-virtual-machine,2,1,a900cab90515a39f1ee3e1e4a64234c8937fefe7,openvmm_cold_start_guest_exit_teardown,ms,lower,50.0894
windows-whp-virtual-machine,2,1,a900cab90515a39f1ee3e1e4a64234c8937fefe7,openvmm_cold_start_peak_rss,MiB,lower,73.94140625
windows-whp-virtual-machine,2,1,a900cab90515a39f1ee3e1e4a64234c8937fefe7,openvmm_snapshot_generation,ms,lower,768.91915
windows-whp-virtual-machine,2,1,a900cab90515a39f1ee3e1e4a64234c8937fefe7,openvmm_snapshot_generation_peak_rss,MiB,lower,76.6875
windows-whp-virtual-machine,2,1,a900cab90515a39f1ee3e1e4a64234c8937fefe7,openvmm_snapshot_restore,ms,lower,131.8854
windows-whp-virtual-machine,2,1,a900cab90515a39f1ee3e1e4a64234c8937fefe7,openvmm_snapshot_restore_guest_exit_teardown,ms,lower,22.9649
windows-whp-virtual-machine,2,1,a900cab90515a39f1ee3e1e4a64234c8937fefe7,openvmm_snapshot_restore_peak_rss,MiB,lower,18.318359375
windows-whp-virtual-machine,2,1,a900cab90515a39f1ee3e1e4a64234c8937fefe7,shell_snapshot_cold_128_mib,ms,lower,584.9
windows-whp-virtual-machine,2,1,a900cab90515a39f1ee3e1e4a64234c8937fefe7,shell_snapshot_cold_256_mib,ms,lower,583.3
windows-whp-virtual-machine,2,1,a900cab90515a39f1ee3e1e4a64234c8937fefe7,shell_snapshot_cold_512_mib,ms,lower,588.2
windows-whp-virtual-machine,2,1,a900cab90515a39f1ee3e1e4a64234c8937fefe7,shell_snapshot_cold_64_mib,ms,lower,572.3
windows-whp-virtual-machine,2,1,a900cab90515a39f1ee3e1e4a64234c8937fefe7,shell_snapshot_restore_128_mib,ms,lower,136.2
windows-whp-virtual-machine,2,1,a900cab90515a39f1ee3e1e4a64234c8937fefe7,shell_snapshot_restore_256_mib,ms,lower,131.3
windows-whp-virtual-machine,2,1,a900cab90515a39f1ee3e1e4a64234c8937fefe7,shell_snapshot_restore_512_mib,ms,lower,134.1
windows-whp-virtual-machine,2,1,a900cab90515a39f1ee3e1e4a64234c8937fefe7,shell_snapshot_restore_64_mib,ms,lower,128.7
windows-whp-virtual-machine,2,1,a900cab90515a39f1ee3e1e4a64234c8937fefe7,virtfs_live_read,MB/s,higher,1700
windows-whp-virtual-machine,2,1,a900cab90515a39f1ee3e1e4a64234c8937fefe7,virtfs_live_roundtrip,ms,lower,814.4
windows-whp-virtual-machine,2,1,a900cab90515a39f1ee3e1e4a64234c8937fefe7,virtfs_live_write,MB/s,higher,106.9
windows-whp-virtual-machine,2,1,a900cab90515a39f1ee3e1e4a64234c8937fefe7,virtio_blk_random_read_iops,ops/s,higher,6709.22071088
windows-whp-virtual-machine,2,1,a900cab90515a39f1ee3e1e4a64234c8937fefe7,virtio_blk_random_write_iops,ops/s,higher,6557.63835167
windows-whp-virtual-machine,2,1,a900cab90515a39f1ee3e1e4a64234c8937fefe7,virtio_fs_random_read_iops,ops/s,higher,10374.1879434
windows-whp-virtual-machine,2,1,a900cab90515a39f1ee3e1e4a64234c8937fefe7,virtio_fs_random_write_iops,ops/s,higher,10462.4457107
windows-whp-virtual-machine,2,1,a900cab90515a39f1ee3e1e4a64234c8937fefe7,virtio_net_udp_roundtrip_ops,ops/s,higher,4220.8870818
windows-whp-virtual-machine,2,1,edd0be2ce9a2f487f6759b8370f6c288c478b602,cold_start_base,ms,lower,596.6
windows-whp-virtual-machine,2,1,edd0be2ce9a2f487f6759b8370f6c288c478b602,cold_start_clocksource,ms,lower,589
windows-whp-virtual-machine,2,1,edd0be2ce9a2f487f6759b8370f6c288c478b602,cold_start_cryptomgr_notests,ms,lower,600.9
windows-whp-virtual-machine,2,1,edd0be2ce9a2f487f6759b8370f6c288c478b602,cold_start_mitigations_off,ms,lower,555.8
windows-whp-virtual-machine,2,1,edd0be2ce9a2f487f6759b8370f6c288c478b602,cold_start_no_timer_check,ms,lower,545.8
windows-whp-virtual-machine,2,1,edd0be2ce9a2f487f6759b8370f6c288c478b602,cold_start_nokaslr,ms,lower,593.1
windows-whp-virtual-machine,2,1,edd0be2ce9a2f487f6759b8370f6c288c478b602,cold_start_random_trust_cpu,ms,lower,601.3
windows-whp-virtual-machine,2,1,edd0be2ce9a2f487f6759b8370f6c288c478b602,cold_start_rcu_expedited,ms,lower,592.5
windows-whp-virtual-machine,2,1,edd0be2ce9a2f487f6759b8370f6c288c478b602,cold_start_tsc_reliable,ms,lower,586.7
windows-whp-virtual-machine,2,1,edd0be2ce9a2f487f6759b8370f6c288c478b602,network_snapshot_cold,ms,lower,611.2
windows-whp-virtual-machine,2,1,edd0be2ce9a2f487f6759b8370f6c288c478b602,network_snapshot_restore,ms,lower,183.7
windows-whp-virtual-machine,2,1,edd0be2ce9a2f487f6759b8370f6c288c478b602,network_snapshot_restore_wall,ms,lower,264.2
windows-whp-virtual-machine,2,1,edd0be2ce9a2f487f6759b8370f6c288c478b602,openvmm_cold_start,ms,lower,494.47525
windows-whp-virtual-machine,2,1,edd0be2ce9a2f487f6759b8370f6c288c478b602,openvmm_cold_start_guest_exit_teardown,ms,lower,51.8093
windows-whp-virtual-machine,2,1,edd0be2ce9a2f487f6759b8370f6c288c478b602,openvmm_cold_start_peak_rss,MiB,lower,74.6796875
windows-whp-virtual-machine,2,1,edd0be2ce9a2f487f6759b8370f6c288c478b602,openvmm_snapshot_generation,ms,lower,798.72075
windows-whp-virtual-machine,2,1,edd0be2ce9a2f487f6759b8370f6c288c478b602,openvmm_snapshot_generation_peak_rss,MiB,lower,77.451171875
windows-whp-virtual-machine,2,1,edd0be2ce9a2f487f6759b8370f6c288c478b602,openvmm_snapshot_restore,ms,lower,136.61195
windows-whp-virtual-machine,2,1,edd0be2ce9a2f487f6759b8370f6c288c478b602,openvmm_snapshot_restore_guest_exit_teardown,ms,lower,23.8182
windows-whp-virtual-machine,2,1,edd0be2ce9a2f487f6759b8370f6c288c478b602,openvmm_snapshot_restore_peak_rss,MiB,lower,19.05078125
windows-whp-virtual-machine,2,1,edd0be2ce9a2f487f6759b8370f6c288c478b602,shell_snapshot_cold_128_mib,ms,lower,602.7
windows-whp-virtual-machine,2,1,edd0be2ce9a2f487f6759b8370f6c288c478b602,shell_snapshot_cold_256_mib,ms,lower,595.5
windows-whp-virtual-machine,2,1,edd0be2ce9a2f487f6759b8370f6c288c478b602,shell_snapshot_cold_512_mib,ms,lower,607.5
windows-whp-virtual-machine,2,1,edd0be2ce9a2f487f6759b8370f6c288c478b602,shell_snapshot_cold_64_mib,ms,lower,582.6
windows-whp-virtual-machine,2,1,edd0be2ce9a2f487f6759b8370f6c288c478b602,shell_snapshot_restore_128_mib,ms,lower,138.9
windows-whp-virtual-machine,2,1,edd0be2ce9a2f487f6759b8370f6c288c478b602,shell_snapshot_restore_256_mib,ms,lower,143.7
windows-whp-virtual-machine,2,1,edd0be2ce9a2f487f6759b8370f6c288c478b602,shell_snapshot_restore_512_mib,ms,lower,137.7
windows-whp-virtual-machine,2,1,edd0be2ce9a2f487f6759b8370f6c288c478b602,shell_snapshot_restore_64_mib,ms,lower,130.5
windows-whp-virtual-machine,2,1,edd0be2ce9a2f487f6759b8370f6c288c478b602,virtfs_live_read,MB/s,higher,1600
windows-whp-virtual-machine,2,1,edd0be2ce9a2f487f6759b8370f6c288c478b602,virtfs_live_roundtrip,ms,lower,827.8
windows-whp-virtual-machine,2,1,edd0be2ce9a2f487f6759b8370f6c288c478b602,virtfs_live_write,MB/s,higher,163.2
windows-whp-virtual-machine,2,1,edd0be2ce9a2f487f6759b8370f6c288c478b602,virtio_blk_random_read_iops,ops/s,higher,6409.17344849
windows-whp-virtual-machine,2,1,edd0be2ce9a2f487f6759b8370f6c288c478b602,virtio_blk_random_write_iops,ops/s,higher,6348.57582142
windows-whp-virtual-machine,2,1,edd0be2ce9a2f487f6759b8370f6c288c478b602,virtio_fs_random_read_iops,ops/s,higher,9937.88719096
windows-whp-virtual-machine,2,1,edd0be2ce9a2f487f6759b8370f6c288c478b602,virtio_fs_random_write_iops,ops/s,higher,10159.8519521
windows-whp-virtual-machine,2,1,edd0be2ce9a2f487f6759b8370f6c288c478b602,virtio_net_udp_roundtrip_ops,ops/s,higher,4140.82313759
windows-whp-virtual-machine,2,1,62ffbb4d1fc210dfdd8d86f46e114b62a57ccf0f,cold_start_base,ms,lower,635.3
windows-whp-virtual-machine,2,1,62ffbb4d1fc210dfdd8d86f46e114b62a57ccf0f,cold_start_clocksource,ms,lower,531
windows-whp-virtual-machine,2,1,62ffbb4d1fc210dfdd8d86f46e114b62a57ccf0f,cold_start_cryptomgr_notests,ms,lower,517.5
windows-whp-virtual-machine,2,1,62ffbb4d1fc210dfdd8d86f46e114b62a57ccf0f,cold_start_mitigations_off,ms,lower,483.4
windows-whp-virtual-machine,2,1,62ffbb4d1fc210dfdd8d86f46e114b62a57ccf0f,cold_start_no_timer_check,ms,lower,467.6
windows-whp-virtual-machine,2,1,62ffbb4d1fc210dfdd8d86f46e114b62a57ccf0f,cold_start_nokaslr,ms,lower,518.8
windows-whp-virtual-machine,2,1,62ffbb4d1fc210dfdd8d86f46e114b62a57ccf0f,cold_start_random_trust_cpu,ms,lower,540.6
windows-whp-virtual-machine,2,1,62ffbb4d1fc210dfdd8d86f46e114b62a57ccf0f,cold_start_rcu_expedited,ms,lower,517.1
windows-whp-virtual-machine,2,1,62ffbb4d1fc210dfdd8d86f46e114b62a57ccf0f,cold_start_tsc_reliable,ms,lower,521.6
windows-whp-virtual-machine,2,1,62ffbb4d1fc210dfdd8d86f46e114b62a57ccf0f,network_snapshot_cold,ms,lower,532.5
windows-whp-virtual-machine,2,1,62ffbb4d1fc210dfdd8d86f46e114b62a57ccf0f,network_snapshot_restore,ms,lower,138.8
windows-whp-virtual-machine,2,1,62ffbb4d1fc210dfdd8d86f46e114b62a57ccf0f,network_snapshot_restore_wall,ms,lower,200.3
windows-whp-virtual-machine,2,1,62ffbb4d1fc210dfdd8d86f46e114b62a57ccf0f,openvmm_cold_start,ms,lower,498.9597
windows-whp-virtual-machine,2,1,62ffbb4d1fc210dfdd8d86f46e114b62a57ccf0f,openvmm_cold_start_guest_exit_teardown,ms,lower,55.29215
windows-whp-virtual-machine,2,1,62ffbb4d1fc210dfdd8d86f46e114b62a57ccf0f,openvmm_cold_start_peak_rss,MiB,lower,73.9296875
windows-whp-virtual-machine,2,1,62ffbb4d1fc210dfdd8d86f46e114b62a57ccf0f,openvmm_snapshot_generation,ms,lower,858.6922
windows-whp-virtual-machine,2,1,62ffbb4d1fc210dfdd8d86f46e114b62a57ccf0f,openvmm_snapshot_generation_peak_rss,MiB,lower,76.671875
windows-whp-virtual-machine,2,1,62ffbb4d1fc210dfdd8d86f46e114b62a57ccf0f,openvmm_snapshot_restore,ms,lower,127.3216
windows-whp-virtual-machine,2,1,62ffbb4d1fc210dfdd8d86f46e114b62a57ccf0f,openvmm_snapshot_restore_guest_exit_teardown,ms,lower,23.02045
windows-whp-virtual-machine,2,1,62ffbb4d1fc210dfdd8d86f46e114b62a57ccf0f,openvmm_snapshot_restore_peak_rss,MiB,lower,18.28125
windows-whp-virtual-machine,2,1,62ffbb4d1fc210dfdd8d86f46e114b62a57ccf0f,shell_snapshot_cold_128_mib,ms,lower,510
windows-whp-virtual-machine,2,1,62ffbb4d1fc210dfdd8d86f46e114b62a57ccf0f,shell_snapshot_cold_256_mib,ms,lower,527.3
windows-whp-virtual-machine,2,1,62ffbb4d1fc210dfdd8d86f46e114b62a57ccf0f,shell_snapshot_cold_512_mib,ms,lower,530.2
windows-whp-virtual-machine,2,1,62ffbb4d1fc210dfdd8d86f46e114b62a57ccf0f,shell_snapshot_cold_64_mib,ms,lower,507.4
windows-whp-virtual-machine,2,1,62ffbb4d1fc210dfdd8d86f46e114b62a57ccf0f,shell_snapshot_restore_128_mib,ms,lower,124
windows-whp-virtual-machine,2,1,62ffbb4d1fc210dfdd8d86f46e114b62a57ccf0f,shell_snapshot_restore_256_mib,ms,lower,125.5
windows-whp-virtual-machine,2,1,62ffbb4d1fc210dfdd8d86f46e114b62a57ccf0f,shell_snapshot_restore_512_mib,ms,lower,126.5
windows-whp-virtual-machine,2,1,62ffbb4d1fc210dfdd8d86f46e114b62a57ccf0f,shell_snapshot_restore_64_mib,ms,lower,112.7
windows-whp-virtual-machine,2,1,62ffbb4d1fc210dfdd8d86f46e114b62a57ccf0f,virtfs_live_read,MB/s,higher,1000.5
windows-whp-virtual-machine,2,1,62ffbb4d1fc210dfdd8d86f46e114b62a57ccf0f,virtfs_live_roundtrip,ms,lower,730.7
windows-whp-virtual-machine,2,1,62ffbb4d1fc210dfdd8d86f46e114b62a57ccf0f,virtfs_live_write,MB/s,higher,175.4
windows-whp-virtual-machine,2,1,62ffbb4d1fc210dfdd8d86f46e114b62a57ccf0f,virtio_blk_random_read_iops,ops/s,higher,7841.13190598
windows-whp-virtual-machine,2,1,62ffbb4d1fc210dfdd8d86f46e114b62a57ccf0f,virtio_blk_random_write_iops,ops/s,higher,7676.72891906
windows-whp-virtual-machine,2,1,62ffbb4d1fc210dfdd8d86f46e114b62a57ccf0f,virtio_fs_random_read_iops,ops/s,higher,12133.9732835
windows-whp-virtual-machine,2,1,62ffbb4d1fc210dfdd8d86f46e114b62a57ccf0f,virtio_fs_random_write_iops,ops/s,higher,12027.4307595
windows-whp-virtual-machine,2,1,62ffbb4d1fc210dfdd8d86f46e114b62a57ccf0f,virtio_net_udp_roundtrip_ops,ops/s,higher,4863.02977786
windows-whp-virtual-machine,2,1,caed7fad98837ac64310b5835370a47161e98058,cold_start_base,ms,lower,532
windows-whp-virtual-machine,2,1,caed7fad98837ac64310b5835370a47161e98058,cold_start_clocksource,ms,lower,533.7
windows-whp-virtual-machine,2,1,caed7fad98837ac64310b5835370a47161e98058,cold_start_cryptomgr_notests,ms,lower,541.6
windows-whp-virtual-machine,2,1,caed7fad98837ac64310b5835370a47161e98058,cold_start_mitigations_off,ms,lower,503.6
windows-whp-virtual-machine,2,1,caed7fad98837ac64310b5835370a47161e98058,cold_start_no_timer_check,ms,lower,481
windows-whp-virtual-machine,2,1,caed7fad98837ac64310b5835370a47161e98058,cold_start_nokaslr,ms,lower,524.6
windows-whp-virtual-machine,2,1,caed7fad98837ac64310b5835370a47161e98058,cold_start_random_trust_cpu,ms,lower,526.1
windows-whp-virtual-machine,2,1,caed7fad98837ac64310b5835370a47161e98058,cold_start_rcu_expedited,ms,lower,527.7
windows-whp-virtual-machine,2,1,caed7fad98837ac64310b5835370a47161e98058,cold_start_tsc_reliable,ms,lower,524.4
windows-whp-virtual-machine,2,1,caed7fad98837ac64310b5835370a47161e98058,network_snapshot_cold,ms,lower,537.3
windows-whp-virtual-machine,2,1,caed7fad98837ac64310b5835370a47161e98058,network_snapshot_restore,ms,lower,151.2
windows-whp-virtual-machine,2,1,caed7fad98837ac64310b5835370a47161e98058,network_snapshot_restore_wall,ms,lower,215.7
windows-whp-virtual-machine,2,1,caed7fad98837ac64310b5835370a47161e98058,openvmm_cold_start,ms,lower,447.4714
windows-whp-virtual-machine,2,1,caed7fad98837ac64310b5835370a47161e98058,openvmm_cold_start_guest_exit_teardown,ms,lower,45.2843
windows-whp-virtual-machine,2,1,caed7fad98837ac64310b5835370a47161e98058,openvmm_cold_start_peak_rss,MiB,lower,73.951171875
windows-whp-virtual-machine,2,1,caed7fad98837ac64310b5835370a47161e98058,openvmm_snapshot_generation,ms,lower,757.36675
windows-whp-virtual-machine,2,1,caed7fad98837ac64310b5835370a47161e98058,openvmm_snapshot_generation_peak_rss,MiB,lower,76.685546875
windows-whp-virtual-machine,2,1,caed7fad98837ac64310b5835370a47161e98058,openvmm_snapshot_restore,ms,lower,118.12025
windows-whp-virtual-machine,2,1,caed7fad98837ac64310b5835370a47161e98058,openvmm_snapshot_restore_guest_exit_teardown,ms,lower,21.9804
windows-whp-virtual-machine,2,1,caed7fad98837ac64310b5835370a47161e98058,openvmm_snapshot_restore_peak_rss,MiB,lower,18.34765625
windows-whp-virtual-machine,2,1,caed7fad98837ac64310b5835370a47161e98058,shell_snapshot_cold_128_mib,ms,lower,533
windows-whp-virtual-machine,2,1,caed7fad98837ac64310b5835370a47161e98058,shell_snapshot_cold_256_mib,ms,lower,531.3
windows-whp-virtual-machine,2,1,caed7fad98837ac64310b5835370a47161e98058,shell_snapshot_cold_512_mib,ms,lower,536.8
windows-whp-virtual-machine,2,1,caed7fad98837ac64310b5835370a47161e98058,shell_snapshot_cold_64_mib,ms,lower,523.8
windows-whp-virtual-machine,2,1,caed7fad98837ac64310b5835370a47161e98058,shell_snapshot_restore_128_mib,ms,lower,112.2
windows-whp-virtual-machine,2,1,caed7fad98837ac64310b5835370a47161e98058,shell_snapshot_restore_256_mib,ms,lower,118.7
windows-whp-virtual-machine,2,1,caed7fad98837ac64310b5835370a47161e98058,shell_snapshot_restore_512_mib,ms,lower,118.5
windows-whp-virtual-machine,2,1,caed7fad98837ac64310b5835370a47161e98058,shell_snapshot_restore_64_mib,ms,lower,115.5
windows-whp-virtual-machine,2,1,caed7fad98837ac64310b5835370a47161e98058,virtfs_live_read,MB/s,higher,1020.6
windows-whp-virtual-machine,2,1,caed7fad98837ac64310b5835370a47161e98058,virtfs_live_roundtrip,ms,lower,767.2
windows-whp-virtual-machine,2,1,caed7fad98837ac64310b5835370a47161e98058,virtfs_live_write,MB/s,higher,176.1
windows-whp-virtual-machine,2,1,caed7fad98837ac64310b5835370a47161e98058,virtio_blk_random_read_iops,ops/s,higher,7459.6346867
windows-whp-virtual-machine,2,1,caed7fad98837ac64310b5835370a47161e98058,virtio_blk_random_write_iops,ops/s,higher,7164.18903436
windows-whp-virtual-machine,2,1,caed7fad98837ac64310b5835370a47161e98058,virtio_fs_random_read_iops,ops/s,higher,12758.5394316
windows-whp-virtual-machine,2,1,caed7fad98837ac64310b5835370a47161e98058,virtio_fs_random_write_iops,ops/s,higher,12447.373911
windows-whp-virtual-machine,2,1,caed7fad98837ac64310b5835370a47161e98058,virtio_net_udp_roundtrip_ops,ops/s,higher,4856.49509974
windows-whp-virtual-machine,2,1,4fff1a9e49f70f48aa64c009b0366649fee99798,cold_start_base,ms,lower,522.4
windows-whp-virtual-machine,2,1,4fff1a9e49f70f48aa64c009b0366649fee99798,cold_start_clocksource,ms,lower,516.1
windows-whp-virtual-machine,2,1,4fff1a9e49f70f48aa64c009b0366649fee99798,cold_start_cryptomgr_notests,ms,lower,524.9
windows-whp-virtual-machine,2,1,4fff1a9e49f70f48aa64c009b0366649fee99798,cold_start_mitigations_off,ms,lower,487
windows-whp-virtual-machine,2,1,4fff1a9e49f70f48aa64c009b0366649fee99798,cold_start_no_timer_check,ms,lower,469.9
windows-whp-virtual-machine,2,1,4fff1a9e49f70f48aa64c009b0366649fee99798,cold_start_nokaslr,ms,lower,517.2
windows-whp-virtual-machine,2,1,4fff1a9e49f70f48aa64c009b0366649fee99798,cold_start_random_trust_cpu,ms,lower,519.3
windows-whp-virtual-machine,2,1,4fff1a9e49f70f48aa64c009b0366649fee99798,cold_start_rcu_expedited,ms,lower,512.6
windows-whp-virtual-machine,2,1,4fff1a9e49f70f48aa64c009b0366649fee99798,cold_start_tsc_reliable,ms,lower,517.7
windows-whp-virtual-machine,2,1,4fff1a9e49f70f48aa64c009b0366649fee99798,network_snapshot_cold,ms,lower,538.4
windows-whp-virtual-machine,2,1,4fff1a9e49f70f48aa64c009b0366649fee99798,network_snapshot_restore,ms,lower,146.7
windows-whp-virtual-machine,2,1,4fff1a9e49f70f48aa64c009b0366649fee99798,network_snapshot_restore_wall,ms,lower,210.5
windows-whp-virtual-machine,2,1,4fff1a9e49f70f48aa64c009b0366649fee99798,openvmm_cold_start,ms,lower,439.2446
windows-whp-virtual-machine,2,1,4fff1a9e49f70f48aa64c009b0366649fee99798,openvmm_cold_start_guest_exit_teardown,ms,lower,44.82475
windows-whp-virtual-machine,2,1,4fff1a9e49f70f48aa64c009b0366649fee99798,openvmm_cold_start_peak_rss,MiB,lower,73.947265625
windows-whp-virtual-machine,2,1,4fff1a9e49f70f48aa64c009b0366649fee99798,openvmm_snapshot_generation,ms,lower,759.69995
windows-whp-virtual-machine,2,1,4fff1a9e49f70f48aa64c009b0366649fee99798,openvmm_snapshot_generation_peak_rss,MiB,lower,76.68359375
windows-whp-virtual-machine,2,1,4fff1a9e49f70f48aa64c009b0366649fee99798,openvmm_snapshot_restore,ms,lower,111.60225
windows-whp-virtual-machine,2,1,4fff1a9e49f70f48aa64c009b0366649fee99798,openvmm_snapshot_restore_guest_exit_teardown,ms,lower,21.78565
windows-whp-virtual-machine,2,1,4fff1a9e49f70f48aa64c009b0366649fee99798,openvmm_snapshot_restore_peak_rss,MiB,lower,18.302734375
windows-whp-virtual-machine,2,1,4fff1a9e49f70f48aa64c009b0366649fee99798,shell_snapshot_cold_128_mib,ms,lower,523.4
windows-whp-virtual-machine,2,1,4fff1a9e49f70f48aa64c009b0366649fee99798,shell_snapshot_cold_256_mib,ms,lower,523.1
windows-whp-virtual-machine,2,1,4fff1a9e49f70f48aa64c009b0366649fee99798,shell_snapshot_cold_512_mib,ms,lower,535.8
windows-whp-virtual-machine,2,1,4fff1a9e49f70f48aa64c009b0366649fee99798,shell_snapshot_cold_64_mib,ms,lower,510.1
windows-whp-virtual-machine,2,1,4fff1a9e49f70f48aa64c009b0366649fee99798,shell_snapshot_restore_128_mib,ms,lower,122
windows-whp-virtual-machine,2,1,4fff1a9e49f70f48aa64c009b0366649fee99798,shell_snapshot_restore_256_mib,ms,lower,127.9
windows-whp-virtual-machine,2,1,4fff1a9e49f70f48aa64c009b0366649fee99798,shell_snapshot_restore_512_mib,ms,lower,131.2
windows-whp-virtual-machine,2,1,4fff1a9e49f70f48aa64c009b0366649fee99798,shell_snapshot_restore_64_mib,ms,lower,124
windows-whp-virtual-machine,2,1,4fff1a9e49f70f48aa64c009b0366649fee99798,virtfs_live_read,MB/s,higher,1012.8
windows-whp-virtual-machine,2,1,4fff1a9e49f70f48aa64c009b0366649fee99798,virtfs_live_roundtrip,ms,lower,749.2
windows-whp-virtual-machine,2,1,4fff1a9e49f70f48aa64c009b0366649fee99798,virtfs_live_write,MB/s,higher,174.7
windows-whp-virtual-machine,2,1,4fff1a9e49f70f48aa64c009b0366649fee99798,virtio_blk_random_read_iops,ops/s,higher,7531.91987932
windows-whp-virtual-machine,2,1,4fff1a9e49f70f48aa64c009b0366649fee99798,virtio_blk_random_write_iops,ops/s,higher,7371.28050692
windows-whp-virtual-machine,2,1,4fff1a9e49f70f48aa64c009b0366649fee99798,virtio_fs_random_read_iops,ops/s,higher,12166.4149912
windows-whp-virtual-machine,2,1,4fff1a9e49f70f48aa64c009b0366649fee99798,virtio_fs_random_write_iops,ops/s,higher,11937.3841198
windows-whp-virtual-machine,2,1,4fff1a9e49f70f48aa64c009b0366649fee99798,virtio_net_udp_roundtrip_ops,ops/s,higher,4757.48164385
windows-whp-virtual-machine,2,1,717345a61ce212b103603864d37b0d3e26acb61c,cold_start_base,ms,lower,545.8
windows-whp-virtual-machine,2,1,717345a61ce212b103603864d37b0d3e26acb61c,cold_start_clocksource,ms,lower,540.6
windows-whp-virtual-machine,2,1,717345a61ce212b103603864d37b0d3e26acb61c,cold_start_cryptomgr_notests,ms,lower,528.4
windows-whp-virtual-machine,2,1,717345a61ce212b103603864d37b0d3e26acb61c,cold_start_mitigations_off,ms,lower,501.7
windows-whp-virtual-machine,2,1,717345a61ce212b103603864d37b0d3e26acb61c,cold_start_no_timer_check,ms,lower,473
windows-whp-virtual-machine,2,1,717345a61ce212b103603864d37b0d3e26acb61c,cold_start_nokaslr,ms,lower,535.5
windows-whp-virtual-machine,2,1,717345a61ce212b103603864d37b0d3e26acb61c,cold_start_random_trust_cpu,ms,lower,533.8
windows-whp-virtual-machine,2,1,717345a61ce212b103603864d37b0d3e26acb61c,cold_start_rcu_expedited,ms,lower,530.6
windows-whp-virtual-machine,2,1,717345a61ce212b103603864d37b0d3e26acb61c,cold_start_tsc_reliable,ms,lower,533.4
windows-whp-virtual-machine,2,1,717345a61ce212b103603864d37b0d3e26acb61c,network_snapshot_cold,ms,lower,547.8
windows-whp-virtual-machine,2,1,717345a61ce212b103603864d37b0d3e26acb61c,network_snapshot_restore,ms,lower,158.6
windows-whp-virtual-machine,2,1,717345a61ce212b103603864d37b0d3e26acb61c,network_snapshot_restore_wall,ms,lower,225.5
windows-whp-virtual-machine,2,1,717345a61ce212b103603864d37b0d3e26acb61c,openvmm_cold_start,ms,lower,447.51765
windows-whp-virtual-machine,2,1,717345a61ce212b103603864d37b0d3e26acb61c,openvmm_cold_start_guest_exit_teardown,ms,lower,45.1772
windows-whp-virtual-machine,2,1,717345a61ce212b103603864d37b0d3e26acb61c,openvmm_cold_start_peak_rss,MiB,lower,73.9453125
windows-whp-virtual-machine,2,1,717345a61ce212b103603864d37b0d3e26acb61c,openvmm_snapshot_generation,ms,lower,753.9026
windows-whp-virtual-machine,2,1,717345a61ce212b103603864d37b0d3e26acb61c,openvmm_snapshot_generation_peak_rss,MiB,lower,76.705078125
windows-whp-virtual-machine,2,1,717345a61ce212b103603864d37b0d3e26acb61c,openvmm_snapshot_restore,ms,lower,114.31125
windows-whp-virtual-machine,2,1,717345a61ce212b103603864d37b0d3e26acb61c,openvmm_snapshot_restore_guest_exit_teardown,ms,lower,22.41115
windows-whp-virtual-machine,2,1,717345a61ce212b103603864d37b0d3e26acb61c,openvmm_snapshot_restore_peak_rss,MiB,lower,18.30859375
windows-whp-virtual-machine,2,1,717345a61ce212b103603864d37b0d3e26acb61c,shell_snapshot_cold_128_mib,ms,lower,538.3
windows-whp-virtual-machine,2,1,717345a61ce212b103603864d37b0d3e26acb61c,shell_snapshot_cold_256_mib,ms,lower,535.8
windows-whp-virtual-machine,2,1,717345a61ce212b103603864d37b0d3e26acb61c,shell_snapshot_cold_512_mib,ms,lower,546.4
windows-whp-virtual-machine,2,1,717345a61ce212b103603864d37b0d3e26acb61c,shell_snapshot_cold_64_mib,ms,lower,508.9
windows-whp-virtual-machine,2,1,717345a61ce212b103603864d37b0d3e26acb61c,shell_snapshot_restore_128_mib,ms,lower,121.2
windows-whp-virtual-machine,2,1,717345a61ce212b103603864d37b0d3e26acb61c,shell_snapshot_restore_256_mib,ms,lower,124.2
windows-whp-virtual-machine,2,1,717345a61ce212b103603864d37b0d3e26acb61c,shell_snapshot_restore_512_mib,ms,lower,126.3
windows-whp-virtual-machine,2,1,717345a61ce212b103603864d37b0d3e26acb61c,shell_snapshot_restore_64_mib,ms,lower,119.5
windows-whp-virtual-machine,2,1,717345a61ce212b103603864d37b0d3e26acb61c,virtfs_live_read,MB/s,higher,1100
windows-whp-virtual-machine,2,1,717345a61ce212b103603864d37b0d3e26acb61c,virtfs_live_roundtrip,ms,lower,748.9
windows-whp-virtual-machine,2,1,717345a61ce212b103603864d37b0d3e26acb61c,virtfs_live_write,MB/s,higher,175.4
windows-whp-virtual-machine,2,1,717345a61ce212b103603864d37b0d3e26acb61c,virtio_blk_random_read_iops,ops/s,higher,7254.65154628
windows-whp-virtual-machine,2,1,717345a61ce212b103603864d37b0d3e26acb61c,virtio_blk_random_write_iops,ops/s,higher,6998.41090299
windows-whp-virtual-machine,2,1,717345a61ce212b103603864d37b0d3e26acb61c,virtio_fs_random_read_iops,ops/s,higher,12268.5247186
windows-whp-virtual-machine,2,1,717345a61ce212b103603864d37b0d3e26acb61c,virtio_fs_random_write_iops,ops/s,higher,11560.7452251
windows-whp-virtual-machine,2,1,717345a61ce212b103603864d37b0d3e26acb61c,virtio_net_udp_roundtrip_ops,ops/s,higher,4602.02021675
windows-whp-virtual-machine,2,1,09eaec2e21f710b91b5c18305470783019e4f1af,cold_start_base,ms,lower,512.6
windows-whp-virtual-machine,2,1,09eaec2e21f710b91b5c18305470783019e4f1af,cold_start_clocksource,ms,lower,516.8
windows-whp-virtual-machine,2,1,09eaec2e21f710b91b5c18305470783019e4f1af,cold_start_cryptomgr_notests,ms,lower,516.2
windows-whp-virtual-machine,2,1,09eaec2e21f710b91b5c18305470783019e4f1af,cold_start_mitigations_off,ms,lower,481
windows-whp-virtual-machine,2,1,09eaec2e21f710b91b5c18305470783019e4f1af,cold_start_no_timer_check,ms,lower,464.7
windows-whp-virtual-machine,2,1,09eaec2e21f710b91b5c18305470783019e4f1af,cold_start_nokaslr,ms,lower,524.3
windows-whp-virtual-machine,2,1,09eaec2e21f710b91b5c18305470783019e4f1af,cold_start_random_trust_cpu,ms,lower,512.7
windows-whp-virtual-machine,2,1,09eaec2e21f710b91b5c18305470783019e4f1af,cold_start_rcu_expedited,ms,lower,527.6
windows-whp-virtual-machine,2,1,09eaec2e21f710b91b5c18305470783019e4f1af,cold_start_tsc_reliable,ms,lower,524.5
windows-whp-virtual-machine,2,1,09eaec2e21f710b91b5c18305470783019e4f1af,network_snapshot_cold,ms,lower,532.2
windows-whp-virtual-machine,2,1,09eaec2e21f710b91b5c18305470783019e4f1af,network_snapshot_restore,ms,lower,145.5
windows-whp-virtual-machine,2,1,09eaec2e21f710b91b5c18305470783019e4f1af,network_snapshot_restore_wall,ms,lower,206.5
windows-whp-virtual-machine,2,1,09eaec2e21f710b91b5c18305470783019e4f1af,openvmm_cold_start,ms,lower,441.50905
windows-whp-virtual-machine,2,1,09eaec2e21f710b91b5c18305470783019e4f1af,openvmm_cold_start_guest_exit_teardown,ms,lower,43.658
windows-whp-virtual-machine,2,1,09eaec2e21f710b91b5c18305470783019e4f1af,openvmm_cold_start_peak_rss,MiB,lower,73.9453125
windows-whp-virtual-machine,2,1,09eaec2e21f710b91b5c18305470783019e4f1af,openvmm_snapshot_generation,ms,lower,759.56795
windows-whp-virtual-machine,2,1,09eaec2e21f710b91b5c18305470783019e4f1af,openvmm_snapshot_generation_peak_rss,MiB,lower,76.69140625
windows-whp-virtual-machine,2,1,09eaec2e21f710b91b5c18305470783019e4f1af,openvmm_snapshot_restore,ms,lower,120.14525
windows-whp-virtual-machine,2,1,09eaec2e21f710b91b5c18305470783019e4f1af,openvmm_snapshot_restore_guest_exit_teardown,ms,lower,22.325
windows-whp-virtual-machine,2,1,09eaec2e21f710b91b5c18305470783019e4f1af,openvmm_snapshot_restore_peak_rss,MiB,lower,18.314453125
windows-whp-virtual-machine,2,1,09eaec2e21f710b91b5c18305470783019e4f1af,shell_snapshot_cold_128_mib,ms,lower,532.4
windows-whp-virtual-machine,2,1,09eaec2e21f710b91b5c18305470783019e4f1af,shell_snapshot_cold_256_mib,ms,lower,526.6
windows-whp-virtual-machine,2,1,09eaec2e21f710b91b5c18305470783019e4f1af,shell_snapshot_cold_512_mib,ms,lower,528.3
windows-whp-virtual-machine,2,1,09eaec2e21f710b91b5c18305470783019e4f1af,shell_snapshot_cold_64_mib,ms,lower,513.4
windows-whp-virtual-machine,2,1,09eaec2e21f710b91b5c18305470783019e4f1af,shell_snapshot_restore_128_mib,ms,lower,128.7
windows-whp-virtual-machine,2,1,09eaec2e21f710b91b5c18305470783019e4f1af,shell_snapshot_restore_256_mib,ms,lower,127.6
windows-whp-virtual-machine,2,1,09eaec2e21f710b91b5c18305470783019e4f1af,shell_snapshot_restore_512_mib,ms,lower,121.1
windows-whp-virtual-machine,2,1,09eaec2e21f710b91b5c18305470783019e4f1af,shell_snapshot_restore_64_mib,ms,lower,125.8
windows-whp-virtual-machine,2,1,09eaec2e21f710b91b5c18305470783019e4f1af,virtfs_live_read,MB/s,higher,1006.6
windows-whp-virtual-machine,2,1,09eaec2e21f710b91b5c18305470783019e4f1af,virtfs_live_roundtrip,ms,lower,748.9
windows-whp-virtual-machine,2,1,09eaec2e21f710b91b5c18305470783019e4f1af,virtfs_live_write,MB/s,higher,176.8
windows-whp-virtual-machine,2,1,09eaec2e21f710b91b5c18305470783019e4f1af,virtio_blk_random_read_iops,ops/s,higher,7778.75171186
windows-whp-virtual-machine,2,1,09eaec2e21f710b91b5c18305470783019e4f1af,virtio_blk_random_write_iops,ops/s,higher,7617.16519179
windows-whp-virtual-machine,2,1,09eaec2e21f710b91b5c18305470783019e4f1af,virtio_fs_random_read_iops,ops/s,higher,11870.6533628
windows-whp-virtual-machine,2,1,09eaec2e21f710b91b5c18305470783019e4f1af,virtio_fs_random_write_iops,ops/s,higher,11480.6352838
windows-whp-virtual-machine,2,1,09eaec2e21f710b91b5c18305470783019e4f1af,virtio_net_udp_roundtrip_ops,ops/s,higher,4819.62177228
windows-whp-virtual-machine,2,1,73072b528706739af535e2025fbacdb39e297563,cold_start_base,ms,lower,530.7
windows-whp-virtual-machine,2,1,73072b528706739af535e2025fbacdb39e297563,cold_start_clocksource,ms,lower,526
windows-whp-virtual-machine,2,1,73072b528706739af535e2025fbacdb39e297563,cold_start_cryptomgr_notests,ms,lower,527.7
windows-whp-virtual-machine,2,1,73072b528706739af535e2025fbacdb39e297563,cold_start_mitigations_off,ms,lower,493
windows-whp-virtual-machine,2,1,73072b528706739af535e2025fbacdb39e297563,cold_start_no_timer_check,ms,lower,469.6
windows-whp-virtual-machine,2,1,73072b528706739af535e2025fbacdb39e297563,cold_start_nokaslr,ms,lower,524.8
windows-whp-virtual-machine,2,1,73072b528706739af535e2025fbacdb39e297563,cold_start_random_trust_cpu,ms,lower,527.5
windows-whp-virtual-machine,2,1,73072b528706739af535e2025fbacdb39e297563,cold_start_rcu_expedited,ms,lower,517.3
windows-whp-virtual-machine,2,1,73072b528706739af535e2025fbacdb39e297563,cold_start_tsc_reliable,ms,lower,514.1
windows-whp-virtual-machine,2,1,73072b528706739af535e2025fbacdb39e297563,network_snapshot_cold,ms,lower,538.3
windows-whp-virtual-machine,2,1,73072b528706739af535e2025fbacdb39e297563,network_snapshot_restore,ms,lower,144.2
windows-whp-virtual-machine,2,1,73072b528706739af535e2025fbacdb39e297563,network_snapshot_restore_wall,ms,lower,204.6
windows-whp-virtual-machine,2,1,73072b528706739af535e2025fbacdb39e297563,openvmm_cold_start,ms,lower,445.5854
windows-whp-virtual-machine,2,1,73072b528706739af535e2025fbacdb39e297563,openvmm_cold_start_guest_exit_teardown,ms,lower,44.64735
windows-whp-virtual-machine,2,1,73072b528706739af535e2025fbacdb39e297563,openvmm_cold_start_peak_rss,MiB,lower,73.953125
windows-whp-virtual-machine,2,1,73072b528706739af535e2025fbacdb39e297563,openvmm_snapshot_generation,ms,lower,1031.2265
windows-whp-virtual-machine,2,1,73072b528706739af535e2025fbacdb39e297563,openvmm_snapshot_generation_peak_rss,MiB,lower,76.7421875
windows-whp-virtual-machine,2,1,73072b528706739af535e2025fbacdb39e297563,openvmm_snapshot_restore,ms,lower,115.8038
windows-whp-virtual-machine,2,1,73072b528706739af535e2025fbacdb39e297563,openvmm_snapshot_restore_guest_exit_teardown,ms,lower,21.99845
windows-whp-virtual-machine,2,1,73072b528706739af535e2025fbacdb39e297563,openvmm_snapshot_restore_peak_rss,MiB,lower,18.349609375
windows-whp-virtual-machine,2,1,73072b528706739af535e2025fbacdb39e297563,shell_snapshot_cold_128_mib,ms,lower,520.6
windows-whp-virtual-machine,2,1,73072b528706739af535e2025fbacdb39e297563,shell_snapshot_cold_256_mib,ms,lower,522
windows-whp-virtual-machine,2,1,73072b528706739af535e2025fbacdb39e297563,shell_snapshot_cold_512_mib,ms,lower,539.2
windows-whp-virtual-machine,2,1,73072b528706739af535e2025fbacdb39e297563,shell_snapshot_cold_64_mib,ms,lower,513.3
windows-whp-virtual-machine,2,1,73072b528706739af535e2025fbacdb39e297563,shell_snapshot_restore_128_mib,ms,lower,124.8
windows-whp-virtual-machine,2,1,73072b528706739af535e2025fbacdb39e297563,shell_snapshot_restore_256_mib,ms,lower,117.9
windows-whp-virtual-machine,2,1,73072b528706739af535e2025fbacdb39e297563,shell_snapshot_restore_512_mib,ms,lower,127.8
windows-whp-virtual-machine,2,1,73072b528706739af535e2025fbacdb39e297563,shell_snapshot_restore_64_mib,ms,lower,117.6
windows-whp-virtual-machine,2,1,73072b528706739af535e2025fbacdb39e297563,virtfs_live_read,MB/s,higher,1600
windows-whp-virtual-machine,2,1,73072b528706739af535e2025fbacdb39e297563,virtfs_live_roundtrip,ms,lower,734
windows-whp-virtual-machine,2,1,73072b528706739af535e2025fbacdb39e297563,virtfs_live_write,MB/s,higher,179.8
windows-whp-virtual-machine,2,1,73072b528706739af535e2025fbacdb39e297563,virtio_blk_random_read_iops,ops/s,higher,7676.71685068
windows-whp-virtual-machine,2,1,73072b528706739af535e2025fbacdb39e297563,virtio_blk_random_write_iops,ops/s,higher,7400.84325978
windows-whp-virtual-machine,2,1,73072b528706739af535e2025fbacdb39e297563,virtio_fs_random_read_iops,ops/s,higher,12009.2826624
windows-whp-virtual-machine,2,1,73072b528706739af535e2025fbacdb39e297563,virtio_fs_random_write_iops,ops/s,higher,11465.9852274
windows-whp-virtual-machine,2,1,73072b528706739af535e2025fbacdb39e297563,virtio_net_udp_roundtrip_ops,ops/s,higher,4693.56193683
windows-whp-virtual-machine,2,1,d82403bfc83c242c461a8ac692796e53f76aa15b,cold_start_base,ms,lower,541.2
windows-whp-virtual-machine,2,1,d82403bfc83c242c461a8ac692796e53f76aa15b,cold_start_clocksource,ms,lower,533.3
windows-whp-virtual-machine,2,1,d82403bfc83c242c461a8ac692796e53f76aa15b,cold_start_cryptomgr_notests,ms,lower,535.6
windows-whp-virtual-machine,2,1,d82403bfc83c242c461a8ac692796e53f76aa15b,cold_start_mitigations_off,ms,lower,493.9
windows-whp-virtual-machine,2,1,d82403bfc83c242c461a8ac692796e53f76aa15b,cold_start_no_timer_check,ms,lower,483
windows-whp-virtual-machine,2,1,d82403bfc83c242c461a8ac692796e53f76aa15b,cold_start_nokaslr,ms,lower,538.8
windows-whp-virtual-machine,2,1,d82403bfc83c242c461a8ac692796e53f76aa15b,cold_start_random_trust_cpu,ms,lower,534.4
windows-whp-virtual-machine,2,1,d82403bfc83c242c461a8ac692796e53f76aa15b,cold_start_rcu_expedited,ms,lower,529.8
windows-whp-virtual-machine,2,1,d82403bfc83c242c461a8ac692796e53f76aa15b,cold_start_tsc_reliable,ms,lower,537
windows-whp-virtual-machine,2,1,d82403bfc83c242c461a8ac692796e53f76aa15b,network_snapshot_cold,ms,lower,543.9
windows-whp-virtual-machine,2,1,d82403bfc83c242c461a8ac692796e53f76aa15b,network_snapshot_restore,ms,lower,163.9
windows-whp-virtual-machine,2,1,d82403bfc83c242c461a8ac692796e53f76aa15b,network_snapshot_restore_wall,ms,lower,231.5
windows-whp-virtual-machine,2,1,d82403bfc83c242c461a8ac692796e53f76aa15b,openvmm_cold_start,ms,lower,454.98185
windows-whp-virtual-machine,2,1,d82403bfc83c242c461a8ac692796e53f76aa15b,openvmm_cold_start_guest_exit_teardown,ms,lower,44.4542
windows-whp-virtual-machine,2,1,d82403bfc83c242c461a8ac692796e53f76aa15b,openvmm_cold_start_peak_rss,MiB,lower,73.9765625
windows-whp-virtual-machine,2,1,d82403bfc83c242c461a8ac692796e53f76aa15b,openvmm_snapshot_generation,ms,lower,1024.74415
windows-whp-virtual-machine,2,1,d82403bfc83c242c461a8ac692796e53f76aa15b,openvmm_snapshot_generation_peak_rss,MiB,lower,76.74609375
windows-whp-virtual-machine,2,1,d82403bfc83c242c461a8ac692796e53f76aa15b,openvmm_snapshot_restore,ms,lower,121.9656
windows-whp-virtual-machine,2,1,d82403bfc83c242c461a8ac692796e53f76aa15b,openvmm_snapshot_restore_guest_exit_teardown,ms,lower,22.9339
windows-whp-virtual-machine,2,1,d82403bfc83c242c461a8ac692796e53f76aa15b,openvmm_snapshot_restore_peak_rss,MiB,lower,18.2890625
windows-whp-virtual-machine,2,1,d82403bfc83c242c461a8ac692796e53f76aa15b,shell_snapshot_cold_128_mib,ms,lower,533.3
windows-whp-virtual-machine,2,1,d82403bfc83c242c461a8ac692796e53f76aa15b,shell_snapshot_cold_256_mib,ms,lower,543.5
windows-whp-virtual-machine,2,1,d82403bfc83c242c461a8ac692796e53f76aa15b,shell_snapshot_cold_512_mib,ms,lower,549.9
windows-whp-virtual-machine,2,1,d82403bfc83c242c461a8ac692796e53f76aa15b,shell_snapshot_cold_64_mib,ms,lower,520.6
windows-whp-virtual-machine,2,1,d82403bfc83c242c461a8ac692796e53f76aa15b,shell_snapshot_restore_128_mib,ms,lower,123.1
windows-whp-virtual-machine,2,1,d82403bfc83c242c461a8ac692796e53f76aa15b,shell_snapshot_restore_256_mib,ms,lower,126.8
windows-whp-virtual-machine,2,1,d82403bfc83c242c461a8ac692796e53f76aa15b,shell_snapshot_restore_512_mib,ms,lower,124.5
windows-whp-virtual-machine,2,1,d82403bfc83c242c461a8ac692796e53f76aa15b,shell_snapshot_restore_64_mib,ms,lower,123.8
windows-whp-virtual-machine,2,1,d82403bfc83c242c461a8ac692796e53f76aa15b,virtfs_live_read,MB/s,higher,1100
windows-whp-virtual-machine,2,1,d82403bfc83c242c461a8ac692796e53f76aa15b,virtfs_live_roundtrip,ms,lower,732.4
windows-whp-virtual-machine,2,1,d82403bfc83c242c461a8ac692796e53f76aa15b,virtfs_live_write,MB/s,higher,179.4
windows-whp-virtual-machine,2,1,d82403bfc83c242c461a8ac692796e53f76aa15b,virtio_blk_random_read_iops,ops/s,higher,7254.78353846
windows-whp-virtual-machine,2,1,d82403bfc83c242c461a8ac692796e53f76aa15b,virtio_blk_random_write_iops,ops/s,higher,7060.30644415
windows-whp-virtual-machine,2,1,d82403bfc83c242c461a8ac692796e53f76aa15b,virtio_fs_random_read_iops,ops/s,higher,12092.4185413
windows-whp-virtual-machine,2,1,d82403bfc83c242c461a8ac692796e53f76aa15b,virtio_fs_random_write_iops,ops/s,higher,11726.7424745
windows-whp-virtual-machine,2,1,d82403bfc83c242c461a8ac692796e53f76aa15b,virtio_net_udp_roundtrip_ops,ops/s,higher,4545.20943725
windows-whp-virtual-machine,2,1,3b2234f896a10faf9448b5d8c7265573a6683f6f,cold_start_base,ms,lower,525.2
windows-whp-virtual-machine,2,1,3b2234f896a10faf9448b5d8c7265573a6683f6f,cold_start_clocksource,ms,lower,512.9
windows-whp-virtual-machine,2,1,3b2234f896a10faf9448b5d8c7265573a6683f6f,cold_start_cryptomgr_notests,ms,lower,528.6
windows-whp-virtual-machine,2,1,3b2234f896a10faf9448b5d8c7265573a6683f6f,cold_start_mitigations_off,ms,lower,495.1
windows-whp-virtual-machine,2,1,3b2234f896a10faf9448b5d8c7265573a6683f6f,cold_start_no_timer_check,ms,lower,472
windows-whp-virtual-machine,2,1,3b2234f896a10faf9448b5d8c7265573a6683f6f,cold_start_nokaslr,ms,lower,530.5
windows-whp-virtual-machine,2,1,3b2234f896a10faf9448b5d8c7265573a6683f6f,cold_start_random_trust_cpu,ms,lower,533.7
windows-whp-virtual-machine,2,1,3b2234f896a10faf9448b5d8c7265573a6683f6f,cold_start_rcu_expedited,ms,lower,527.9
windows-whp-virtual-machine,2,1,3b2234f896a10faf9448b5d8c7265573a6683f6f,cold_start_tsc_reliable,ms,lower,527.1
windows-whp-virtual-machine,2,1,3b2234f896a10faf9448b5d8c7265573a6683f6f,network_snapshot_cold,ms,lower,533.4
windows-whp-virtual-machine,2,1,3b2234f896a10faf9448b5d8c7265573a6683f6f,network_snapshot_restore,ms,lower,152.1
windows-whp-virtual-machine,2,1,3b2234f896a10faf9448b5d8c7265573a6683f6f,network_snapshot_restore_wall,ms,lower,216.8
windows-whp-virtual-machine,2,1,3b2234f896a10faf9448b5d8c7265573a6683f6f,openvmm_cold_start,ms,lower,439.76165
windows-whp-virtual-machine,2,1,3b2234f896a10faf9448b5d8c7265573a6683f6f,openvmm_cold_start_guest_exit_teardown,ms,lower,43.0492
windows-whp-virtual-machine,2,1,3b2234f896a10faf9448b5d8c7265573a6683f6f,openvmm_cold_start_peak_rss,MiB,lower,73.951171875
windows-whp-virtual-machine,2,1,3b2234f896a10faf9448b5d8c7265573a6683f6f,openvmm_snapshot_generation,ms,lower,1035.8001
windows-whp-virtual-machine,2,1,3b2234f896a10faf9448b5d8c7265573a6683f6f,openvmm_snapshot_generation_peak_rss,MiB,lower,76.73828125
windows-whp-virtual-machine,2,1,3b2234f896a10faf9448b5d8c7265573a6683f6f,openvmm_snapshot_restore,ms,lower,119.0376
windows-whp-virtual-machine,2,1,3b2234f896a10faf9448b5d8c7265573a6683f6f,openvmm_snapshot_restore_guest_exit_teardown,ms,lower,22.1978
windows-whp-virtual-machine,2,1,3b2234f896a10faf9448b5d8c7265573a6683f6f,openvmm_snapshot_restore_peak_rss,MiB,lower,18.32421875
windows-whp-virtual-machine,2,1,3b2234f896a10faf9448b5d8c7265573a6683f6f,shell_snapshot_cold_128_mib,ms,lower,530.9
windows-whp-virtual-machine,2,1,3b2234f896a10faf9448b5d8c7265573a6683f6f,shell_snapshot_cold_256_mib,ms,lower,533
windows-whp-virtual-machine,2,1,3b2234f896a10faf9448b5d8c7265573a6683f6f,shell_snapshot_cold_512_mib,ms,lower,538.6
windows-whp-virtual-machine,2,1,3b2234f896a10faf9448b5d8c7265573a6683f6f,shell_snapshot_cold_64_mib,ms,lower,524.9
windows-whp-virtual-machine,2,1,3b2234f896a10faf9448b5d8c7265573a6683f6f,shell_snapshot_restore_128_mib,ms,lower,116.5
windows-whp-virtual-machine,2,1,3b2234f896a10faf9448b5d8c7265573a6683f6f,shell_snapshot_restore_256_mib,ms,lower,120.9
windows-whp-virtual-machine,2,1,3b2234f896a10faf9448b5d8c7265573a6683f6f,shell_snapshot_restore_512_mib,ms,lower,120.8
windows-whp-virtual-machine,2,1,3b2234f896a10faf9448b5d8c7265573a6683f6f,shell_snapshot_restore_64_mib,ms,lower,121.4
windows-whp-virtual-machine,2,1,3b2234f896a10faf9448b5d8c7265573a6683f6f,virtfs_live_read,MB/s,higher,1259.2
windows-whp-virtual-machine,2,1,3b2234f896a10faf9448b5d8c7265573a6683f6f,virtfs_live_roundtrip,ms,lower,753.1
windows-whp-virtual-machine,2,1,3b2234f896a10faf9448b5d8c7265573a6683f6f,virtfs_live_write,MB/s,higher,174.4
windows-whp-virtual-machine,2,1,3b2234f896a10faf9448b5d8c7265573a6683f6f,virtio_blk_random_read_iops,ops/s,higher,7433.39945074
windows-whp-virtual-machine,2,1,3b2234f896a10faf9448b5d8c7265573a6683f6f,virtio_blk_random_write_iops,ops/s,higher,7474.63902695
windows-whp-virtual-machine,2,1,3b2234f896a10faf9448b5d8c7265573a6683f6f,virtio_fs_random_read_iops,ops/s,higher,12918.2301727
windows-whp-virtual-machine,2,1,3b2234f896a10faf9448b5d8c7265573a6683f6f,virtio_fs_random_write_iops,ops/s,higher,12654.5487188
windows-whp-virtual-machine,2,1,3b2234f896a10faf9448b5d8c7265573a6683f6f,virtio_net_udp_roundtrip_ops,ops/s,higher,4953.24207453
windows-whp-virtual-machine,2,1,1af67a449d612d17bbfeb98e37374adb1fd997b2,cold_start_base,ms,lower,515.6
windows-whp-virtual-machine,2,1,1af67a449d612d17bbfeb98e37374adb1fd997b2,cold_start_clocksource,ms,lower,512.9
windows-whp-virtual-machine,2,1,1af67a449d612d17bbfeb98e37374adb1fd997b2,cold_start_cryptomgr_notests,ms,lower,516.3
windows-whp-virtual-machine,2,1,1af67a449d612d17bbfeb98e37374adb1fd997b2,cold_start_mitigations_off,ms,lower,486.6
windows-whp-virtual-machine,2,1,1af67a449d612d17bbfeb98e37374adb1fd997b2,cold_start_no_timer_check,ms,lower,463.9
windows-whp-virtual-machine,2,1,1af67a449d612d17bbfeb98e37374adb1fd997b2,cold_start_nokaslr,ms,lower,514.8
windows-whp-virtual-machine,2,1,1af67a449d612d17bbfeb98e37374adb1fd997b2,cold_start_random_trust_cpu,ms,lower,517.6
windows-whp-virtual-machine,2,1,1af67a449d612d17bbfeb98e37374adb1fd997b2,cold_start_rcu_expedited,ms,lower,521
windows-whp-virtual-machine,2,1,1af67a449d612d17bbfeb98e37374adb1fd997b2,cold_start_tsc_reliable,ms,lower,520.6
windows-whp-virtual-machine,2,1,1af67a449d612d17bbfeb98e37374adb1fd997b2,network_snapshot_cold,ms,lower,539.6
windows-whp-virtual-machine,2,1,1af67a449d612d17bbfeb98e37374adb1fd997b2,network_snapshot_restore,ms,lower,138.1
windows-whp-virtual-machine,2,1,1af67a449d612d17bbfeb98e37374adb1fd997b2,network_snapshot_restore_wall,ms,lower,197.5
windows-whp-virtual-machine,2,1,1af67a449d612d17bbfeb98e37374adb1fd997b2,openvmm_cold_start,ms,lower,443.4399
windows-whp-virtual-machine,2,1,1af67a449d612d17bbfeb98e37374adb1fd997b2,openvmm_cold_start_guest_exit_teardown,ms,lower,42.70335
windows-whp-virtual-machine,2,1,1af67a449d612d17bbfeb98e37374adb1fd997b2,openvmm_cold_start_peak_rss,MiB,lower,73.9375
windows-whp-virtual-machine,2,1,1af67a449d612d17bbfeb98e37374adb1fd997b2,openvmm_snapshot_generation,ms,lower,1031.85645
windows-whp-virtual-machine,2,1,1af67a449d612d17bbfeb98e37374adb1fd997b2,openvmm_snapshot_generation_peak_rss,MiB,lower,76.74609375
windows-whp-virtual-machine,2,1,1af67a449d612d17bbfeb98e37374adb1fd997b2,openvmm_snapshot_restore,ms,lower,116.0027
windows-whp-virtual-machine,2,1,1af67a449d612d17bbfeb98e37374adb1fd997b2,openvmm_snapshot_restore_guest_exit_teardown,ms,lower,21.4816
windows-whp-virtual-machine,2,1,1af67a449d612d17bbfeb98e37374adb1fd997b2,openvmm_snapshot_restore_peak_rss,MiB,lower,18.29296875
windows-whp-virtual-machine,2,1,1af67a449d612d17bbfeb98e37374adb1fd997b2,shell_snapshot_cold_128_mib,ms,lower,517.6
windows-whp-virtual-machine,2,1,1af67a449d612d17bbfeb98e37374adb1fd997b2,shell_snapshot_cold_256_mib,ms,lower,522.7
windows-whp-virtual-machine,2,1,1af67a449d612d17bbfeb98e37374adb1fd997b2,shell_snapshot_cold_512_mib,ms,lower,520.4
windows-whp-virtual-machine,2,1,1af67a449d612d17bbfeb98e37374adb1fd997b2,shell_snapshot_cold_64_mib,ms,lower,502.7
windows-whp-virtual-machine,2,1,1af67a449d612d17bbfeb98e37374adb1fd997b2,shell_snapshot_restore_128_mib,ms,lower,125.5
windows-whp-virtual-machine,2,1,1af67a449d612d17bbfeb98e37374adb1fd997b2,shell_snapshot_restore_256_mib,ms,lower,123.3
windows-whp-virtual-machine,2,1,1af67a449d612d17bbfeb98e37374adb1fd997b2,shell_snapshot_restore_512_mib,ms,lower,118.8
windows-whp-virtual-machine,2,1,1af67a449d612d17bbfeb98e37374adb1fd997b2,shell_snapshot_restore_64_mib,ms,lower,126.3
windows-whp-virtual-machine,2,1,1af67a449d612d17bbfeb98e37374adb1fd997b2,virtfs_live_read,MB/s,higher,1000
windows-whp-virtual-machine,2,1,1af67a449d612d17bbfeb98e37374adb1fd997b2,virtfs_live_roundtrip,ms,lower,746
windows-whp-virtual-machine,2,1,1af67a449d612d17bbfeb98e37374adb1fd997b2,virtfs_live_write,MB/s,higher,175.1
windows-whp-virtual-machine,2,1,1af67a449d612d17bbfeb98e37374adb1fd997b2,virtio_blk_random_read_iops,ops/s,higher,7761.53826221
windows-whp-virtual-machine,2,1,1af67a449d612d17bbfeb98e37374adb1fd997b2,virtio_blk_random_write_iops,ops/s,higher,7595.82511504
windows-whp-virtual-machine,2,1,1af67a449d612d17bbfeb98e37374adb1fd997b2,virtio_fs_random_read_iops,ops/s,higher,12130.4235963
windows-whp-virtual-machine,2,1,1af67a449d612d17bbfeb98e37374adb1fd997b2,virtio_fs_random_write_iops,ops/s,higher,11744.0497557
windows-whp-virtual-machine,2,1,1af67a449d612d17bbfeb98e37374adb1fd997b2,virtio_net_udp_roundtrip_ops,ops/s,higher,4837.24507704
windows-whp-virtual-machine,2,1,b7ab25b84ba95e5d8731ef0c9a91f3a440f014e7,cold_start_base,ms,lower,595.5
windows-whp-virtual-machine,2,1,b7ab25b84ba95e5d8731ef0c9a91f3a440f014e7,cold_start_clocksource,ms,lower,587.8
windows-whp-virtual-machine,2,1,b7ab25b84ba95e5d8731ef0c9a91f3a440f014e7,cold_start_cryptomgr_notests,ms,lower,589.4
windows-whp-virtual-machine,2,1,b7ab25b84ba95e5d8731ef0c9a91f3a440f014e7,cold_start_mitigations_off,ms,lower,562.9
windows-whp-virtual-machine,2,1,b7ab25b84ba95e5d8731ef0c9a91f3a440f014e7,cold_start_no_timer_check,ms,lower,543.5
windows-whp-virtual-machine,2,1,b7ab25b84ba95e5d8731ef0c9a91f3a440f014e7,cold_start_nokaslr,ms,lower,591
windows-whp-virtual-machine,2,1,b7ab25b84ba95e5d8731ef0c9a91f3a440f014e7,cold_start_random_trust_cpu,ms,lower,584.9
windows-whp-virtual-machine,2,1,b7ab25b84ba95e5d8731ef0c9a91f3a440f014e7,cold_start_rcu_expedited,ms,lower,592.4
windows-whp-virtual-machine,2,1,b7ab25b84ba95e5d8731ef0c9a91f3a440f014e7,cold_start_tsc_reliable,ms,lower,593
windows-whp-virtual-machine,2,1,b7ab25b84ba95e5d8731ef0c9a91f3a440f014e7,network_snapshot_cold,ms,lower,595.5
windows-whp-virtual-machine,2,1,b7ab25b84ba95e5d8731ef0c9a91f3a440f014e7,network_snapshot_restore,ms,lower,179.5
windows-whp-virtual-machine,2,1,b7ab25b84ba95e5d8731ef0c9a91f3a440f014e7,network_snapshot_restore_wall,ms,lower,257.1
windows-whp-virtual-machine,2,1,b7ab25b84ba95e5d8731ef0c9a91f3a440f014e7,openvmm_cold_start,ms,lower,503.2527
windows-whp-virtual-machine,2,1,b7ab25b84ba95e5d8731ef0c9a91f3a440f014e7,openvmm_cold_start_guest_exit_teardown,ms,lower,51.2625
windows-whp-virtual-machine,2,1,b7ab25b84ba95e5d8731ef0c9a91f3a440f014e7,openvmm_cold_start_peak_rss,MiB,lower,73.96484375
windows-whp-virtual-machine,2,1,b7ab25b84ba95e5d8731ef0c9a91f3a440f014e7,openvmm_snapshot_generation,ms,lower,1043.51145
windows-whp-virtual-machine,2,1,b7ab25b84ba95e5d8731ef0c9a91f3a440f014e7,openvmm_snapshot_generation_peak_rss,MiB,lower,76.748046875
windows-whp-virtual-machine,2,1,b7ab25b84ba95e5d8731ef0c9a91f3a440f014e7,openvmm_snapshot_restore,ms,lower,138.63
windows-whp-virtual-machine,2,1,b7ab25b84ba95e5d8731ef0c9a91f3a440f014e7,openvmm_snapshot_restore_guest_exit_teardown,ms,lower,23.67325
windows-whp-virtual-machine,2,1,b7ab25b84ba95e5d8731ef0c9a91f3a440f014e7,openvmm_snapshot_restore_peak_rss,MiB,lower,18.330078125
windows-whp-virtual-machine,2,1,b7ab25b84ba95e5d8731ef0c9a91f3a440f014e7,shell_snapshot_cold_128_mib,ms,lower,597.2
windows-whp-virtual-machine,2,1,b7ab25b84ba95e5d8731ef0c9a91f3a440f014e7,shell_snapshot_cold_256_mib,ms,lower,590.1
windows-whp-virtual-machine,2,1,b7ab25b84ba95e5d8731ef0c9a91f3a440f014e7,shell_snapshot_cold_512_mib,ms,lower,610.5
windows-whp-virtual-machine,2,1,b7ab25b84ba95e5d8731ef0c9a91f3a440f014e7,shell_snapshot_cold_64_mib,ms,lower,576.3
windows-whp-virtual-machine,2,1,b7ab25b84ba95e5d8731ef0c9a91f3a440f014e7,shell_snapshot_restore_128_mib,ms,lower,138
windows-whp-virtual-machine,2,1,b7ab25b84ba95e5d8731ef0c9a91f3a440f014e7,shell_snapshot_restore_256_mib,ms,lower,143.2
windows-whp-virtual-machine,2,1,b7ab25b84ba95e5d8731ef0c9a91f3a440f014e7,shell_snapshot_restore_512_mib,ms,lower,127.3
windows-whp-virtual-machine,2,1,b7ab25b84ba95e5d8731ef0c9a91f3a440f014e7,shell_snapshot_restore_64_mib,ms,lower,138.3
windows-whp-virtual-machine,2,1,b7ab25b84ba95e5d8731ef0c9a91f3a440f014e7,virtfs_live_read,MB/s,higher,987.4
windows-whp-virtual-machine,2,1,b7ab25b84ba95e5d8731ef0c9a91f3a440f014e7,virtfs_live_roundtrip,ms,lower,833.4
windows-whp-virtual-machine,2,1,b7ab25b84ba95e5d8731ef0c9a91f3a440f014e7,virtfs_live_write,MB/s,higher,179.2
windows-whp-virtual-machine,2,1,b7ab25b84ba95e5d8731ef0c9a91f3a440f014e7,virtio_blk_random_read_iops,ops/s,higher,6524.58586455
windows-whp-virtual-machine,2,1,b7ab25b84ba95e5d8731ef0c9a91f3a440f014e7,virtio_blk_random_write_iops,ops/s,higher,6382.32973725
windows-whp-virtual-machine,2,1,b7ab25b84ba95e5d8731ef0c9a91f3a440f014e7,virtio_fs_random_read_iops,ops/s,higher,10074.7203458
windows-whp-virtual-machine,2,1,b7ab25b84ba95e5d8731ef0c9a91f3a440f014e7,virtio_fs_random_write_iops,ops/s,higher,9964.22572124
windows-whp-virtual-machine,2,1,b7ab25b84ba95e5d8731ef0c9a91f3a440f014e7,virtio_net_udp_roundtrip_ops,ops/s,higher,4076.85190045
windows-whp-virtual-machine,2,1,ac9bb60a668aea99210dbf5f38fc5a19ec19a0c2,cold_start_base,ms,lower,588.2
windows-whp-virtual-machine,2,1,ac9bb60a668aea99210dbf5f38fc5a19ec19a0c2,cold_start_clocksource,ms,lower,592.1
windows-whp-virtual-machine,2,1,ac9bb60a668aea99210dbf5f38fc5a19ec19a0c2,cold_start_cryptomgr_notests,ms,lower,595.4
windows-whp-virtual-machine,2,1,ac9bb60a668aea99210dbf5f38fc5a19ec19a0c2,cold_start_mitigations_off,ms,lower,551.4
windows-whp-virtual-machine,2,1,ac9bb60a668aea99210dbf5f38fc5a19ec19a0c2,cold_start_no_timer_check,ms,lower,539.8
windows-whp-virtual-machine,2,1,ac9bb60a668aea99210dbf5f38fc5a19ec19a0c2,cold_start_nokaslr,ms,lower,603.4
windows-whp-virtual-machine,2,1,ac9bb60a668aea99210dbf5f38fc5a19ec19a0c2,cold_start_random_trust_cpu,ms,lower,597.1
windows-whp-virtual-machine,2,1,ac9bb60a668aea99210dbf5f38fc5a19ec19a0c2,cold_start_rcu_expedited,ms,lower,589.9
windows-whp-virtual-machine,2,1,ac9bb60a668aea99210dbf5f38fc5a19ec19a0c2,cold_start_tsc_reliable,ms,lower,586
windows-whp-virtual-machine,2,1,ac9bb60a668aea99210dbf5f38fc5a19ec19a0c2,network_snapshot_cold,ms,lower,604
windows-whp-virtual-machine,2,1,ac9bb60a668aea99210dbf5f38fc5a19ec19a0c2,network_snapshot_restore,ms,lower,176.4
windows-whp-virtual-machine,2,1,ac9bb60a668aea99210dbf5f38fc5a19ec19a0c2,network_snapshot_restore_wall,ms,lower,250.4
windows-whp-virtual-machine,2,1,ac9bb60a668aea99210dbf5f38fc5a19ec19a0c2,openvmm_cold_start,ms,lower,505.2261
windows-whp-virtual-machine,2,1,ac9bb60a668aea99210dbf5f38fc5a19ec19a0c2,openvmm_cold_start_guest_exit_teardown,ms,lower,50.47815
windows-whp-virtual-machine,2,1,ac9bb60a668aea99210dbf5f38fc5a19ec19a0c2,openvmm_cold_start_peak_rss,MiB,lower,73.953125
windows-whp-virtual-machine,2,1,ac9bb60a668aea99210dbf5f38fc5a19ec19a0c2,openvmm_snapshot_generation,ms,lower,1033.43025
windows-whp-virtual-machine,2,1,ac9bb60a668aea99210dbf5f38fc5a19ec19a0c2,openvmm_snapshot_generation_peak_rss,MiB,lower,76.73046875
windows-whp-virtual-machine,2,1,ac9bb60a668aea99210dbf5f38fc5a19ec19a0c2,openvmm_snapshot_restore,ms,lower,139.0948
windows-whp-virtual-machine,2,1,ac9bb60a668aea99210dbf5f38fc5a19ec19a0c2,openvmm_snapshot_restore_guest_exit_teardown,ms,lower,24.62745
windows-whp-virtual-machine,2,1,ac9bb60a668aea99210dbf5f38fc5a19ec19a0c2,openvmm_snapshot_restore_peak_rss,MiB,lower,18.30078125
windows-whp-virtual-machine,2,1,ac9bb60a668aea99210dbf5f38fc5a19ec19a0c2,shell_snapshot_cold_128_mib,ms,lower,598.7
windows-whp-virtual-machine,2,1,ac9bb60a668aea99210dbf5f38fc5a19ec19a0c2,shell_snapshot_cold_256_mib,ms,lower,594.2
windows-whp-virtual-machine,2,1,ac9bb60a668aea99210dbf5f38fc5a19ec19a0c2,shell_snapshot_cold_512_mib,ms,lower,594.9
windows-whp-virtual-machine,2,1,ac9bb60a668aea99210dbf5f38fc5a19ec19a0c2,shell_snapshot_cold_64_mib,ms,lower,577.1
windows-whp-virtual-machine,2,1,ac9bb60a668aea99210dbf5f38fc5a19ec19a0c2,shell_snapshot_restore_128_mib,ms,lower,142.5
windows-whp-virtual-machine,2,1,ac9bb60a668aea99210dbf5f38fc5a19ec19a0c2,shell_snapshot_restore_256_mib,ms,lower,133.1
windows-whp-virtual-machine,2,1,ac9bb60a668aea99210dbf5f38fc5a19ec19a0c2,shell_snapshot_restore_512_mib,ms,lower,135.3
windows-whp-virtual-machine,2,1,ac9bb60a668aea99210dbf5f38fc5a19ec19a0c2,shell_snapshot_restore_64_mib,ms,lower,129.1
windows-whp-virtual-machine,2,1,ac9bb60a668aea99210dbf5f38fc5a19ec19a0c2,virtfs_live_read,MB/s,higher,1600
windows-whp-virtual-machine,2,1,ac9bb60a668aea99210dbf5f38fc5a19ec19a0c2,virtfs_live_roundtrip,ms,lower,833
windows-whp-virtual-machine,2,1,ac9bb60a668aea99210dbf5f38fc5a19ec19a0c2,virtfs_live_write,MB/s,higher,181.1
windows-whp-virtual-machine,2,1,ac9bb60a668aea99210dbf5f38fc5a19ec19a0c2,virtio_blk_random_read_iops,ops/s,higher,6535.97044063
windows-whp-virtual-machine,2,1,ac9bb60a668aea99210dbf5f38fc5a19ec19a0c2,virtio_blk_random_write_iops,ops/s,higher,6235.95274481
windows-whp-virtual-machine,2,1,ac9bb60a668aea99210dbf5f38fc5a19ec19a0c2,virtio_fs_random_read_iops,ops/s,higher,10219.5116892
windows-whp-virtual-machine,2,1,ac9bb60a668aea99210dbf5f38fc5a19ec19a0c2,virtio_fs_random_write_iops,ops/s,higher,10147.0111557
windows-whp-virtual-machine,2,1,ac9bb60a668aea99210dbf5f38fc5a19ec19a0c2,virtio_net_udp_roundtrip_ops,ops/s,higher,4118.34074324
windows-whp-virtual-machine,2,1,b8912df369e34d9591d8d65ac71f507365a4555c,cold_start_base,ms,lower,591.7
windows-whp-virtual-machine,2,1,b8912df369e34d9591d8d65ac71f507365a4555c,cold_start_clocksource,ms,lower,590.8
windows-whp-virtual-machine,2,1,b8912df369e34d9591d8d65ac71f507365a4555c,cold_start_cryptomgr_notests,ms,lower,600.9
windows-whp-virtual-machine,2,1,b8912df369e34d9591d8d65ac71f507365a4555c,cold_start_mitigations_off,ms,lower,553.7
windows-whp-virtual-machine,2,1,b8912df369e34d9591d8d65ac71f507365a4555c,cold_start_no_timer_check,ms,lower,537.1
windows-whp-virtual-machine,2,1,b8912df369e34d9591d8d65ac71f507365a4555c,cold_start_nokaslr,ms,lower,592.7
windows-whp-virtual-machine,2,1,b8912df369e34d9591d8d65ac71f507365a4555c,cold_start_random_trust_cpu,ms,lower,598.6
windows-whp-virtual-machine,2,1,b8912df369e34d9591d8d65ac71f507365a4555c,cold_start_rcu_expedited,ms,lower,605.3
windows-whp-virtual-machine,2,1,b8912df369e34d9591d8d65ac71f507365a4555c,cold_start_tsc_reliable,ms,lower,583.4
windows-whp-virtual-machine,2,1,b8912df369e34d9591d8d65ac71f507365a4555c,network_snapshot_cold,ms,lower,602.6
windows-whp-virtual-machine,2,1,b8912df369e34d9591d8d65ac71f507365a4555c,network_snapshot_restore,ms,lower,174.9
windows-whp-virtual-machine,2,1,b8912df369e34d9591d8d65ac71f507365a4555c,network_snapshot_restore_wall,ms,lower,245.8
windows-whp-virtual-machine,2,1,b8912df369e34d9591d8d65ac71f507365a4555c,openvmm_cold_start,ms,lower,507.90655
windows-whp-virtual-machine,2,1,b8912df369e34d9591d8d65ac71f507365a4555c,openvmm_cold_start_guest_exit_teardown,ms,lower,49.57825
windows-whp-virtual-machine,2,1,b8912df369e34d9591d8d65ac71f507365a4555c,openvmm_cold_start_peak_rss,MiB,lower,73.923828125
windows-whp-virtual-machine,2,1,b8912df369e34d9591d8d65ac71f507365a4555c,openvmm_snapshot_generation,ms,lower,1072.98415
windows-whp-virtual-machine,2,1,b8912df369e34d9591d8d65ac71f507365a4555c,openvmm_snapshot_generation_peak_rss,MiB,lower,76.689453125
windows-whp-virtual-machine,2,1,b8912df369e34d9591d8d65ac71f507365a4555c,openvmm_snapshot_restore,ms,lower,131.2092
windows-whp-virtual-machine,2,1,b8912df369e34d9591d8d65ac71f507365a4555c,openvmm_snapshot_restore_guest_exit_teardown,ms,lower,24.29685
windows-whp-virtual-machine,2,1,b8912df369e34d9591d8d65ac71f507365a4555c,openvmm_snapshot_restore_peak_rss,MiB,lower,18.29296875
windows-whp-virtual-machine,2,1,b8912df369e34d9591d8d65ac71f507365a4555c,shell_snapshot_cold_128_mib,ms,lower,589.1
windows-whp-virtual-machine,2,1,b8912df369e34d9591d8d65ac71f507365a4555c,shell_snapshot_cold_256_mib,ms,lower,592.5
windows-whp-virtual-machine,2,1,b8912df369e34d9591d8d65ac71f507365a4555c,shell_snapshot_cold_512_mib,ms,lower,596.4
windows-whp-virtual-machine,2,1,b8912df369e34d9591d8d65ac71f507365a4555c,shell_snapshot_cold_64_mib,ms,lower,581.6
windows-whp-virtual-machine,2,1,b8912df369e34d9591d8d65ac71f507365a4555c,shell_snapshot_restore_128_mib,ms,lower,140.3
windows-whp-virtual-machine,2,1,b8912df369e34d9591d8d65ac71f507365a4555c,shell_snapshot_restore_256_mib,ms,lower,130.7
windows-whp-virtual-machine,2,1,b8912df369e34d9591d8d65ac71f507365a4555c,shell_snapshot_restore_512_mib,ms,lower,133.8
windows-whp-virtual-machine,2,1,b8912df369e34d9591d8d65ac71f507365a4555c,shell_snapshot_restore_64_mib,ms,lower,131.3
windows-whp-virtual-machine,2,1,b8912df369e34d9591d8d65ac71f507365a4555c,virtfs_live_read,MB/s,higher,993.5
windows-whp-virtual-machine,2,1,b8912df369e34d9591d8d65ac71f507365a4555c,virtfs_live_roundtrip,ms,lower,838.6
windows-whp-virtual-machine,2,1,b8912df369e34d9591d8d65ac71f507365a4555c,virtfs_live_write,MB/s,higher,166.7
windows-whp-virtual-machine,2,1,b8912df369e34d9591d8d65ac71f507365a4555c,virtio_blk_random_read_iops,ops/s,higher,6378.18108151
windows-whp-virtual-machine,2,1,b8912df369e34d9591d8d65ac71f507365a4555c,virtio_blk_random_write_iops,ops/s,higher,6325.01053603
windows-whp-virtual-machine,2,1,b8912df369e34d9591d8d65ac71f507365a4555c,virtio_fs_random_read_iops,ops/s,higher,10298.413594
windows-whp-virtual-machine,2,1,b8912df369e34d9591d8d65ac71f507365a4555c,virtio_fs_random_write_iops,ops/s,higher,10356.188241
windows-whp-virtual-machine,2,1,b8912df369e34d9591d8d65ac71f507365a4555c,virtio_net_udp_roundtrip_ops,ops/s,higher,4194.43349145
windows-whp-virtual-machine,2,1,cbaf6c43acae7413064ac917e78fadb3641d3bfe,cold_start_base,ms,lower,587.7
windows-whp-virtual-machine,2,1,cbaf6c43acae7413064ac917e78fadb3641d3bfe,cold_start_clocksource,ms,lower,583.9
windows-whp-virtual-machine,2,1,cbaf6c43acae7413064ac917e78fadb3641d3bfe,cold_start_cryptomgr_notests,ms,lower,590
windows-whp-virtual-machine,2,1,cbaf6c43acae7413064ac917e78fadb3641d3bfe,cold_start_mitigations_off,ms,lower,557.2
windows-whp-virtual-machine,2,1,cbaf6c43acae7413064ac917e78fadb3641d3bfe,cold_start_no_timer_check,ms,lower,534
windows-whp-virtual-machine,2,1,cbaf6c43acae7413064ac917e78fadb3641d3bfe,cold_start_nokaslr,ms,lower,586.7
windows-whp-virtual-machine,2,1,cbaf6c43acae7413064ac917e78fadb3641d3bfe,cold_start_random_trust_cpu,ms,lower,604.5
windows-whp-virtual-machine,2,1,cbaf6c43acae7413064ac917e78fadb3641d3bfe,cold_start_rcu_expedited,ms,lower,592.8
windows-whp-virtual-machine,2,1,cbaf6c43acae7413064ac917e78fadb3641d3bfe,cold_start_tsc_reliable,ms,lower,583.8
windows-whp-virtual-machine,2,1,cbaf6c43acae7413064ac917e78fadb3641d3bfe,network_snapshot_cold,ms,lower,598
windows-whp-virtual-machine,2,1,cbaf6c43acae7413064ac917e78fadb3641d3bfe,network_snapshot_restore,ms,lower,178.8
windows-whp-virtual-machine,2,1,cbaf6c43acae7413064ac917e78fadb3641d3bfe,network_snapshot_restore_wall,ms,lower,265.2
windows-whp-virtual-machine,2,1,cbaf6c43acae7413064ac917e78fadb3641d3bfe,openvmm_cold_start,ms,lower,502.3109
windows-whp-virtual-machine,2,1,cbaf6c43acae7413064ac917e78fadb3641d3bfe,openvmm_cold_start_guest_exit_teardown,ms,lower,54.05505
windows-whp-virtual-machine,2,1,cbaf6c43acae7413064ac917e78fadb3641d3bfe,openvmm_cold_start_peak_rss,MiB,lower,73.931640625
windows-whp-virtual-machine,2,1,cbaf6c43acae7413064ac917e78fadb3641d3bfe,openvmm_snapshot_generation,ms,lower,1049.7512
windows-whp-virtual-machine,2,1,cbaf6c43acae7413064ac917e78fadb3641d3bfe,openvmm_snapshot_generation_peak_rss,MiB,lower,76.70703125
windows-whp-virtual-machine,2,1,cbaf6c43acae7413064ac917e78fadb3641d3bfe,openvmm_snapshot_restore,ms,lower,132.99895
windows-whp-virtual-machine,2,1,cbaf6c43acae7413064ac917e78fadb3641d3bfe,openvmm_snapshot_restore_guest_exit_teardown,ms,lower,24.38395
windows-whp-virtual-machine,2,1,cbaf6c43acae7413064ac917e78fadb3641d3bfe,openvmm_snapshot_restore_peak_rss,MiB,lower,18.326171875
windows-whp-virtual-machine,2,1,cbaf6c43acae7413064ac917e78fadb3641d3bfe,shell_snapshot_cold_128_mib,ms,lower,584.6
windows-whp-virtual-machine,2,1,cbaf6c43acae7413064ac917e78fadb3641d3bfe,shell_snapshot_cold_256_mib,ms,lower,596.2
windows-whp-virtual-machine,2,1,cbaf6c43acae7413064ac917e78fadb3641d3bfe,shell_snapshot_cold_512_mib,ms,lower,602.1
windows-whp-virtual-machine,2,1,cbaf6c43acae7413064ac917e78fadb3641d3bfe,shell_snapshot_restore_128_mib,ms,lower,135.3
windows-whp-virtual-machine,2,1,cbaf6c43acae7413064ac917e78fadb3641d3bfe,shell_snapshot_restore_256_mib,ms,lower,138.1
windows-whp-virtual-machine,2,1,cbaf6c43acae7413064ac917e78fadb3641d3bfe,shell_snapshot_restore_512_mib,ms,lower,134.4
windows-whp-virtual-machine,2,1,cbaf6c43acae7413064ac917e78fadb3641d3bfe,virtfs_live_read,MB/s,higher,1308.8
windows-whp-virtual-machine,2,1,cbaf6c43acae7413064ac917e78fadb3641d3bfe,virtfs_live_roundtrip,ms,lower,819.3
windows-whp-virtual-machine,2,1,cbaf6c43acae7413064ac917e78fadb3641d3bfe,virtfs_live_write,MB/s,higher,181.1
windows-whp-virtual-machine,2,1,cbaf6c43acae7413064ac917e78fadb3641d3bfe,virtio_blk_random_read_iops,ops/s,higher,6564.14458543
windows-whp-virtual-machine,2,1,cbaf6c43acae7413064ac917e78fadb3641d3bfe,virtio_blk_random_write_iops,ops/s,higher,6480.12183806
windows-whp-virtual-machine,2,1,cbaf6c43acae7413064ac917e78fadb3641d3bfe,virtio_fs_random_read_iops,ops/s,higher,10387.5192482
windows-whp-virtual-machine,2,1,cbaf6c43acae7413064ac917e78fadb3641d3bfe,virtio_fs_random_write_iops,ops/s,higher,10355.3811039
windows-whp-virtual-machine,2,1,cbaf6c43acae7413064ac917e78fadb3641d3bfe,virtio_net_udp_roundtrip_ops,ops/s,higher,4106.05352178
windows-whp-virtual-machine,2,1,58fc6421db6dc1f7430babd8dda2309d7161f3c9,cold_start_base,ms,lower,533.1
windows-whp-virtual-machine,2,1,58fc6421db6dc1f7430babd8dda2309d7161f3c9,cold_start_clocksource,ms,lower,534
windows-whp-virtual-machine,2,1,58fc6421db6dc1f7430babd8dda2309d7161f3c9,cold_start_cryptomgr_notests,ms,lower,537.5
windows-whp-virtual-machine,2,1,58fc6421db6dc1f7430babd8dda2309d7161f3c9,cold_start_mitigations_off,ms,lower,504.2
windows-whp-virtual-machine,2,1,58fc6421db6dc1f7430babd8dda2309d7161f3c9,cold_start_no_timer_check,ms,lower,476.4
windows-whp-virtual-machine,2,1,58fc6421db6dc1f7430babd8dda2309d7161f3c9,cold_start_nokaslr,ms,lower,539.6
windows-whp-virtual-machine,2,1,58fc6421db6dc1f7430babd8dda2309d7161f3c9,cold_start_random_trust_cpu,ms,lower,542.2
windows-whp-virtual-machine,2,1,58fc6421db6dc1f7430babd8dda2309d7161f3c9,cold_start_rcu_expedited,ms,lower,540
windows-whp-virtual-machine,2,1,58fc6421db6dc1f7430babd8dda2309d7161f3c9,cold_start_tsc_reliable,ms,lower,543.6
windows-whp-virtual-machine,2,1,58fc6421db6dc1f7430babd8dda2309d7161f3c9,network_snapshot_cold,ms,lower,544.7
windows-whp-virtual-machine,2,1,58fc6421db6dc1f7430babd8dda2309d7161f3c9,network_snapshot_restore,ms,lower,168.2
windows-whp-virtual-machine,2,1,58fc6421db6dc1f7430babd8dda2309d7161f3c9,network_snapshot_restore_wall,ms,lower,237.6
windows-whp-virtual-machine,2,1,58fc6421db6dc1f7430babd8dda2309d7161f3c9,openvmm_cold_start,ms,lower,450.3301
windows-whp-virtual-machine,2,1,58fc6421db6dc1f7430babd8dda2309d7161f3c9,openvmm_cold_start_guest_exit_teardown,ms,lower,47.31345
windows-whp-virtual-machine,2,1,58fc6421db6dc1f7430babd8dda2309d7161f3c9,openvmm_cold_start_peak_rss,MiB,lower,73.947265625
windows-whp-virtual-machine,2,1,58fc6421db6dc1f7430babd8dda2309d7161f3c9,openvmm_snapshot_generation,ms,lower,1031.82975
windows-whp-virtual-machine,2,1,58fc6421db6dc1f7430babd8dda2309d7161f3c9,openvmm_snapshot_generation_peak_rss,MiB,lower,76.7265625
windows-whp-virtual-machine,2,1,58fc6421db6dc1f7430babd8dda2309d7161f3c9,openvmm_snapshot_restore,ms,lower,120.82455
windows-whp-virtual-machine,2,1,58fc6421db6dc1f7430babd8dda2309d7161f3c9,openvmm_snapshot_restore_guest_exit_teardown,ms,lower,22.25155
windows-whp-virtual-machine,2,1,58fc6421db6dc1f7430babd8dda2309d7161f3c9,openvmm_snapshot_restore_peak_rss,MiB,lower,18.330078125
windows-whp-virtual-machine,2,1,58fc6421db6dc1f7430babd8dda2309d7161f3c9,shell_snapshot_cold_128_mib,ms,lower,541.3
windows-whp-virtual-machine,2,1,58fc6421db6dc1f7430babd8dda2309d7161f3c9,shell_snapshot_cold_256_mib,ms,lower,533.4
windows-whp-virtual-machine,2,1,58fc6421db6dc1f7430babd8dda2309d7161f3c9,shell_snapshot_cold_512_mib,ms,lower,547.4
windows-whp-virtual-machine,2,1,58fc6421db6dc1f7430babd8dda2309d7161f3c9,shell_snapshot_restore_128_mib,ms,lower,123.1
windows-whp-virtual-machine,2,1,58fc6421db6dc1f7430babd8dda2309d7161f3c9,shell_snapshot_restore_256_mib,ms,lower,120.1
windows-whp-virtual-machine,2,1,58fc6421db6dc1f7430babd8dda2309d7161f3c9,shell_snapshot_restore_512_mib,ms,lower,126.3
windows-whp-virtual-machine,2,1,58fc6421db6dc1f7430babd8dda2309d7161f3c9,virtfs_live_read,MB/s,higher,1100
windows-whp-virtual-machine,2,1,58fc6421db6dc1f7430babd8dda2309d7161f3c9,virtfs_live_roundtrip,ms,lower,748
windows-whp-virtual-machine,2,1,58fc6421db6dc1f7430babd8dda2309d7161f3c9,virtfs_live_write,MB/s,higher,175.4
windows-whp-virtual-machine,2,1,58fc6421db6dc1f7430babd8dda2309d7161f3c9,virtio_blk_random_read_iops,ops/s,higher,7280.06087553
windows-whp-virtual-machine,2,1,58fc6421db6dc1f7430babd8dda2309d7161f3c9,virtio_blk_random_write_iops,ops/s,higher,7189.61768861
windows-whp-virtual-machine,2,1,58fc6421db6dc1f7430babd8dda2309d7161f3c9,virtio_fs_random_read_iops,ops/s,higher,12466.8247854
windows-whp-virtual-machine,2,1,58fc6421db6dc1f7430babd8dda2309d7161f3c9,virtio_fs_random_write_iops,ops/s,higher,12148.4869297
windows-whp-virtual-machine,2,1,58fc6421db6dc1f7430babd8dda2309d7161f3c9,virtio_net_udp_roundtrip_ops,ops/s,higher,4593.36183371
windows-whp-virtual-machine,2,1,9841c2292e2029c4b04a684d1ea6fce78b448dfa,cold_start_base,ms,lower,529.3
windows-whp-virtual-machine,2,1,9841c2292e2029c4b04a684d1ea6fce78b448dfa,cold_start_clocksource,ms,lower,522.6
windows-whp-virtual-machine,2,1,9841c2292e2029c4b04a684d1ea6fce78b448dfa,cold_start_cryptomgr_notests,ms,lower,537.6
windows-whp-virtual-machine,2,1,9841c2292e2029c4b04a684d1ea6fce78b448dfa,cold_start_mitigations_off,ms,lower,500.5
windows-whp-virtual-machine,2,1,9841c2292e2029c4b04a684d1ea6fce78b448dfa,cold_start_no_timer_check,ms,lower,480.1
windows-whp-virtual-machine,2,1,9841c2292e2029c4b04a684d1ea6fce78b448dfa,cold_start_nokaslr,ms,lower,526
windows-whp-virtual-machine,2,1,9841c2292e2029c4b04a684d1ea6fce78b448dfa,cold_start_random_trust_cpu,ms,lower,539.3
windows-whp-virtual-machine,2,1,9841c2292e2029c4b04a684d1ea6fce78b448dfa,cold_start_rcu_expedited,ms,lower,529.6
windows-whp-virtual-machine,2,1,9841c2292e2029c4b04a684d1ea6fce78b448dfa,cold_start_tsc_reliable,ms,lower,530.4
windows-whp-virtual-machine,2,1,9841c2292e2029c4b04a684d1ea6fce78b448dfa,network_snapshot_cold,ms,lower,547.8
windows-whp-virtual-machine,2,1,9841c2292e2029c4b04a684d1ea6fce78b448dfa,network_snapshot_restore,ms,lower,154.8
windows-whp-virtual-machine,2,1,9841c2292e2029c4b04a684d1ea6fce78b448dfa,network_snapshot_restore_wall,ms,lower,228.4
windows-whp-virtual-machine,2,1,9841c2292e2029c4b04a684d1ea6fce78b448dfa,openvmm_cold_start,ms,lower,443.79615
windows-whp-virtual-machine,2,1,9841c2292e2029c4b04a684d1ea6fce78b448dfa,openvmm_cold_start_guest_exit_teardown,ms,lower,47.80595
windows-whp-virtual-machine,2,1,9841c2292e2029c4b04a684d1ea6fce78b448dfa,openvmm_cold_start_peak_rss,MiB,lower,74.005859375
windows-whp-virtual-machine,2,1,9841c2292e2029c4b04a684d1ea6fce78b448dfa,openvmm_snapshot_generation,ms,lower,1023.34535
windows-whp-virtual-machine,2,1,9841c2292e2029c4b04a684d1ea6fce78b448dfa,openvmm_snapshot_generation_peak_rss,MiB,lower,76.751953125
windows-whp-virtual-machine,2,1,9841c2292e2029c4b04a684d1ea6fce78b448dfa,openvmm_snapshot_restore,ms,lower,123.5094
windows-whp-virtual-machine,2,1,9841c2292e2029c4b04a684d1ea6fce78b448dfa,openvmm_snapshot_restore_guest_exit_teardown,ms,lower,22.5862
windows-whp-virtual-machine,2,1,9841c2292e2029c4b04a684d1ea6fce78b448dfa,openvmm_snapshot_restore_peak_rss,MiB,lower,18.373046875
windows-whp-virtual-machine,2,1,9841c2292e2029c4b04a684d1ea6fce78b448dfa,shell_snapshot_cold_128_mib,ms,lower,535.5
windows-whp-virtual-machine,2,1,9841c2292e2029c4b04a684d1ea6fce78b448dfa,shell_snapshot_cold_256_mib,ms,lower,540.2
windows-whp-virtual-machine,2,1,9841c2292e2029c4b04a684d1ea6fce78b448dfa,shell_snapshot_cold_512_mib,ms,lower,554.5
windows-whp-virtual-machine,2,1,9841c2292e2029c4b04a684d1ea6fce78b448dfa,shell_snapshot_restore_128_mib,ms,lower,120.9
windows-whp-virtual-machine,2,1,9841c2292e2029c4b04a684d1ea6fce78b448dfa,shell_snapshot_restore_256_mib,ms,lower,126.5
windows-whp-virtual-machine,2,1,9841c2292e2029c4b04a684d1ea6fce78b448dfa,shell_snapshot_restore_512_mib,ms,lower,124.8
windows-whp-virtual-machine,2,1,9841c2292e2029c4b04a684d1ea6fce78b448dfa,virtfs_live_read,MB/s,higher,1106
windows-whp-virtual-machine,2,1,9841c2292e2029c4b04a684d1ea6fce78b448dfa,virtfs_live_roundtrip,ms,lower,774.3
windows-whp-virtual-machine,2,1,9841c2292e2029c4b04a684d1ea6fce78b448dfa,virtfs_live_write,MB/s,higher,174.8
windows-whp-virtual-machine,2,1,9841c2292e2029c4b04a684d1ea6fce78b448dfa,virtio_blk_random_read_iops,ops/s,higher,7386.68749467
windows-whp-virtual-machine,2,1,9841c2292e2029c4b04a684d1ea6fce78b448dfa,virtio_blk_random_write_iops,ops/s,higher,7043.73133154
windows-whp-virtual-machine,2,1,9841c2292e2029c4b04a684d1ea6fce78b448dfa,virtio_fs_random_read_iops,ops/s,higher,12211.126265
windows-whp-virtual-machine,2,1,9841c2292e2029c4b04a684d1ea6fce78b448dfa,virtio_fs_random_write_iops,ops/s,higher,11833.2644223
windows-whp-virtual-machine,2,1,9841c2292e2029c4b04a684d1ea6fce78b448dfa,virtio_net_udp_roundtrip_ops,ops/s,higher,4751.74850081
windows-whp-virtual-machine,2,1,2191ee54dc321d6524b1aebcd25b450588a20284,cold_start_base,ms,lower,539.9
windows-whp-virtual-machine,2,1,2191ee54dc321d6524b1aebcd25b450588a20284,cold_start_clocksource,ms,lower,527.7
windows-whp-virtual-machine,2,1,2191ee54dc321d6524b1aebcd25b450588a20284,cold_start_cryptomgr_notests,ms,lower,539.9
windows-whp-virtual-machine,2,1,2191ee54dc321d6524b1aebcd25b450588a20284,cold_start_mitigations_off,ms,lower,508.5
windows-whp-virtual-machine,2,1,2191ee54dc321d6524b1aebcd25b450588a20284,cold_start_no_timer_check,ms,lower,481.8
windows-whp-virtual-machine,2,1,2191ee54dc321d6524b1aebcd25b450588a20284,cold_start_nokaslr,ms,lower,545.8
windows-whp-virtual-machine,2,1,2191ee54dc321d6524b1aebcd25b450588a20284,cold_start_random_trust_cpu,ms,lower,543.7
windows-whp-virtual-machine,2,1,2191ee54dc321d6524b1aebcd25b450588a20284,cold_start_rcu_expedited,ms,lower,533.9
windows-whp-virtual-machine,2,1,2191ee54dc321d6524b1aebcd25b450588a20284,cold_start_tsc_reliable,ms,lower,533.4
windows-whp-virtual-machine,2,1,2191ee54dc321d6524b1aebcd25b450588a20284,network_snapshot_cold,ms,lower,547.3
windows-whp-virtual-machine,2,1,2191ee54dc321d6524b1aebcd25b450588a20284,network_snapshot_restore,ms,lower,164.8
windows-whp-virtual-machine,2,1,2191ee54dc321d6524b1aebcd25b450588a20284,network_snapshot_restore_wall,ms,lower,236
windows-whp-virtual-machine,2,1,2191ee54dc321d6524b1aebcd25b450588a20284,openvmm_cold_start,ms,lower,448.4893
windows-whp-virtual-machine,2,1,2191ee54dc321d6524b1aebcd25b450588a20284,openvmm_cold_start_guest_exit_teardown,ms,lower,48.8363
windows-whp-virtual-machine,2,1,2191ee54dc321d6524b1aebcd25b450588a20284,openvmm_cold_start_peak_rss,MiB,lower,74.009765625
windows-whp-virtual-machine,2,1,2191ee54dc321d6524b1aebcd25b450588a20284,openvmm_snapshot_generation,ms,lower,993.71455
windows-whp-virtual-machine,2,1,2191ee54dc321d6524b1aebcd25b450588a20284,openvmm_snapshot_generation_peak_rss,MiB,lower,76.771484375
windows-whp-virtual-machine,2,1,2191ee54dc321d6524b1aebcd25b450588a20284,openvmm_snapshot_restore,ms,lower,124.22395
windows-whp-virtual-machine,2,1,2191ee54dc321d6524b1aebcd25b450588a20284,openvmm_snapshot_restore_guest_exit_teardown,ms,lower,23.0546
windows-whp-virtual-machine,2,1,2191ee54dc321d6524b1aebcd25b450588a20284,openvmm_snapshot_restore_peak_rss,MiB,lower,18.361328125
windows-whp-virtual-machine,2,1,2191ee54dc321d6524b1aebcd25b450588a20284,shell_snapshot_cold_128_mib,ms,lower,532.2
windows-whp-virtual-machine,2,1,2191ee54dc321d6524b1aebcd25b450588a20284,shell_snapshot_cold_256_mib,ms,lower,537.5
windows-whp-virtual-machine,2,1,2191ee54dc321d6524b1aebcd25b450588a20284,shell_snapshot_cold_512_mib,ms,lower,552.9
windows-whp-virtual-machine,2,1,2191ee54dc321d6524b1aebcd25b450588a20284,shell_snapshot_restore_128_mib,ms,lower,122
windows-whp-virtual-machine,2,1,2191ee54dc321d6524b1aebcd25b450588a20284,shell_snapshot_restore_256_mib,ms,lower,116.6
windows-whp-virtual-machine,2,1,2191ee54dc321d6524b1aebcd25b450588a20284,shell_snapshot_restore_512_mib,ms,lower,119.6
windows-whp-virtual-machine,2,1,2191ee54dc321d6524b1aebcd25b450588a20284,virtfs_live_read,MB/s,higher,1100
windows-whp-virtual-machine,2,1,2191ee54dc321d6524b1aebcd25b450588a20284,virtfs_live_roundtrip,ms,lower,749.9
windows-whp-virtual-machine,2,1,2191ee54dc321d6524b1aebcd25b450588a20284,virtfs_live_write,MB/s,higher,175.4
windows-whp-virtual-machine,2,1,2191ee54dc321d6524b1aebcd25b450588a20284,virtio_blk_random_read_iops,ops/s,higher,7141.22409112
windows-whp-virtual-machine,2,1,2191ee54dc321d6524b1aebcd25b450588a20284,virtio_blk_random_write_iops,ops/s,higher,7056.79168759
windows-whp-virtual-machine,2,1,2191ee54dc321d6524b1aebcd25b450588a20284,virtio_fs_random_read_iops,ops/s,higher,11761.7473817
windows-whp-virtual-machine,2,1,2191ee54dc321d6524b1aebcd25b450588a20284,virtio_fs_random_write_iops,ops/s,higher,11602.5352429
windows-whp-virtual-machine,2,1,2191ee54dc321d6524b1aebcd25b450588a20284,virtio_net_udp_roundtrip_ops,ops/s,higher,4573.03035827
windows-whp-virtual-machine,2,1,d2f79471ad835a3832bfea78910044af9fc98f73,cold_start_base,ms,lower,520
windows-whp-virtual-machine,2,1,d2f79471ad835a3832bfea78910044af9fc98f73,cold_start_clocksource,ms,lower,513
windows-whp-virtual-machine,2,1,d2f79471ad835a3832bfea78910044af9fc98f73,cold_start_cryptomgr_notests,ms,lower,520.5
windows-whp-virtual-machine,2,1,d2f79471ad835a3832bfea78910044af9fc98f73,cold_start_mitigations_off,ms,lower,487.6
windows-whp-virtual-machine,2,1,d2f79471ad835a3832bfea78910044af9fc98f73,cold_start_no_timer_check,ms,lower,474.7
windows-whp-virtual-machine,2,1,d2f79471ad835a3832bfea78910044af9fc98f73,cold_start_nokaslr,ms,lower,526.4
windows-whp-virtual-machine,2,1,d2f79471ad835a3832bfea78910044af9fc98f73,cold_start_random_trust_cpu,ms,lower,519.8
windows-whp-virtual-machine,2,1,d2f79471ad835a3832bfea78910044af9fc98f73,cold_start_rcu_expedited,ms,lower,519
windows-whp-virtual-machine,2,1,d2f79471ad835a3832bfea78910044af9fc98f73,cold_start_tsc_reliable,ms,lower,514.6
windows-whp-virtual-machine,2,1,d2f79471ad835a3832bfea78910044af9fc98f73,network_snapshot_cold,ms,lower,527.6
windows-whp-virtual-machine,2,1,d2f79471ad835a3832bfea78910044af9fc98f73,network_snapshot_restore,ms,lower,150.2
windows-whp-virtual-machine,2,1,d2f79471ad835a3832bfea78910044af9fc98f73,network_snapshot_restore_wall,ms,lower,221.3
windows-whp-virtual-machine,2,1,d2f79471ad835a3832bfea78910044af9fc98f73,openvmm_cold_start,ms,lower,435.9678
windows-whp-virtual-machine,2,1,d2f79471ad835a3832bfea78910044af9fc98f73,openvmm_cold_start_guest_exit_teardown,ms,lower,44.766
windows-whp-virtual-machine,2,1,d2f79471ad835a3832bfea78910044af9fc98f73,openvmm_cold_start_peak_rss,MiB,lower,74.001953125
windows-whp-virtual-machine,2,1,d2f79471ad835a3832bfea78910044af9fc98f73,openvmm_snapshot_generation,ms,lower,1026.43815
windows-whp-virtual-machine,2,1,d2f79471ad835a3832bfea78910044af9fc98f73,openvmm_snapshot_generation_peak_rss,MiB,lower,76.759765625
windows-whp-virtual-machine,2,1,d2f79471ad835a3832bfea78910044af9fc98f73,openvmm_snapshot_restore,ms,lower,112.2977
windows-whp-virtual-machine,2,1,d2f79471ad835a3832bfea78910044af9fc98f73,openvmm_snapshot_restore_guest_exit_teardown,ms,lower,22.13395
windows-whp-virtual-machine,2,1,d2f79471ad835a3832bfea78910044af9fc98f73,openvmm_snapshot_restore_peak_rss,MiB,lower,18.36328125
windows-whp-virtual-machine,2,1,d2f79471ad835a3832bfea78910044af9fc98f73,shell_snapshot_cold_128_mib,ms,lower,520.7
windows-whp-virtual-machine,2,1,d2f79471ad835a3832bfea78910044af9fc98f73,shell_snapshot_cold_256_mib,ms,lower,516.3
windows-whp-virtual-machine,2,1,d2f79471ad835a3832bfea78910044af9fc98f73,shell_snapshot_cold_512_mib,ms,lower,528.6
windows-whp-virtual-machine,2,1,d2f79471ad835a3832bfea78910044af9fc98f73,shell_snapshot_restore_128_mib,ms,lower,124.9
windows-whp-virtual-machine,2,1,d2f79471ad835a3832bfea78910044af9fc98f73,shell_snapshot_restore_256_mib,ms,lower,132
windows-whp-virtual-machine,2,1,d2f79471ad835a3832bfea78910044af9fc98f73,shell_snapshot_restore_512_mib,ms,lower,125.9
windows-whp-virtual-machine,2,1,d2f79471ad835a3832bfea78910044af9fc98f73,virtfs_live_read,MB/s,higher,1500
windows-whp-virtual-machine,2,1,d2f79471ad835a3832bfea78910044af9fc98f73,virtfs_live_roundtrip,ms,lower,742.1
windows-whp-virtual-machine,2,1,d2f79471ad835a3832bfea78910044af9fc98f73,virtfs_live_write,MB/s,higher,175.1
windows-whp-virtual-machine,2,1,d2f79471ad835a3832bfea78910044af9fc98f73,virtio_blk_random_read_iops,ops/s,higher,7516.26388881
windows-whp-virtual-machine,2,1,d2f79471ad835a3832bfea78910044af9fc98f73,virtio_blk_random_write_iops,ops/s,higher,7371.65260435
windows-whp-virtual-machine,2,1,d2f79471ad835a3832bfea78910044af9fc98f73,virtio_fs_random_read_iops,ops/s,higher,12486.2938078
windows-whp-virtual-machine,2,1,d2f79471ad835a3832bfea78910044af9fc98f73,virtio_fs_random_write_iops,ops/s,higher,12376.102265
windows-whp-virtual-machine,2,1,d2f79471ad835a3832bfea78910044af9fc98f73,virtio_net_udp_roundtrip_ops,ops/s,higher,4895.07092715
windows-whp-virtual-machine,2,1,31a5478d4e9f691dcb1c48d5ea6594f59efd0f4d,cold_start_base,ms,lower,594.7
windows-whp-virtual-machine,2,1,31a5478d4e9f691dcb1c48d5ea6594f59efd0f4d,cold_start_clocksource,ms,lower,600.5
windows-whp-virtual-machine,2,1,31a5478d4e9f691dcb1c48d5ea6594f59efd0f4d,cold_start_cryptomgr_notests,ms,lower,598.8
windows-whp-virtual-machine,2,1,31a5478d4e9f691dcb1c48d5ea6594f59efd0f4d,cold_start_mitigations_off,ms,lower,565.7
windows-whp-virtual-machine,2,1,31a5478d4e9f691dcb1c48d5ea6594f59efd0f4d,cold_start_no_timer_check,ms,lower,546.7
windows-whp-virtual-machine,2,1,31a5478d4e9f691dcb1c48d5ea6594f59efd0f4d,cold_start_nokaslr,ms,lower,602.5
windows-whp-virtual-machine,2,1,31a5478d4e9f691dcb1c48d5ea6594f59efd0f4d,cold_start_random_trust_cpu,ms,lower,589.9
windows-whp-virtual-machine,2,1,31a5478d4e9f691dcb1c48d5ea6594f59efd0f4d,cold_start_rcu_expedited,ms,lower,601.7
windows-whp-virtual-machine,2,1,31a5478d4e9f691dcb1c48d5ea6594f59efd0f4d,cold_start_tsc_reliable,ms,lower,597
windows-whp-virtual-machine,2,1,31a5478d4e9f691dcb1c48d5ea6594f59efd0f4d,network_snapshot_cold,ms,lower,613
windows-whp-virtual-machine,2,1,31a5478d4e9f691dcb1c48d5ea6594f59efd0f4d,network_snapshot_restore,ms,lower,180.4
windows-whp-virtual-machine,2,1,31a5478d4e9f691dcb1c48d5ea6594f59efd0f4d,network_snapshot_restore_wall,ms,lower,261.8
windows-whp-virtual-machine,2,1,31a5478d4e9f691dcb1c48d5ea6594f59efd0f4d,openvmm_cold_start,ms,lower,520.5914
windows-whp-virtual-machine,2,1,31a5478d4e9f691dcb1c48d5ea6594f59efd0f4d,openvmm_cold_start_guest_exit_teardown,ms,lower,52.64945
windows-whp-virtual-machine,2,1,31a5478d4e9f691dcb1c48d5ea6594f59efd0f4d,openvmm_cold_start_peak_rss,MiB,lower,74
windows-whp-virtual-machine,2,1,31a5478d4e9f691dcb1c48d5ea6594f59efd0f4d,openvmm_snapshot_generation,ms,lower,984.6456
windows-whp-virtual-machine,2,1,31a5478d4e9f691dcb1c48d5ea6594f59efd0f4d,openvmm_snapshot_generation_peak_rss,MiB,lower,76.75
windows-whp-virtual-machine,2,1,31a5478d4e9f691dcb1c48d5ea6594f59efd0f4d,openvmm_snapshot_restore,ms,lower,132.0816
windows-whp-virtual-machine,2,1,31a5478d4e9f691dcb1c48d5ea6594f59efd0f4d,openvmm_snapshot_restore_guest_exit_teardown,ms,lower,25.4598
windows-whp-virtual-machine,2,1,31a5478d4e9f691dcb1c48d5ea6594f59efd0f4d,openvmm_snapshot_restore_peak_rss,MiB,lower,18.38671875
windows-whp-virtual-machine,2,1,31a5478d4e9f691dcb1c48d5ea6594f59efd0f4d,shell_snapshot_cold_128_mib,ms,lower,599.8
windows-whp-virtual-machine,2,1,31a5478d4e9f691dcb1c48d5ea6594f59efd0f4d,shell_snapshot_cold_256_mib,ms,lower,603
windows-whp-virtual-machine,2,1,31a5478d4e9f691dcb1c48d5ea6594f59efd0f4d,shell_snapshot_cold_512_mib,ms,lower,609.5
windows-whp-virtual-machine,2,1,31a5478d4e9f691dcb1c48d5ea6594f59efd0f4d,shell_snapshot_restore_128_mib,ms,lower,128.4
windows-whp-virtual-machine,2,1,31a5478d4e9f691dcb1c48d5ea6594f59efd0f4d,shell_snapshot_restore_256_mib,ms,lower,134
windows-whp-virtual-machine,2,1,31a5478d4e9f691dcb1c48d5ea6594f59efd0f4d,shell_snapshot_restore_512_mib,ms,lower,135.2
windows-whp-virtual-machine,2,1,31a5478d4e9f691dcb1c48d5ea6594f59efd0f4d,virtfs_live_read,MB/s,higher,1600
windows-whp-virtual-machine,2,1,31a5478d4e9f691dcb1c48d5ea6594f59efd0f4d,virtfs_live_roundtrip,ms,lower,852.7
windows-whp-virtual-machine,2,1,31a5478d4e9f691dcb1c48d5ea6594f59efd0f4d,virtfs_live_write,MB/s,higher,169.5
windows-whp-virtual-machine,2,1,31a5478d4e9f691dcb1c48d5ea6594f59efd0f4d,virtio_blk_random_read_iops,ops/s,higher,6245.7425442
windows-whp-virtual-machine,2,1,31a5478d4e9f691dcb1c48d5ea6594f59efd0f4d,virtio_blk_random_write_iops,ops/s,higher,6231.37168915
windows-whp-virtual-machine,2,1,31a5478d4e9f691dcb1c48d5ea6594f59efd0f4d,virtio_fs_random_read_iops,ops/s,higher,10134.430266
windows-whp-virtual-machine,2,1,31a5478d4e9f691dcb1c48d5ea6594f59efd0f4d,virtio_fs_random_write_iops,ops/s,higher,10181.0278729
windows-whp-virtual-machine,2,1,31a5478d4e9f691dcb1c48d5ea6594f59efd0f4d,virtio_net_udp_roundtrip_ops,ops/s,higher,4162.82732895
windows-whp-virtual-machine,2,1,f0d103cd6f3dfb924b623caf8d9e4d241acb6828,cold_start_base,ms,lower,602.6
windows-whp-virtual-machine,2,1,f0d103cd6f3dfb924b623caf8d9e4d241acb6828,cold_start_clocksource,ms,lower,596.6
windows-whp-virtual-machine,2,1,f0d103cd6f3dfb924b623caf8d9e4d241acb6828,cold_start_cryptomgr_notests,ms,lower,605.2
windows-whp-virtual-machine,2,1,f0d103cd6f3dfb924b623caf8d9e4d241acb6828,cold_start_mitigations_off,ms,lower,554.9
windows-whp-virtual-machine,2,1,f0d103cd6f3dfb924b623caf8d9e4d241acb6828,cold_start_no_timer_check,ms,lower,546.7
windows-whp-virtual-machine,2,1,f0d103cd6f3dfb924b623caf8d9e4d241acb6828,cold_start_nokaslr,ms,lower,602.7
windows-whp-virtual-machine,2,1,f0d103cd6f3dfb924b623caf8d9e4d241acb6828,cold_start_random_trust_cpu,ms,lower,604.3
windows-whp-virtual-machine,2,1,f0d103cd6f3dfb924b623caf8d9e4d241acb6828,cold_start_rcu_expedited,ms,lower,596.1
windows-whp-virtual-machine,2,1,f0d103cd6f3dfb924b623caf8d9e4d241acb6828,cold_start_tsc_reliable,ms,lower,591.1
windows-whp-virtual-machine,2,1,f0d103cd6f3dfb924b623caf8d9e4d241acb6828,network_snapshot_cold,ms,lower,594.9
windows-whp-virtual-machine,2,1,f0d103cd6f3dfb924b623caf8d9e4d241acb6828,network_snapshot_restore,ms,lower,175.3
windows-whp-virtual-machine,2,1,f0d103cd6f3dfb924b623caf8d9e4d241acb6828,network_snapshot_restore_wall,ms,lower,259.3
windows-whp-virtual-machine,2,1,f0d103cd6f3dfb924b623caf8d9e4d241acb6828,openvmm_cold_start,ms,lower,509.6058
windows-whp-virtual-machine,2,1,f0d103cd6f3dfb924b623caf8d9e4d241acb6828,openvmm_cold_start_guest_exit_teardown,ms,lower,52.4491
windows-whp-virtual-machine,2,1,f0d103cd6f3dfb924b623caf8d9e4d241acb6828,openvmm_cold_start_peak_rss,MiB,lower,74
windows-whp-virtual-machine,2,1,f0d103cd6f3dfb924b623caf8d9e4d241acb6828,openvmm_snapshot_generation,ms,lower,1058.661
windows-whp-virtual-machine,2,1,f0d103cd6f3dfb924b623caf8d9e4d241acb6828,openvmm_snapshot_generation_peak_rss,MiB,lower,76.744140625
windows-whp-virtual-machine,2,1,f0d103cd6f3dfb924b623caf8d9e4d241acb6828,openvmm_snapshot_restore,ms,lower,134.4364
windows-whp-virtual-machine,2,1,f0d103cd6f3dfb924b623caf8d9e4d241acb6828,openvmm_snapshot_restore_guest_exit_teardown,ms,lower,25.04455
windows-whp-virtual-machine,2,1,f0d103cd6f3dfb924b623caf8d9e4d241acb6828,openvmm_snapshot_restore_peak_rss,MiB,lower,18.365234375
windows-whp-virtual-machine,2,1,f0d103cd6f3dfb924b623caf8d9e4d241acb6828,shell_snapshot_cold_128_mib,ms,lower,598.5
windows-whp-virtual-machine,2,1,f0d103cd6f3dfb924b623caf8d9e4d241acb6828,shell_snapshot_cold_256_mib,ms,lower,597.3
windows-whp-virtual-machine,2,1,f0d103cd6f3dfb924b623caf8d9e4d241acb6828,shell_snapshot_cold_512_mib,ms,lower,605.7
windows-whp-virtual-machine,2,1,f0d103cd6f3dfb924b623caf8d9e4d241acb6828,shell_snapshot_restore_128_mib,ms,lower,137.8
windows-whp-virtual-machine,2,1,f0d103cd6f3dfb924b623caf8d9e4d241acb6828,shell_snapshot_restore_256_mib,ms,lower,136.8
windows-whp-virtual-machine,2,1,f0d103cd6f3dfb924b623caf8d9e4d241acb6828,shell_snapshot_restore_512_mib,ms,lower,133
windows-whp-virtual-machine,2,1,f0d103cd6f3dfb924b623caf8d9e4d241acb6828,virtfs_live_read,MB/s,higher,998.2
windows-whp-virtual-machine,2,1,f0d103cd6f3dfb924b623caf8d9e4d241acb6828,virtfs_live_roundtrip,ms,lower,865.3
windows-whp-virtual-machine,2,1,f0d103cd6f3dfb924b623caf8d9e4d241acb6828,virtfs_live_write,MB/s,higher,164.1
windows-whp-virtual-machine,2,1,f0d103cd6f3dfb924b623caf8d9e4d241acb6828,virtio_blk_random_read_iops,ops/s,higher,6321.16437667
windows-whp-virtual-machine,2,1,f0d103cd6f3dfb924b623caf8d9e4d241acb6828,virtio_blk_random_write_iops,ops/s,higher,6302.3548752
windows-whp-virtual-machine,2,1,f0d103cd6f3dfb924b623caf8d9e4d241acb6828,virtio_fs_random_read_iops,ops/s,higher,9992.36686197
windows-whp-virtual-machine,2,1,f0d103cd6f3dfb924b623caf8d9e4d241acb6828,virtio_fs_random_write_iops,ops/s,higher,10019.5156703
windows-whp-virtual-machine,2,1,f0d103cd6f3dfb924b623caf8d9e4d241acb6828,virtio_net_udp_roundtrip_ops,ops/s,higher,4174.27005568
windows-whp-virtual-machine,2,1,de8bdcd6082f0f21dc81a315d4c6a75c10f1e27e,cold_start_base,ms,lower,587
windows-whp-virtual-machine,2,1,de8bdcd6082f0f21dc81a315d4c6a75c10f1e27e,cold_start_clocksource,ms,lower,589.6
windows-whp-virtual-machine,2,1,de8bdcd6082f0f21dc81a315d4c6a75c10f1e27e,cold_start_cryptomgr_notests,ms,lower,603.8
windows-whp-virtual-machine,2,1,de8bdcd6082f0f21dc81a315d4c6a75c10f1e27e,cold_start_mitigations_off,ms,lower,568.7
windows-whp-virtual-machine,2,1,de8bdcd6082f0f21dc81a315d4c6a75c10f1e27e,cold_start_no_timer_check,ms,lower,545.4
windows-whp-virtual-machine,2,1,de8bdcd6082f0f21dc81a315d4c6a75c10f1e27e,cold_start_nokaslr,ms,lower,605.9
windows-whp-virtual-machine,2,1,de8bdcd6082f0f21dc81a315d4c6a75c10f1e27e,cold_start_random_trust_cpu,ms,lower,594.2
windows-whp-virtual-machine,2,1,de8bdcd6082f0f21dc81a315d4c6a75c10f1e27e,cold_start_rcu_expedited,ms,lower,603.8
windows-whp-virtual-machine,2,1,de8bdcd6082f0f21dc81a315d4c6a75c10f1e27e,cold_start_tsc_reliable,ms,lower,598.9
windows-whp-virtual-machine,2,1,de8bdcd6082f0f21dc81a315d4c6a75c10f1e27e,network_snapshot_cold,ms,lower,616.1
windows-whp-virtual-machine,2,1,de8bdcd6082f0f21dc81a315d4c6a75c10f1e27e,network_snapshot_restore,ms,lower,199.6
windows-whp-virtual-machine,2,1,de8bdcd6082f0f21dc81a315d4c6a75c10f1e27e,network_snapshot_restore_wall,ms,lower,276.9
windows-whp-virtual-machine,2,1,de8bdcd6082f0f21dc81a315d4c6a75c10f1e27e,openvmm_cold_start,ms,lower,501.08965
windows-whp-virtual-machine,2,1,de8bdcd6082f0f21dc81a315d4c6a75c10f1e27e,openvmm_cold_start_guest_exit_teardown,ms,lower,51.1465
windows-whp-virtual-machine,2,1,de8bdcd6082f0f21dc81a315d4c6a75c10f1e27e,openvmm_cold_start_peak_rss,MiB,lower,73.994140625
windows-whp-virtual-machine,2,1,de8bdcd6082f0f21dc81a315d4c6a75c10f1e27e,openvmm_snapshot_generation,ms,lower,1058.2104
windows-whp-virtual-machine,2,1,de8bdcd6082f0f21dc81a315d4c6a75c10f1e27e,openvmm_snapshot_generation_peak_rss,MiB,lower,76.7265625
windows-whp-virtual-machine,2,1,de8bdcd6082f0f21dc81a315d4c6a75c10f1e27e,openvmm_snapshot_restore,ms,lower,140.3327
windows-whp-virtual-machine,2,1,de8bdcd6082f0f21dc81a315d4c6a75c10f1e27e,openvmm_snapshot_restore_guest_exit_teardown,ms,lower,24.10865
windows-whp-virtual-machine,2,1,de8bdcd6082f0f21dc81a315d4c6a75c10f1e27e,openvmm_snapshot_restore_peak_rss,MiB,lower,18.349609375
windows-whp-virtual-machine,2,1,de8bdcd6082f0f21dc81a315d4c6a75c10f1e27e,shell_snapshot_cold_128_mib,ms,lower,604.8
windows-whp-virtual-machine,2,1,de8bdcd6082f0f21dc81a315d4c6a75c10f1e27e,shell_snapshot_cold_256_mib,ms,lower,612.3
windows-whp-virtual-machine,2,1,de8bdcd6082f0f21dc81a315d4c6a75c10f1e27e,shell_snapshot_cold_512_mib,ms,lower,606.2
windows-whp-virtual-machine,2,1,de8bdcd6082f0f21dc81a315d4c6a75c10f1e27e,shell_snapshot_restore_128_mib,ms,lower,132
windows-whp-virtual-machine,2,1,de8bdcd6082f0f21dc81a315d4c6a75c10f1e27e,shell_snapshot_restore_256_mib,ms,lower,132.9
windows-whp-virtual-machine,2,1,de8bdcd6082f0f21dc81a315d4c6a75c10f1e27e,shell_snapshot_restore_512_mib,ms,lower,144.4
windows-whp-virtual-machine,2,1,de8bdcd6082f0f21dc81a315d4c6a75c10f1e27e,virtfs_live_read,MB/s,higher,1550
windows-whp-virtual-machine,2,1,de8bdcd6082f0f21dc81a315d4c6a75c10f1e27e,virtfs_live_roundtrip,ms,lower,857.9
windows-whp-virtual-machine,2,1,de8bdcd6082f0f21dc81a315d4c6a75c10f1e27e,virtfs_live_write,MB/s,higher,163.2
windows-whp-virtual-machine,2,1,de8bdcd6082f0f21dc81a315d4c6a75c10f1e27e,virtio_blk_random_read_iops,ops/s,higher,6240.49061142
windows-whp-virtual-machine,2,1,de8bdcd6082f0f21dc81a315d4c6a75c10f1e27e,virtio_blk_random_write_iops,ops/s,higher,6100.48071309
windows-whp-virtual-machine,2,1,de8bdcd6082f0f21dc81a315d4c6a75c10f1e27e,virtio_fs_random_read_iops,ops/s,higher,10470.8953193
windows-whp-virtual-machine,2,1,de8bdcd6082f0f21dc81a315d4c6a75c10f1e27e,virtio_fs_random_write_iops,ops/s,higher,10231.3609245
windows-whp-virtual-machine,2,1,de8bdcd6082f0f21dc81a315d4c6a75c10f1e27e,virtio_net_udp_roundtrip_ops,ops/s,higher,4099.28466581
windows-whp-virtual-machine,2,1,665de61cf46570b3e51fe6f79720b1abbd0260cc,cold_start_base,ms,lower,524.4
windows-whp-virtual-machine,2,1,665de61cf46570b3e51fe6f79720b1abbd0260cc,cold_start_clocksource,ms,lower,525.2
windows-whp-virtual-machine,2,1,665de61cf46570b3e51fe6f79720b1abbd0260cc,cold_start_cryptomgr_notests,ms,lower,529.2
windows-whp-virtual-machine,2,1,665de61cf46570b3e51fe6f79720b1abbd0260cc,cold_start_mitigations_off,ms,lower,483.3
windows-whp-virtual-machine,2,1,665de61cf46570b3e51fe6f79720b1abbd0260cc,cold_start_no_timer_check,ms,lower,477
windows-whp-virtual-machine,2,1,665de61cf46570b3e51fe6f79720b1abbd0260cc,cold_start_nokaslr,ms,lower,523.3
windows-whp-virtual-machine,2,1,665de61cf46570b3e51fe6f79720b1abbd0260cc,cold_start_random_trust_cpu,ms,lower,533.7
windows-whp-virtual-machine,2,1,665de61cf46570b3e51fe6f79720b1abbd0260cc,cold_start_rcu_expedited,ms,lower,528.4
windows-whp-virtual-machine,2,1,665de61cf46570b3e51fe6f79720b1abbd0260cc,cold_start_tsc_reliable,ms,lower,532.9
windows-whp-virtual-machine,2,1,665de61cf46570b3e51fe6f79720b1abbd0260cc,network_snapshot_cold,ms,lower,543.3
windows-whp-virtual-machine,2,1,665de61cf46570b3e51fe6f79720b1abbd0260cc,network_snapshot_restore,ms,lower,164
windows-whp-virtual-machine,2,1,665de61cf46570b3e51fe6f79720b1abbd0260cc,network_snapshot_restore_wall,ms,lower,238.3
windows-whp-virtual-machine,2,1,665de61cf46570b3e51fe6f79720b1abbd0260cc,openvmm_cold_start,ms,lower,437.11695
windows-whp-virtual-machine,2,1,665de61cf46570b3e51fe6f79720b1abbd0260cc,openvmm_cold_start_guest_exit_teardown,ms,lower,46.2776
windows-whp-virtual-machine,2,1,665de61cf46570b3e51fe6f79720b1abbd0260cc,openvmm_cold_start_peak_rss,MiB,lower,73.98828125
windows-whp-virtual-machine,2,1,665de61cf46570b3e51fe6f79720b1abbd0260cc,openvmm_snapshot_generation,ms,lower,1025.24465
windows-whp-virtual-machine,2,1,665de61cf46570b3e51fe6f79720b1abbd0260cc,openvmm_snapshot_generation_peak_rss,MiB,lower,76.744140625
windows-whp-virtual-machine,2,1,665de61cf46570b3e51fe6f79720b1abbd0260cc,openvmm_snapshot_restore,ms,lower,115.90955
windows-whp-virtual-machine,2,1,665de61cf46570b3e51fe6f79720b1abbd0260cc,openvmm_snapshot_restore_guest_exit_teardown,ms,lower,22.2642
windows-whp-virtual-machine,2,1,665de61cf46570b3e51fe6f79720b1abbd0260cc,openvmm_snapshot_restore_peak_rss,MiB,lower,18.326171875
windows-whp-virtual-machine,2,1,665de61cf46570b3e51fe6f79720b1abbd0260cc,shell_snapshot_cold_128_mib,ms,lower,530.5
windows-whp-virtual-machine,2,1,665de61cf46570b3e51fe6f79720b1abbd0260cc,shell_snapshot_cold_256_mib,ms,lower,537.9
windows-whp-virtual-machine,2,1,665de61cf46570b3e51fe6f79720b1abbd0260cc,shell_snapshot_cold_512_mib,ms,lower,540.6
windows-whp-virtual-machine,2,1,665de61cf46570b3e51fe6f79720b1abbd0260cc,shell_snapshot_restore_128_mib,ms,lower,121.4
windows-whp-virtual-machine,2,1,665de61cf46570b3e51fe6f79720b1abbd0260cc,shell_snapshot_restore_256_mib,ms,lower,118.5
windows-whp-virtual-machine,2,1,665de61cf46570b3e51fe6f79720b1abbd0260cc,shell_snapshot_restore_512_mib,ms,lower,124.5
windows-whp-virtual-machine,2,1,665de61cf46570b3e51fe6f79720b1abbd0260cc,virtfs_live_read,MB/s,higher,1011
windows-whp-virtual-machine,2,1,665de61cf46570b3e51fe6f79720b1abbd0260cc,virtfs_live_roundtrip,ms,lower,766.5
windows-whp-virtual-machine,2,1,665de61cf46570b3e51fe6f79720b1abbd0260cc,virtfs_live_write,MB/s,higher,173.6
windows-whp-virtual-machine,2,1,665de61cf46570b3e51fe6f79720b1abbd0260cc,virtio_blk_random_read_iops,ops/s,higher,7454.56868636
windows-whp-virtual-machine,2,1,665de61cf46570b3e51fe6f79720b1abbd0260cc,virtio_blk_random_write_iops,ops/s,higher,7402.37444398
windows-whp-virtual-machine,2,1,665de61cf46570b3e51fe6f79720b1abbd0260cc,virtio_fs_random_read_iops,ops/s,higher,12811.9558654
windows-whp-virtual-machine,2,1,665de61cf46570b3e51fe6f79720b1abbd0260cc,virtio_fs_random_write_iops,ops/s,higher,12353.6929351
windows-whp-virtual-machine,2,1,665de61cf46570b3e51fe6f79720b1abbd0260cc,virtio_net_udp_roundtrip_ops,ops/s,higher,4925.9659039
windows-whp-virtual-machine,2,1,0b9260fbfce7d5246a6f264c7550c7cfa08f1dbf,cold_start_base,ms,lower,524
windows-whp-virtual-machine,2,1,0b9260fbfce7d5246a6f264c7550c7cfa08f1dbf,cold_start_clocksource,ms,lower,533.9
windows-whp-virtual-machine,2,1,0b9260fbfce7d5246a6f264c7550c7cfa08f1dbf,cold_start_cryptomgr_notests,ms,lower,538.1
windows-whp-virtual-machine,2,1,0b9260fbfce7d5246a6f264c7550c7cfa08f1dbf,cold_start_mitigations_off,ms,lower,500.5
windows-whp-virtual-machine,2,1,0b9260fbfce7d5246a6f264c7550c7cfa08f1dbf,cold_start_no_timer_check,ms,lower,475.6
windows-whp-virtual-machine,2,1,0b9260fbfce7d5246a6f264c7550c7cfa08f1dbf,cold_start_nokaslr,ms,lower,530
windows-whp-virtual-machine,2,1,0b9260fbfce7d5246a6f264c7550c7cfa08f1dbf,cold_start_random_trust_cpu,ms,lower,535.9
windows-whp-virtual-machine,2,1,0b9260fbfce7d5246a6f264c7550c7cfa08f1dbf,cold_start_rcu_expedited,ms,lower,531.1
windows-whp-virtual-machine,2,1,0b9260fbfce7d5246a6f264c7550c7cfa08f1dbf,cold_start_tsc_reliable,ms,lower,525.6
windows-whp-virtual-machine,2,1,0b9260fbfce7d5246a6f264c7550c7cfa08f1dbf,network_snapshot_cold,ms,lower,545.2
windows-whp-virtual-machine,2,1,0b9260fbfce7d5246a6f264c7550c7cfa08f1dbf,network_snapshot_restore,ms,lower,161.6
windows-whp-virtual-machine,2,1,0b9260fbfce7d5246a6f264c7550c7cfa08f1dbf,network_snapshot_restore_wall,ms,lower,232.6
windows-whp-virtual-machine,2,1,0b9260fbfce7d5246a6f264c7550c7cfa08f1dbf,openvmm_cold_start,ms,lower,448.4952
windows-whp-virtual-machine,2,1,0b9260fbfce7d5246a6f264c7550c7cfa08f1dbf,openvmm_cold_start_guest_exit_teardown,ms,lower,48.8013
windows-whp-virtual-machine,2,1,0b9260fbfce7d5246a6f264c7550c7cfa08f1dbf,openvmm_cold_start_peak_rss,MiB,lower,74.00390625
windows-whp-virtual-machine,2,1,0b9260fbfce7d5246a6f264c7550c7cfa08f1dbf,openvmm_snapshot_generation,ms,lower,1015.81595
windows-whp-virtual-machine,2,1,0b9260fbfce7d5246a6f264c7550c7cfa08f1dbf,openvmm_snapshot_generation_peak_rss,MiB,lower,76.734375
windows-whp-virtual-machine,2,1,0b9260fbfce7d5246a6f264c7550c7cfa08f1dbf,openvmm_snapshot_restore,ms,lower,117.11555
windows-whp-virtual-machine,2,1,0b9260fbfce7d5246a6f264c7550c7cfa08f1dbf,openvmm_snapshot_restore_guest_exit_teardown,ms,lower,22.94775
windows-whp-virtual-machine,2,1,0b9260fbfce7d5246a6f264c7550c7cfa08f1dbf,openvmm_snapshot_restore_peak_rss,MiB,lower,18.3046875
windows-whp-virtual-machine,2,1,0b9260fbfce7d5246a6f264c7550c7cfa08f1dbf,shell_snapshot_cold_128_mib,ms,lower,531.1
windows-whp-virtual-machine,2,1,0b9260fbfce7d5246a6f264c7550c7cfa08f1dbf,shell_snapshot_cold_256_mib,ms,lower,534.7
windows-whp-virtual-machine,2,1,0b9260fbfce7d5246a6f264c7550c7cfa08f1dbf,shell_snapshot_cold_512_mib,ms,lower,547.1
windows-whp-virtual-machine,2,1,0b9260fbfce7d5246a6f264c7550c7cfa08f1dbf,shell_snapshot_restore_128_mib,ms,lower,113.3
windows-whp-virtual-machine,2,1,0b9260fbfce7d5246a6f264c7550c7cfa08f1dbf,shell_snapshot_restore_256_mib,ms,lower,121.3
windows-whp-virtual-machine,2,1,0b9260fbfce7d5246a6f264c7550c7cfa08f1dbf,shell_snapshot_restore_512_mib,ms,lower,123.2
windows-whp-virtual-machine,2,1,0b9260fbfce7d5246a6f264c7550c7cfa08f1dbf,virtfs_live_read,MB/s,higher,1500
windows-whp-virtual-machine,2,1,0b9260fbfce7d5246a6f264c7550c7cfa08f1dbf,virtfs_live_roundtrip,ms,lower,762
windows-whp-virtual-machine,2,1,0b9260fbfce7d5246a6f264c7550c7cfa08f1dbf,virtfs_live_write,MB/s,higher,171.2
windows-whp-virtual-machine,2,1,0b9260fbfce7d5246a6f264c7550c7cfa08f1dbf,virtio_blk_random_read_iops,ops/s,higher,7403.70316906
windows-whp-virtual-machine,2,1,0b9260fbfce7d5246a6f264c7550c7cfa08f1dbf,virtio_blk_random_write_iops,ops/s,higher,7389.03462781
windows-whp-virtual-machine,2,1,0b9260fbfce7d5246a6f264c7550c7cfa08f1dbf,virtio_fs_random_read_iops,ops/s,higher,12845.213193
windows-whp-virtual-machine,2,1,0b9260fbfce7d5246a6f264c7550c7cfa08f1dbf,virtio_fs_random_write_iops,ops/s,higher,12198.7238141
windows-whp-virtual-machine,2,1,0b9260fbfce7d5246a6f264c7550c7cfa08f1dbf,virtio_net_udp_roundtrip_ops,ops/s,higher,4878.88372307
windows-whp-virtual-machine,2,1,e05d05ff45f77daa1a733849b8eeb6f293450021,cold_start_base,ms,lower,530
windows-whp-virtual-machine,2,1,e05d05ff45f77daa1a733849b8eeb6f293450021,cold_start_clocksource,ms,lower,521.3
windows-whp-virtual-machine,2,1,e05d05ff45f77daa1a733849b8eeb6f293450021,cold_start_cryptomgr_notests,ms,lower,535.9
windows-whp-virtual-machine,2,1,e05d05ff45f77daa1a733849b8eeb6f293450021,cold_start_mitigations_off,ms,lower,500.5
windows-whp-virtual-machine,2,1,e05d05ff45f77daa1a733849b8eeb6f293450021,cold_start_no_timer_check,ms,lower,476.4
windows-whp-virtual-machine,2,1,e05d05ff45f77daa1a733849b8eeb6f293450021,cold_start_nokaslr,ms,lower,530.9
windows-whp-virtual-machine,2,1,e05d05ff45f77daa1a733849b8eeb6f293450021,cold_start_random_trust_cpu,ms,lower,522.6
windows-whp-virtual-machine,2,1,e05d05ff45f77daa1a733849b8eeb6f293450021,cold_start_rcu_expedited,ms,lower,529.5
windows-whp-virtual-machine,2,1,e05d05ff45f77daa1a733849b8eeb6f293450021,cold_start_tsc_reliable,ms,lower,529.2
windows-whp-virtual-machine,2,1,e05d05ff45f77daa1a733849b8eeb6f293450021,network_snapshot_cold,ms,lower,540.8
windows-whp-virtual-machine,2,1,e05d05ff45f77daa1a733849b8eeb6f293450021,network_snapshot_restore,ms,lower,158.3
windows-whp-virtual-machine,2,1,e05d05ff45f77daa1a733849b8eeb6f293450021,network_snapshot_restore_wall,ms,lower,234.9
windows-whp-virtual-machine,2,1,e05d05ff45f77daa1a733849b8eeb6f293450021,openvmm_cold_start,ms,lower,450.25725
windows-whp-virtual-machine,2,1,e05d05ff45f77daa1a733849b8eeb6f293450021,openvmm_cold_start_guest_exit_teardown,ms,lower,48.39455
windows-whp-virtual-machine,2,1,e05d05ff45f77daa1a733849b8eeb6f293450021,openvmm_cold_start_peak_rss,MiB,lower,73.99609375
windows-whp-virtual-machine,2,1,e05d05ff45f77daa1a733849b8eeb6f293450021,openvmm_snapshot_generation,ms,lower,1026.53455
windows-whp-virtual-machine,2,1,e05d05ff45f77daa1a733849b8eeb6f293450021,openvmm_snapshot_generation_peak_rss,MiB,lower,76.744140625
windows-whp-virtual-machine,2,1,e05d05ff45f77daa1a733849b8eeb6f293450021,openvmm_snapshot_restore,ms,lower,116.6956
windows-whp-virtual-machine,2,1,e05d05ff45f77daa1a733849b8eeb6f293450021,openvmm_snapshot_restore_guest_exit_teardown,ms,lower,22.3646
windows-whp-virtual-machine,2,1,e05d05ff45f77daa1a733849b8eeb6f293450021,openvmm_snapshot_restore_peak_rss,MiB,lower,18.37890625
windows-whp-virtual-machine,2,1,e05d05ff45f77daa1a733849b8eeb6f293450021,shell_snapshot_cold_128_mib,ms,lower,532.3
windows-whp-virtual-machine,2,1,e05d05ff45f77daa1a733849b8eeb6f293450021,shell_snapshot_cold_256_mib,ms,lower,537.1
windows-whp-virtual-machine,2,1,e05d05ff45f77daa1a733849b8eeb6f293450021,shell_snapshot_cold_512_mib,ms,lower,545
windows-whp-virtual-machine,2,1,e05d05ff45f77daa1a733849b8eeb6f293450021,shell_snapshot_restore_128_mib,ms,lower,120.6
windows-whp-virtual-machine,2,1,e05d05ff45f77daa1a733849b8eeb6f293450021,shell_snapshot_restore_256_mib,ms,lower,121.3
windows-whp-virtual-machine,2,1,e05d05ff45f77daa1a733849b8eeb6f293450021,shell_snapshot_restore_512_mib,ms,lower,121.3
windows-whp-virtual-machine,2,1,e05d05ff45f77daa1a733849b8eeb6f293450021,virtfs_live_read,MB/s,higher,1003.2
windows-whp-virtual-machine,2,1,e05d05ff45f77daa1a733849b8eeb6f293450021,virtfs_live_roundtrip,ms,lower,781.2
windows-whp-virtual-machine,2,1,e05d05ff45f77daa1a733849b8eeb6f293450021,virtfs_live_write,MB/s,higher,175.2
windows-whp-virtual-machine,2,1,e05d05ff45f77daa1a733849b8eeb6f293450021,virtio_blk_random_read_iops,ops/s,higher,7676.5067017
windows-whp-virtual-machine,2,1,e05d05ff45f77daa1a733849b8eeb6f293450021,virtio_blk_random_write_iops,ops/s,higher,7229.58160382
windows-whp-virtual-machine,2,1,e05d05ff45f77daa1a733849b8eeb6f293450021,virtio_fs_random_read_iops,ops/s,higher,12930.5155096
windows-whp-virtual-machine,2,1,e05d05ff45f77daa1a733849b8eeb6f293450021,virtio_fs_random_write_iops,ops/s,higher,12401.770021
windows-whp-virtual-machine,2,1,e05d05ff45f77daa1a733849b8eeb6f293450021,virtio_net_udp_roundtrip_ops,ops/s,higher,4895.06356414
windows-whp-virtual-machine,2,1,1d68e7040479a1d25d09f38fe759589e315d125e,cold_start_base,ms,lower,609
windows-whp-virtual-machine,2,1,1d68e7040479a1d25d09f38fe759589e315d125e,cold_start_clocksource,ms,lower,591.1
windows-whp-virtual-machine,2,1,1d68e7040479a1d25d09f38fe759589e315d125e,cold_start_cryptomgr_notests,ms,lower,583.3
windows-whp-virtual-machine,2,1,1d68e7040479a1d25d09f38fe759589e315d125e,cold_start_mitigations_off,ms,lower,551.4
windows-whp-virtual-machine,2,1,1d68e7040479a1d25d09f38fe759589e315d125e,cold_start_no_timer_check,ms,lower,541.8
windows-whp-virtual-machine,2,1,1d68e7040479a1d25d09f38fe759589e315d125e,cold_start_nokaslr,ms,lower,596.1
windows-whp-virtual-machine,2,1,1d68e7040479a1d25d09f38fe759589e315d125e,cold_start_random_trust_cpu,ms,lower,593.4
windows-whp-virtual-machine,2,1,1d68e7040479a1d25d09f38fe759589e315d125e,cold_start_rcu_expedited,ms,lower,595.4
windows-whp-virtual-machine,2,1,1d68e7040479a1d25d09f38fe759589e315d125e,cold_start_tsc_reliable,ms,lower,588.6
windows-whp-virtual-machine,2,1,1d68e7040479a1d25d09f38fe759589e315d125e,network_snapshot_cold,ms,lower,614.6
windows-whp-virtual-machine,2,1,1d68e7040479a1d25d09f38fe759589e315d125e,network_snapshot_restore,ms,lower,178
windows-whp-virtual-machine,2,1,1d68e7040479a1d25d09f38fe759589e315d125e,network_snapshot_restore_wall,ms,lower,262.7
windows-whp-virtual-machine,2,1,1d68e7040479a1d25d09f38fe759589e315d125e,openvmm_cold_start,ms,lower,508.0922
windows-whp-virtual-machine,2,1,1d68e7040479a1d25d09f38fe759589e315d125e,openvmm_cold_start_guest_exit_teardown,ms,lower,52.8036
windows-whp-virtual-machine,2,1,1d68e7040479a1d25d09f38fe759589e315d125e,openvmm_cold_start_peak_rss,MiB,lower,74.00390625
windows-whp-virtual-machine,2,1,1d68e7040479a1d25d09f38fe759589e315d125e,openvmm_snapshot_generation,ms,lower,1065.219
windows-whp-virtual-machine,2,1,1d68e7040479a1d25d09f38fe759589e315d125e,openvmm_snapshot_generation_peak_rss,MiB,lower,76.74609375
windows-whp-virtual-machine,2,1,1d68e7040479a1d25d09f38fe759589e315d125e,openvmm_snapshot_restore,ms,lower,132.706
windows-whp-virtual-machine,2,1,1d68e7040479a1d25d09f38fe759589e315d125e,openvmm_snapshot_restore_guest_exit_teardown,ms,lower,23.70115
windows-whp-virtual-machine,2,1,1d68e7040479a1d25d09f38fe759589e315d125e,openvmm_snapshot_restore_peak_rss,MiB,lower,18.375
windows-whp-virtual-machine,2,1,1d68e7040479a1d25d09f38fe759589e315d125e,shell_snapshot_cold_128_mib,ms,lower,596.9
windows-whp-virtual-machine,2,1,1d68e7040479a1d25d09f38fe759589e315d125e,shell_snapshot_cold_256_mib,ms,lower,597.1
windows-whp-virtual-machine,2,1,1d68e7040479a1d25d09f38fe759589e315d125e,shell_snapshot_cold_512_mib,ms,lower,598.7
windows-whp-virtual-machine,2,1,1d68e7040479a1d25d09f38fe759589e315d125e,shell_snapshot_restore_128_mib,ms,lower,132.1
windows-whp-virtual-machine,2,1,1d68e7040479a1d25d09f38fe759589e315d125e,shell_snapshot_restore_256_mib,ms,lower,138.8
windows-whp-virtual-machine,2,1,1d68e7040479a1d25d09f38fe759589e315d125e,shell_snapshot_restore_512_mib,ms,lower,134.6
windows-whp-virtual-machine,2,1,1d68e7040479a1d25d09f38fe759589e315d125e,virtfs_live_read,MB/s,higher,1300
windows-whp-virtual-machine,2,1,1d68e7040479a1d25d09f38fe759589e315d125e,virtfs_live_roundtrip,ms,lower,854.1
windows-whp-virtual-machine,2,1,1d68e7040479a1d25d09f38fe759589e315d125e,virtfs_live_write,MB/s,higher,168.2
windows-whp-virtual-machine,2,1,1d68e7040479a1d25d09f38fe759589e315d125e,virtio_blk_random_read_iops,ops/s,higher,6306.73451709
windows-whp-virtual-machine,2,1,1d68e7040479a1d25d09f38fe759589e315d125e,virtio_blk_random_write_iops,ops/s,higher,6281.10477711
windows-whp-virtual-machine,2,1,1d68e7040479a1d25d09f38fe759589e315d125e,virtio_fs_random_read_iops,ops/s,higher,10442.1199563
windows-whp-virtual-machine,2,1,1d68e7040479a1d25d09f38fe759589e315d125e,virtio_fs_random_write_iops,ops/s,higher,10202.9088426
windows-whp-virtual-machine,2,1,1d68e7040479a1d25d09f38fe759589e315d125e,virtio_net_udp_roundtrip_ops,ops/s,higher,4203.05199675
windows-whp-virtual-machine,2,1,06a42f826c1a581b5b8a0508917ac9f2e4346a6d,cold_start_base,ms,lower,589.2
windows-whp-virtual-machine,2,1,06a42f826c1a581b5b8a0508917ac9f2e4346a6d,cold_start_clocksource,ms,lower,589.4
windows-whp-virtual-machine,2,1,06a42f826c1a581b5b8a0508917ac9f2e4346a6d,cold_start_cryptomgr_notests,ms,lower,591.7
windows-whp-virtual-machine,2,1,06a42f826c1a581b5b8a0508917ac9f2e4346a6d,cold_start_mitigations_off,ms,lower,547.7
windows-whp-virtual-machine,2,1,06a42f826c1a581b5b8a0508917ac9f2e4346a6d,cold_start_no_timer_check,ms,lower,544.7
windows-whp-virtual-machine,2,1,06a42f826c1a581b5b8a0508917ac9f2e4346a6d,cold_start_nokaslr,ms,lower,592.1
windows-whp-virtual-machine,2,1,06a42f826c1a581b5b8a0508917ac9f2e4346a6d,cold_start_random_trust_cpu,ms,lower,588.1
windows-whp-virtual-machine,2,1,06a42f826c1a581b5b8a0508917ac9f2e4346a6d,cold_start_rcu_expedited,ms,lower,588.9
windows-whp-virtual-machine,2,1,06a42f826c1a581b5b8a0508917ac9f2e4346a6d,cold_start_tsc_reliable,ms,lower,587.3
windows-whp-virtual-machine,2,1,06a42f826c1a581b5b8a0508917ac9f2e4346a6d,network_snapshot_cold,ms,lower,606.2
windows-whp-virtual-machine,2,1,06a42f826c1a581b5b8a0508917ac9f2e4346a6d,network_snapshot_restore,ms,lower,179.8
windows-whp-virtual-machine,2,1,06a42f826c1a581b5b8a0508917ac9f2e4346a6d,network_snapshot_restore_wall,ms,lower,264.6
windows-whp-virtual-machine,2,1,06a42f826c1a581b5b8a0508917ac9f2e4346a6d,openvmm_cold_start,ms,lower,513.62255
windows-whp-virtual-machine,2,1,06a42f826c1a581b5b8a0508917ac9f2e4346a6d,openvmm_cold_start_guest_exit_teardown,ms,lower,54.1724
windows-whp-virtual-machine,2,1,06a42f826c1a581b5b8a0508917ac9f2e4346a6d,openvmm_cold_start_peak_rss,MiB,lower,73.998046875
windows-whp-virtual-machine,2,1,06a42f826c1a581b5b8a0508917ac9f2e4346a6d,openvmm_snapshot_generation,ms,lower,1069.24835
windows-whp-virtual-machine,2,1,06a42f826c1a581b5b8a0508917ac9f2e4346a6d,openvmm_snapshot_generation_peak_rss,MiB,lower,76.734375
windows-whp-virtual-machine,2,1,06a42f826c1a581b5b8a0508917ac9f2e4346a6d,openvmm_snapshot_restore,ms,lower,132.2698
windows-whp-virtual-machine,2,1,06a42f826c1a581b5b8a0508917ac9f2e4346a6d,openvmm_snapshot_restore_guest_exit_teardown,ms,lower,23.68205
windows-whp-virtual-machine,2,1,06a42f826c1a581b5b8a0508917ac9f2e4346a6d,openvmm_snapshot_restore_peak_rss,MiB,lower,18.337890625
windows-whp-virtual-machine,2,1,06a42f826c1a581b5b8a0508917ac9f2e4346a6d,shell_snapshot_cold_128_mib,ms,lower,575.5
windows-whp-virtual-machine,2,1,06a42f826c1a581b5b8a0508917ac9f2e4346a6d,shell_snapshot_cold_256_mib,ms,lower,594
windows-whp-virtual-machine,2,1,06a42f826c1a581b5b8a0508917ac9f2e4346a6d,shell_snapshot_cold_512_mib,ms,lower,607.4
windows-whp-virtual-machine,2,1,06a42f826c1a581b5b8a0508917ac9f2e4346a6d,shell_snapshot_restore_128_mib,ms,lower,129.6
windows-whp-virtual-machine,2,1,06a42f826c1a581b5b8a0508917ac9f2e4346a6d,shell_snapshot_restore_256_mib,ms,lower,131.9
windows-whp-virtual-machine,2,1,06a42f826c1a581b5b8a0508917ac9f2e4346a6d,shell_snapshot_restore_512_mib,ms,lower,135.2
windows-whp-virtual-machine,2,1,06a42f826c1a581b5b8a0508917ac9f2e4346a6d,virtfs_live_read,MB/s,higher,1600
windows-whp-virtual-machine,2,1,06a42f826c1a581b5b8a0508917ac9f2e4346a6d,virtfs_live_roundtrip,ms,lower,843.7
windows-whp-virtual-machine,2,1,06a42f826c1a581b5b8a0508917ac9f2e4346a6d,virtfs_live_write,MB/s,higher,167.8
windows-whp-virtual-machine,2,1,06a42f826c1a581b5b8a0508917ac9f2e4346a6d,virtio_blk_random_read_iops,ops/s,higher,6405.25008512
windows-whp-virtual-machine,2,1,06a42f826c1a581b5b8a0508917ac9f2e4346a6d,virtio_blk_random_write_iops,ops/s,higher,6341.81444055
windows-whp-virtual-machine,2,1,06a42f826c1a581b5b8a0508917ac9f2e4346a6d,virtio_fs_random_read_iops,ops/s,higher,10593.342579
windows-whp-virtual-machine,2,1,06a42f826c1a581b5b8a0508917ac9f2e4346a6d,virtio_fs_random_write_iops,ops/s,higher,10638.18202
windows-whp-virtual-machine,2,1,06a42f826c1a581b5b8a0508917ac9f2e4346a6d,virtio_net_udp_roundtrip_ops,ops/s,higher,4284.76579574
windows-whp-virtual-machine,2,1,81238bb0b30ff36c222cb438c0d222d8f004a1c4,cold_start_base,ms,lower,521.3
windows-whp-virtual-machine,2,1,81238bb0b30ff36c222cb438c0d222d8f004a1c4,cold_start_clocksource,ms,lower,518.5
windows-whp-virtual-machine,2,1,81238bb0b30ff36c222cb438c0d222d8f004a1c4,cold_start_cryptomgr_notests,ms,lower,519.6
windows-whp-virtual-machine,2,1,81238bb0b30ff36c222cb438c0d222d8f004a1c4,cold_start_mitigations_off,ms,lower,476.8
windows-whp-virtual-machine,2,1,81238bb0b30ff36c222cb438c0d222d8f004a1c4,cold_start_no_timer_check,ms,lower,463.6
windows-whp-virtual-machine,2,1,81238bb0b30ff36c222cb438c0d222d8f004a1c4,cold_start_nokaslr,ms,lower,517.2
windows-whp-virtual-machine,2,1,81238bb0b30ff36c222cb438c0d222d8f004a1c4,cold_start_random_trust_cpu,ms,lower,516.7
windows-whp-virtual-machine,2,1,81238bb0b30ff36c222cb438c0d222d8f004a1c4,cold_start_rcu_expedited,ms,lower,518.2
windows-whp-virtual-machine,2,1,81238bb0b30ff36c222cb438c0d222d8f004a1c4,cold_start_tsc_reliable,ms,lower,516.8
windows-whp-virtual-machine,2,1,81238bb0b30ff36c222cb438c0d222d8f004a1c4,network_snapshot_cold,ms,lower,522.7
windows-whp-virtual-machine,2,1,81238bb0b30ff36c222cb438c0d222d8f004a1c4,network_snapshot_restore,ms,lower,144.9
windows-whp-virtual-machine,2,1,81238bb0b30ff36c222cb438c0d222d8f004a1c4,network_snapshot_restore_wall,ms,lower,212
windows-whp-virtual-machine,2,1,81238bb0b30ff36c222cb438c0d222d8f004a1c4,openvmm_cold_start,ms,lower,436.01565
windows-whp-virtual-machine,2,1,81238bb0b30ff36c222cb438c0d222d8f004a1c4,openvmm_cold_start_guest_exit_teardown,ms,lower,46.7342
windows-whp-virtual-machine,2,1,81238bb0b30ff36c222cb438c0d222d8f004a1c4,openvmm_cold_start_peak_rss,MiB,lower,73.81640625
windows-whp-virtual-machine,2,1,81238bb0b30ff36c222cb438c0d222d8f004a1c4,openvmm_snapshot_generation,ms,lower,972.6211
windows-whp-virtual-machine,2,1,81238bb0b30ff36c222cb438c0d222d8f004a1c4,openvmm_snapshot_generation_peak_rss,MiB,lower,76.587890625
windows-whp-virtual-machine,2,1,81238bb0b30ff36c222cb438c0d222d8f004a1c4,openvmm_snapshot_restore,ms,lower,115.67455
windows-whp-virtual-machine,2,1,81238bb0b30ff36c222cb438c0d222d8f004a1c4,openvmm_snapshot_restore_guest_exit_teardown,ms,lower,21.37255
windows-whp-virtual-machine,2,1,81238bb0b30ff36c222cb438c0d222d8f004a1c4,openvmm_snapshot_restore_peak_rss,MiB,lower,18.216796875
windows-whp-virtual-machine,2,1,81238bb0b30ff36c222cb438c0d222d8f004a1c4,shell_snapshot_cold_128_mib,ms,lower,511.7
windows-whp-virtual-machine,2,1,81238bb0b30ff36c222cb438c0d222d8f004a1c4,shell_snapshot_cold_256_mib,ms,lower,518
windows-whp-virtual-machine,2,1,81238bb0b30ff36c222cb438c0d222d8f004a1c4,shell_snapshot_cold_512_mib,ms,lower,527.9
windows-whp-virtual-machine,2,1,81238bb0b30ff36c222cb438c0d222d8f004a1c4,shell_snapshot_restore_128_mib,ms,lower,128
windows-whp-virtual-machine,2,1,81238bb0b30ff36c222cb438c0d222d8f004a1c4,shell_snapshot_restore_256_mib,ms,lower,127.8
windows-whp-virtual-machine,2,1,81238bb0b30ff36c222cb438c0d222d8f004a1c4,shell_snapshot_restore_512_mib,ms,lower,128
windows-whp-virtual-machine,2,1,81238bb0b30ff36c222cb438c0d222d8f004a1c4,virtfs_live_read,MB/s,higher,1009.1
windows-whp-virtual-machine,2,1,81238bb0b30ff36c222cb438c0d222d8f004a1c4,virtfs_live_roundtrip,ms,lower,729.2
windows-whp-virtual-machine,2,1,81238bb0b30ff36c222cb438c0d222d8f004a1c4,virtfs_live_write,MB/s,higher,178.8
windows-whp-virtual-machine,2,1,81238bb0b30ff36c222cb438c0d222d8f004a1c4,virtio_blk_random_read_iops,ops/s,higher,7612.37368153
windows-whp-virtual-machine,2,1,81238bb0b30ff36c222cb438c0d222d8f004a1c4,virtio_blk_random_write_iops,ops/s,higher,7532.09654139
windows-whp-virtual-machine,2,1,81238bb0b30ff36c222cb438c0d222d8f004a1c4,virtio_fs_random_read_iops,ops/s,higher,12144.2975835
windows-whp-virtual-machine,2,1,81238bb0b30ff36c222cb438c0d222d8f004a1c4,virtio_fs_random_write_iops,ops/s,higher,11752.9049536
windows-whp-virtual-machine,2,1,81238bb0b30ff36c222cb438c0d222d8f004a1c4,virtio_net_udp_roundtrip_ops,ops/s,higher,4828.16242916
windows-whp-virtual-machine,2,1,454eea10992a66154b88fc8fa2cc205910aab527,cold_start_base,ms,lower,603.1
windows-whp-virtual-machine,2,1,454eea10992a66154b88fc8fa2cc205910aab527,cold_start_clocksource,ms,lower,603.6
windows-whp-virtual-machine,2,1,454eea10992a66154b88fc8fa2cc205910aab527,cold_start_cryptomgr_notests,ms,lower,601.6
windows-whp-virtual-machine,2,1,454eea10992a66154b88fc8fa2cc205910aab527,cold_start_mitigations_off,ms,lower,569.5
windows-whp-virtual-machine,2,1,454eea10992a66154b88fc8fa2cc205910aab527,cold_start_no_timer_check,ms,lower,557.2
windows-whp-virtual-machine,2,1,454eea10992a66154b88fc8fa2cc205910aab527,cold_start_nokaslr,ms,lower,614
windows-whp-virtual-machine,2,1,454eea10992a66154b88fc8fa2cc205910aab527,cold_start_random_trust_cpu,ms,lower,609.8
windows-whp-virtual-machine,2,1,454eea10992a66154b88fc8fa2cc205910aab527,cold_start_rcu_expedited,ms,lower,614.2
windows-whp-virtual-machine,2,1,454eea10992a66154b88fc8fa2cc205910aab527,cold_start_tsc_reliable,ms,lower,603.2
windows-whp-virtual-machine,2,1,454eea10992a66154b88fc8fa2cc205910aab527,network_snapshot_cold,ms,lower,614.7
windows-whp-virtual-machine,2,1,454eea10992a66154b88fc8fa2cc205910aab527,network_snapshot_restore,ms,lower,194.8
windows-whp-virtual-machine,2,1,454eea10992a66154b88fc8fa2cc205910aab527,network_snapshot_restore_wall,ms,lower,282.7
windows-whp-virtual-machine,2,1,454eea10992a66154b88fc8fa2cc205910aab527,openvmm_cold_start,ms,lower,514.57205
windows-whp-virtual-machine,2,1,454eea10992a66154b88fc8fa2cc205910aab527,openvmm_cold_start_guest_exit_teardown,ms,lower,55.86
windows-whp-virtual-machine,2,1,454eea10992a66154b88fc8fa2cc205910aab527,openvmm_cold_start_peak_rss,MiB,lower,73.767578125
windows-whp-virtual-machine,2,1,454eea10992a66154b88fc8fa2cc205910aab527,openvmm_snapshot_generation,ms,lower,1095.42295
windows-whp-virtual-machine,2,1,454eea10992a66154b88fc8fa2cc205910aab527,openvmm_snapshot_generation_peak_rss,MiB,lower,76.546875
windows-whp-virtual-machine,2,1,454eea10992a66154b88fc8fa2cc205910aab527,openvmm_snapshot_restore,ms,lower,150.59985
windows-whp-virtual-machine,2,1,454eea10992a66154b88fc8fa2cc205910aab527,openvmm_snapshot_restore_guest_exit_teardown,ms,lower,25.35055
windows-whp-virtual-machine,2,1,454eea10992a66154b88fc8fa2cc205910aab527,openvmm_snapshot_restore_peak_rss,MiB,lower,18.2109375
windows-whp-virtual-machine,2,1,454eea10992a66154b88fc8fa2cc205910aab527,shell_snapshot_cold_128_mib,ms,lower,622.5
windows-whp-virtual-machine,2,1,454eea10992a66154b88fc8fa2cc205910aab527,shell_snapshot_cold_256_mib,ms,lower,623.3
windows-whp-virtual-machine,2,1,454eea10992a66154b88fc8fa2cc205910aab527,shell_snapshot_cold_512_mib,ms,lower,618.2
windows-whp-virtual-machine,2,1,454eea10992a66154b88fc8fa2cc205910aab527,shell_snapshot_restore_128_mib,ms,lower,137.6
windows-whp-virtual-machine,2,1,454eea10992a66154b88fc8fa2cc205910aab527,shell_snapshot_restore_256_mib,ms,lower,148.9
windows-whp-virtual-machine,2,1,454eea10992a66154b88fc8fa2cc205910aab527,shell_snapshot_restore_512_mib,ms,lower,140.6
windows-whp-virtual-machine,2,1,454eea10992a66154b88fc8fa2cc205910aab527,virtfs_live_read,MB/s,higher,971.8
windows-whp-virtual-machine,2,1,454eea10992a66154b88fc8fa2cc205910aab527,virtfs_live_roundtrip,ms,lower,856.9
windows-whp-virtual-machine,2,1,454eea10992a66154b88fc8fa2cc205910aab527,virtfs_live_write,MB/s,higher,123.4
windows-whp-virtual-machine,2,1,454eea10992a66154b88fc8fa2cc205910aab527,virtio_blk_random_read_iops,ops/s,higher,6159.95293278
windows-whp-virtual-machine,2,1,454eea10992a66154b88fc8fa2cc205910aab527,virtio_blk_random_write_iops,ops/s,higher,5989.1501348
windows-whp-virtual-machine,2,1,454eea10992a66154b88fc8fa2cc205910aab527,virtio_fs_random_read_iops,ops/s,higher,9644.30100765
windows-whp-virtual-machine,2,1,454eea10992a66154b88fc8fa2cc205910aab527,virtio_fs_random_write_iops,ops/s,higher,9814.58880249
windows-whp-virtual-machine,2,1,454eea10992a66154b88fc8fa2cc205910aab527,virtio_net_udp_roundtrip_ops,ops/s,higher,4099.46368045
windows-whp-virtual-machine,2,1,a9202f8632f8cb9076a72898d3759658c726d370,cold_start_base,ms,lower,532.4
windows-whp-virtual-machine,2,1,a9202f8632f8cb9076a72898d3759658c726d370,cold_start_clocksource,ms,lower,520.7
windows-whp-virtual-machine,2,1,a9202f8632f8cb9076a72898d3759658c726d370,cold_start_cryptomgr_notests,ms,lower,524.4
windows-whp-virtual-machine,2,1,a9202f8632f8cb9076a72898d3759658c726d370,cold_start_mitigations_off,ms,lower,483.1
windows-whp-virtual-machine,2,1,a9202f8632f8cb9076a72898d3759658c726d370,cold_start_no_timer_check,ms,lower,469.9
windows-whp-virtual-machine,2,1,a9202f8632f8cb9076a72898d3759658c726d370,cold_start_nokaslr,ms,lower,517.5
windows-whp-virtual-machine,2,1,a9202f8632f8cb9076a72898d3759658c726d370,cold_start_random_trust_cpu,ms,lower,523.9
windows-whp-virtual-machine,2,1,a9202f8632f8cb9076a72898d3759658c726d370,cold_start_rcu_expedited,ms,lower,527.7
windows-whp-virtual-machine,2,1,a9202f8632f8cb9076a72898d3759658c726d370,cold_start_tsc_reliable,ms,lower,527.9
windows-whp-virtual-machine,2,1,a9202f8632f8cb9076a72898d3759658c726d370,network_snapshot_cold,ms,lower,531.3
windows-whp-virtual-machine,2,1,a9202f8632f8cb9076a72898d3759658c726d370,network_snapshot_restore,ms,lower,164.9
windows-whp-virtual-machine,2,1,a9202f8632f8cb9076a72898d3759658c726d370,network_snapshot_restore_wall,ms,lower,235.5
windows-whp-virtual-machine,2,1,a9202f8632f8cb9076a72898d3759658c726d370,openvmm_cold_start,ms,lower,438.77065
windows-whp-virtual-machine,2,1,a9202f8632f8cb9076a72898d3759658c726d370,openvmm_cold_start_guest_exit_teardown,ms,lower,49.7196
windows-whp-virtual-machine,2,1,a9202f8632f8cb9076a72898d3759658c726d370,openvmm_cold_start_peak_rss,MiB,lower,73.791015625
windows-whp-virtual-machine,2,1,a9202f8632f8cb9076a72898d3759658c726d370,openvmm_snapshot_generation,ms,lower,953.92105
windows-whp-virtual-machine,2,1,a9202f8632f8cb9076a72898d3759658c726d370,openvmm_snapshot_generation_peak_rss,MiB,lower,76.54296875
windows-whp-virtual-machine,2,1,a9202f8632f8cb9076a72898d3759658c726d370,openvmm_snapshot_restore,ms,lower,119.07345
windows-whp-virtual-machine,2,1,a9202f8632f8cb9076a72898d3759658c726d370,openvmm_snapshot_restore_guest_exit_teardown,ms,lower,20.85755
windows-whp-virtual-machine,2,1,a9202f8632f8cb9076a72898d3759658c726d370,openvmm_snapshot_restore_peak_rss,MiB,lower,18.244140625
windows-whp-virtual-machine,2,1,a9202f8632f8cb9076a72898d3759658c726d370,shell_snapshot_cold_128_mib,ms,lower,517.6
windows-whp-virtual-machine,2,1,a9202f8632f8cb9076a72898d3759658c726d370,shell_snapshot_cold_256_mib,ms,lower,531.6
windows-whp-virtual-machine,2,1,a9202f8632f8cb9076a72898d3759658c726d370,shell_snapshot_cold_512_mib,ms,lower,531.6
windows-whp-virtual-machine,2,1,a9202f8632f8cb9076a72898d3759658c726d370,shell_snapshot_restore_128_mib,ms,lower,125.1
windows-whp-virtual-machine,2,1,a9202f8632f8cb9076a72898d3759658c726d370,shell_snapshot_restore_256_mib,ms,lower,126.1
windows-whp-virtual-machine,2,1,a9202f8632f8cb9076a72898d3759658c726d370,shell_snapshot_restore_512_mib,ms,lower,117.6
windows-whp-virtual-machine,2,1,a9202f8632f8cb9076a72898d3759658c726d370,virtfs_live_read,MB/s,higher,1000
windows-whp-virtual-machine,2,1,a9202f8632f8cb9076a72898d3759658c726d370,virtfs_live_roundtrip,ms,lower,733
windows-whp-virtual-machine,2,1,a9202f8632f8cb9076a72898d3759658c726d370,virtfs_live_write,MB/s,higher,177.1
windows-whp-virtual-machine,2,1,a9202f8632f8cb9076a72898d3759658c726d370,virtio_blk_random_read_iops,ops/s,higher,7657.47570943
windows-whp-virtual-machine,2,1,a9202f8632f8cb9076a72898d3759658c726d370,virtio_blk_random_write_iops,ops/s,higher,7424.60328045
windows-whp-virtual-machine,2,1,a9202f8632f8cb9076a72898d3759658c726d370,virtio_fs_random_read_iops,ops/s,higher,11548.1267595
windows-whp-virtual-machine,2,1,a9202f8632f8cb9076a72898d3759658c726d370,virtio_fs_random_write_iops,ops/s,higher,12107.847088
windows-whp-virtual-machine,2,1,a9202f8632f8cb9076a72898d3759658c726d370,virtio_net_udp_roundtrip_ops,ops/s,higher,4852.02794889
windows-whp-virtual-machine,2,1,2bbf39bd10852d76b6a0791638e0ae45e434c8fc,cold_start_base,ms,lower,536.4
windows-whp-virtual-machine,2,1,2bbf39bd10852d76b6a0791638e0ae45e434c8fc,cold_start_clocksource,ms,lower,536.8
windows-whp-virtual-machine,2,1,2bbf39bd10852d76b6a0791638e0ae45e434c8fc,cold_start_cryptomgr_notests,ms,lower,535.6
windows-whp-virtual-machine,2,1,2bbf39bd10852d76b6a0791638e0ae45e434c8fc,cold_start_mitigations_off,ms,lower,498.3
windows-whp-virtual-machine,2,1,2bbf39bd10852d76b6a0791638e0ae45e434c8fc,cold_start_no_timer_check,ms,lower,485.2
windows-whp-virtual-machine,2,1,2bbf39bd10852d76b6a0791638e0ae45e434c8fc,cold_start_nokaslr,ms,lower,530.3
windows-whp-virtual-machine,2,1,2bbf39bd10852d76b6a0791638e0ae45e434c8fc,cold_start_random_trust_cpu,ms,lower,538.8
windows-whp-virtual-machine,2,1,2bbf39bd10852d76b6a0791638e0ae45e434c8fc,cold_start_rcu_expedited,ms,lower,532.9
windows-whp-virtual-machine,2,1,2bbf39bd10852d76b6a0791638e0ae45e434c8fc,cold_start_tsc_reliable,ms,lower,537.2
windows-whp-virtual-machine,2,1,2bbf39bd10852d76b6a0791638e0ae45e434c8fc,network_snapshot_cold,ms,lower,544.9
windows-whp-virtual-machine,2,1,2bbf39bd10852d76b6a0791638e0ae45e434c8fc,network_snapshot_restore,ms,lower,164.2
windows-whp-virtual-machine,2,1,2bbf39bd10852d76b6a0791638e0ae45e434c8fc,network_snapshot_restore_wall,ms,lower,239.2
windows-whp-virtual-machine,2,1,2bbf39bd10852d76b6a0791638e0ae45e434c8fc,openvmm_cold_start,ms,lower,442.6258
windows-whp-virtual-machine,2,1,2bbf39bd10852d76b6a0791638e0ae45e434c8fc,openvmm_cold_start_guest_exit_teardown,ms,lower,50.26005
windows-whp-virtual-machine,2,1,2bbf39bd10852d76b6a0791638e0ae45e434c8fc,openvmm_cold_start_peak_rss,MiB,lower,73.775390625
windows-whp-virtual-machine,2,1,2bbf39bd10852d76b6a0791638e0ae45e434c8fc,openvmm_snapshot_generation,ms,lower,1000.4397
windows-whp-virtual-machine,2,1,2bbf39bd10852d76b6a0791638e0ae45e434c8fc,openvmm_snapshot_generation_peak_rss,MiB,lower,76.5390625
windows-whp-virtual-machine,2,1,2bbf39bd10852d76b6a0791638e0ae45e434c8fc,openvmm_snapshot_restore,ms,lower,118.9132
windows-whp-virtual-machine,2,1,2bbf39bd10852d76b6a0791638e0ae45e434c8fc,openvmm_snapshot_restore_guest_exit_teardown,ms,lower,23.0422
windows-whp-virtual-machine,2,1,2bbf39bd10852d76b6a0791638e0ae45e434c8fc,openvmm_snapshot_restore_peak_rss,MiB,lower,18.26171875
windows-whp-virtual-machine,2,1,2bbf39bd10852d76b6a0791638e0ae45e434c8fc,shell_snapshot_cold_128_mib,ms,lower,538.1
windows-whp-virtual-machine,2,1,2bbf39bd10852d76b6a0791638e0ae45e434c8fc,shell_snapshot_cold_256_mib,ms,lower,542
windows-whp-virtual-machine,2,1,2bbf39bd10852d76b6a0791638e0ae45e434c8fc,shell_snapshot_cold_512_mib,ms,lower,553.7
windows-whp-virtual-machine,2,1,2bbf39bd10852d76b6a0791638e0ae45e434c8fc,shell_snapshot_restore_128_mib,ms,lower,115.4
windows-whp-virtual-machine,2,1,2bbf39bd10852d76b6a0791638e0ae45e434c8fc,shell_snapshot_restore_256_mib,ms,lower,116.8
windows-whp-virtual-machine,2,1,2bbf39bd10852d76b6a0791638e0ae45e434c8fc,shell_snapshot_restore_512_mib,ms,lower,116.9
windows-whp-virtual-machine,2,1,2bbf39bd10852d76b6a0791638e0ae45e434c8fc,virtfs_live_read,MB/s,higher,1259.5
windows-whp-virtual-machine,2,1,2bbf39bd10852d76b6a0791638e0ae45e434c8fc,virtfs_live_roundtrip,ms,lower,774.5
windows-whp-virtual-machine,2,1,2bbf39bd10852d76b6a0791638e0ae45e434c8fc,virtfs_live_write,MB/s,higher,175.2
windows-whp-virtual-machine,2,1,2bbf39bd10852d76b6a0791638e0ae45e434c8fc,virtio_blk_random_read_iops,ops/s,higher,7230.08562843
windows-whp-virtual-machine,2,1,2bbf39bd10852d76b6a0791638e0ae45e434c8fc,virtio_blk_random_write_iops,ops/s,higher,7089.76542336
windows-whp-virtual-machine,2,1,2bbf39bd10852d76b6a0791638e0ae45e434c8fc,virtio_fs_random_read_iops,ops/s,higher,11034.9306948
windows-whp-virtual-machine,2,1,2bbf39bd10852d76b6a0791638e0ae45e434c8fc,virtio_fs_random_write_iops,ops/s,higher,11785.4596253
windows-whp-virtual-machine,2,1,2bbf39bd10852d76b6a0791638e0ae45e434c8fc,virtio_net_udp_roundtrip_ops,ops/s,higher,4738.26950971
windows-whp-virtual-machine,2,1,4c6144e15d64395a1c4be48d0e9b701e5ec7683f,cold_start_base,ms,lower,518.5
windows-whp-virtual-machine,2,1,4c6144e15d64395a1c4be48d0e9b701e5ec7683f,cold_start_clocksource,ms,lower,520.4
windows-whp-virtual-machine,2,1,4c6144e15d64395a1c4be48d0e9b701e5ec7683f,cold_start_cryptomgr_notests,ms,lower,522.9
windows-whp-virtual-machine,2,1,4c6144e15d64395a1c4be48d0e9b701e5ec7683f,cold_start_mitigations_off,ms,lower,492
windows-whp-virtual-machine,2,1,4c6144e15d64395a1c4be48d0e9b701e5ec7683f,cold_start_no_timer_check,ms,lower,470.1
windows-whp-virtual-machine,2,1,4c6144e15d64395a1c4be48d0e9b701e5ec7683f,cold_start_nokaslr,ms,lower,520.4
windows-whp-virtual-machine,2,1,4c6144e15d64395a1c4be48d0e9b701e5ec7683f,cold_start_random_trust_cpu,ms,lower,526.4
windows-whp-virtual-machine,2,1,4c6144e15d64395a1c4be48d0e9b701e5ec7683f,cold_start_rcu_expedited,ms,lower,521.7
windows-whp-virtual-machine,2,1,4c6144e15d64395a1c4be48d0e9b701e5ec7683f,cold_start_tsc_reliable,ms,lower,525.3
windows-whp-virtual-machine,2,1,4c6144e15d64395a1c4be48d0e9b701e5ec7683f,network_snapshot_cold,ms,lower,533.7
windows-whp-virtual-machine,2,1,4c6144e15d64395a1c4be48d0e9b701e5ec7683f,network_snapshot_restore,ms,lower,163.1
windows-whp-virtual-machine,2,1,4c6144e15d64395a1c4be48d0e9b701e5ec7683f,network_snapshot_restore_wall,ms,lower,233.9
windows-whp-virtual-machine,2,1,4c6144e15d64395a1c4be48d0e9b701e5ec7683f,openvmm_cold_start,ms,lower,439.067
windows-whp-virtual-machine,2,1,4c6144e15d64395a1c4be48d0e9b701e5ec7683f,openvmm_cold_start_guest_exit_teardown,ms,lower,47.58375
windows-whp-virtual-machine,2,1,4c6144e15d64395a1c4be48d0e9b701e5ec7683f,openvmm_cold_start_peak_rss,MiB,lower,73.923828125
windows-whp-virtual-machine,2,1,4c6144e15d64395a1c4be48d0e9b701e5ec7683f,openvmm_snapshot_generation,ms,lower,963.85145
windows-whp-virtual-machine,2,1,4c6144e15d64395a1c4be48d0e9b701e5ec7683f,openvmm_snapshot_generation_peak_rss,MiB,lower,76.625
windows-whp-virtual-machine,2,1,4c6144e15d64395a1c4be48d0e9b701e5ec7683f,openvmm_snapshot_restore,ms,lower,116.15095
windows-whp-virtual-machine,2,1,4c6144e15d64395a1c4be48d0e9b701e5ec7683f,openvmm_snapshot_restore_guest_exit_teardown,ms,lower,21.59585
windows-whp-virtual-machine,2,1,4c6144e15d64395a1c4be48d0e9b701e5ec7683f,openvmm_snapshot_restore_peak_rss,MiB,lower,18.375
windows-whp-virtual-machine,2,1,4c6144e15d64395a1c4be48d0e9b701e5ec7683f,shell_snapshot_cold_128_mib,ms,lower,531.3
windows-whp-virtual-machine,2,1,4c6144e15d64395a1c4be48d0e9b701e5ec7683f,shell_snapshot_cold_256_mib,ms,lower,534.4
windows-whp-virtual-machine,2,1,4c6144e15d64395a1c4be48d0e9b701e5ec7683f,shell_snapshot_cold_512_mib,ms,lower,537.5
windows-whp-virtual-machine,2,1,4c6144e15d64395a1c4be48d0e9b701e5ec7683f,shell_snapshot_restore_128_mib,ms,lower,122.1
windows-whp-virtual-machine,2,1,4c6144e15d64395a1c4be48d0e9b701e5ec7683f,shell_snapshot_restore_256_mib,ms,lower,117.1
windows-whp-virtual-machine,2,1,4c6144e15d64395a1c4be48d0e9b701e5ec7683f,shell_snapshot_restore_512_mib,ms,lower,116.6
windows-whp-virtual-machine,2,1,4c6144e15d64395a1c4be48d0e9b701e5ec7683f,virtfs_live_read,MB/s,higher,1100
windows-whp-virtual-machine,2,1,4c6144e15d64395a1c4be48d0e9b701e5ec7683f,virtfs_live_roundtrip,ms,lower,743.8
windows-whp-virtual-machine,2,1,4c6144e15d64395a1c4be48d0e9b701e5ec7683f,virtfs_live_write,MB/s,higher,177.1
windows-whp-virtual-machine,2,1,4c6144e15d64395a1c4be48d0e9b701e5ec7683f,virtio_blk_random_read_iops,ops/s,higher,7671.98997638
windows-whp-virtual-machine,2,1,4c6144e15d64395a1c4be48d0e9b701e5ec7683f,virtio_blk_random_write_iops,ops/s,higher,7665.95710604
windows-whp-virtual-machine,2,1,4c6144e15d64395a1c4be48d0e9b701e5ec7683f,virtio_fs_random_read_iops,ops/s,higher,12470.2017874
windows-whp-virtual-machine,2,1,4c6144e15d64395a1c4be48d0e9b701e5ec7683f,virtio_fs_random_write_iops,ops/s,higher,12491.8024375
windows-whp-virtual-machine,2,1,4c6144e15d64395a1c4be48d0e9b701e5ec7683f,virtio_net_udp_roundtrip_ops,ops/s,higher,4826.58034028
windows-whp-virtual-machine,2,1,3ed523b421c26d6695465390790ede32eb860d22,cold_start_base,ms,lower,535.9
windows-whp-virtual-machine,2,1,3ed523b421c26d6695465390790ede32eb860d22,cold_start_clocksource,ms,lower,530.3
windows-whp-virtual-machine,2,1,3ed523b421c26d6695465390790ede32eb860d22,cold_start_cryptomgr_notests,ms,lower,522.7
windows-whp-virtual-machine,2,1,3ed523b421c26d6695465390790ede32eb860d22,cold_start_mitigations_off,ms,lower,498.5
windows-whp-virtual-machine,2,1,3ed523b421c26d6695465390790ede32eb860d22,cold_start_no_timer_check,ms,lower,476.5
windows-whp-virtual-machine,2,1,3ed523b421c26d6695465390790ede32eb860d22,cold_start_nokaslr,ms,lower,529
windows-whp-virtual-machine,2,1,3ed523b421c26d6695465390790ede32eb860d22,cold_start_random_trust_cpu,ms,lower,525
windows-whp-virtual-machine,2,1,3ed523b421c26d6695465390790ede32eb860d22,cold_start_rcu_expedited,ms,lower,516.7
windows-whp-virtual-machine,2,1,3ed523b421c26d6695465390790ede32eb860d22,cold_start_tsc_reliable,ms,lower,528.3
windows-whp-virtual-machine,2,1,3ed523b421c26d6695465390790ede32eb860d22,network_snapshot_cold,ms,lower,530.2
windows-whp-virtual-machine,2,1,3ed523b421c26d6695465390790ede32eb860d22,network_snapshot_restore,ms,lower,153.7
windows-whp-virtual-machine,2,1,3ed523b421c26d6695465390790ede32eb860d22,network_snapshot_restore_wall,ms,lower,225.4
windows-whp-virtual-machine,2,1,3ed523b421c26d6695465390790ede32eb860d22,openvmm_cold_start,ms,lower,442.7234
windows-whp-virtual-machine,2,1,3ed523b421c26d6695465390790ede32eb860d22,openvmm_cold_start_guest_exit_teardown,ms,lower,47.81805
windows-whp-virtual-machine,2,1,3ed523b421c26d6695465390790ede32eb860d22,openvmm_cold_start_peak_rss,MiB,lower,73.9140625
windows-whp-virtual-machine,2,1,3ed523b421c26d6695465390790ede32eb860d22,openvmm_snapshot_generation,ms,lower,961.0526
windows-whp-virtual-machine,2,1,3ed523b421c26d6695465390790ede32eb860d22,openvmm_snapshot_generation_peak_rss,MiB,lower,76.6328125
windows-whp-virtual-machine,2,1,3ed523b421c26d6695465390790ede32eb860d22,openvmm_snapshot_restore,ms,lower,121.0258
windows-whp-virtual-machine,2,1,3ed523b421c26d6695465390790ede32eb860d22,openvmm_snapshot_restore_guest_exit_teardown,ms,lower,22.40165
windows-whp-virtual-machine,2,1,3ed523b421c26d6695465390790ede32eb860d22,openvmm_snapshot_restore_peak_rss,MiB,lower,18.423828125
windows-whp-virtual-machine,2,1,3ed523b421c26d6695465390790ede32eb860d22,shell_snapshot_cold_128_mib,ms,lower,522.8
windows-whp-virtual-machine,2,1,3ed523b421c26d6695465390790ede32eb860d22,shell_snapshot_cold_256_mib,ms,lower,524.2
windows-whp-virtual-machine,2,1,3ed523b421c26d6695465390790ede32eb860d22,shell_snapshot_cold_512_mib,ms,lower,534.9
windows-whp-virtual-machine,2,1,3ed523b421c26d6695465390790ede32eb860d22,shell_snapshot_restore_128_mib,ms,lower,115.3
windows-whp-virtual-machine,2,1,3ed523b421c26d6695465390790ede32eb860d22,shell_snapshot_restore_256_mib,ms,lower,119.6
windows-whp-virtual-machine,2,1,3ed523b421c26d6695465390790ede32eb860d22,shell_snapshot_restore_512_mib,ms,lower,121.8
windows-whp-virtual-machine,2,1,3ed523b421c26d6695465390790ede32eb860d22,virtfs_live_read,MB/s,higher,1600
windows-whp-virtual-machine,2,1,3ed523b421c26d6695465390790ede32eb860d22,virtfs_live_roundtrip,ms,lower,745.9
windows-whp-virtual-machine,2,1,3ed523b421c26d6695465390790ede32eb860d22,virtfs_live_write,MB/s,higher,175.3
windows-whp-virtual-machine,2,1,3ed523b421c26d6695465390790ede32eb860d22,virtio_blk_random_read_iops,ops/s,higher,7789.06738174
windows-whp-virtual-machine,2,1,3ed523b421c26d6695465390790ede32eb860d22,virtio_blk_random_write_iops,ops/s,higher,7481.6334234
windows-whp-virtual-machine,2,1,3ed523b421c26d6695465390790ede32eb860d22,virtio_fs_random_read_iops,ops/s,higher,11997.3840898
windows-whp-virtual-machine,2,1,3ed523b421c26d6695465390790ede32eb860d22,virtio_fs_random_write_iops,ops/s,higher,11909.9749291
windows-whp-virtual-machine,2,1,3ed523b421c26d6695465390790ede32eb860d22,virtio_net_udp_roundtrip_ops,ops/s,higher,4806.72765955
windows-whp-virtual-machine,2,1,3395099d89e5cd531e7db8471b147556d6017356,cold_start_base,ms,lower,614.8
windows-whp-virtual-machine,2,1,3395099d89e5cd531e7db8471b147556d6017356,cold_start_clocksource,ms,lower,601.5
windows-whp-virtual-machine,2,1,3395099d89e5cd531e7db8471b147556d6017356,cold_start_cryptomgr_notests,ms,lower,591.6
windows-whp-virtual-machine,2,1,3395099d89e5cd531e7db8471b147556d6017356,cold_start_mitigations_off,ms,lower,559.3
windows-whp-virtual-machine,2,1,3395099d89e5cd531e7db8471b147556d6017356,cold_start_no_timer_check,ms,lower,549.6
windows-whp-virtual-machine,2,1,3395099d89e5cd531e7db8471b147556d6017356,cold_start_nokaslr,ms,lower,602.1
windows-whp-virtual-machine,2,1,3395099d89e5cd531e7db8471b147556d6017356,cold_start_random_trust_cpu,ms,lower,597.8
windows-whp-virtual-machine,2,1,3395099d89e5cd531e7db8471b147556d6017356,cold_start_rcu_expedited,ms,lower,594.8
windows-whp-virtual-machine,2,1,3395099d89e5cd531e7db8471b147556d6017356,cold_start_tsc_reliable,ms,lower,596.4
windows-whp-virtual-machine,2,1,3395099d89e5cd531e7db8471b147556d6017356,network_snapshot_cold,ms,lower,609.1
windows-whp-virtual-machine,2,1,3395099d89e5cd531e7db8471b147556d6017356,network_snapshot_restore,ms,lower,185
windows-whp-virtual-machine,2,1,3395099d89e5cd531e7db8471b147556d6017356,network_snapshot_restore_wall,ms,lower,270.4
windows-whp-virtual-machine,2,1,3395099d89e5cd531e7db8471b147556d6017356,openvmm_cold_start,ms,lower,509.9321
windows-whp-virtual-machine,2,1,3395099d89e5cd531e7db8471b147556d6017356,openvmm_cold_start_guest_exit_teardown,ms,lower,55.1298
windows-whp-virtual-machine,2,1,3395099d89e5cd531e7db8471b147556d6017356,openvmm_cold_start_peak_rss,MiB,lower,73.890625
windows-whp-virtual-machine,2,1,3395099d89e5cd531e7db8471b147556d6017356,openvmm_snapshot_generation,ms,lower,1110.5563
windows-whp-virtual-machine,2,1,3395099d89e5cd531e7db8471b147556d6017356,openvmm_snapshot_generation_peak_rss,MiB,lower,76.607421875
windows-whp-virtual-machine,2,1,3395099d89e5cd531e7db8471b147556d6017356,openvmm_snapshot_restore,ms,lower,145.5814
windows-whp-virtual-machine,2,1,3395099d89e5cd531e7db8471b147556d6017356,openvmm_snapshot_restore_guest_exit_teardown,ms,lower,24.69815
windows-whp-virtual-machine,2,1,3395099d89e5cd531e7db8471b147556d6017356,openvmm_snapshot_restore_peak_rss,MiB,lower,18.37109375
windows-whp-virtual-machine,2,1,3395099d89e5cd531e7db8471b147556d6017356,shell_snapshot_cold_128_mib,ms,lower,598.5
windows-whp-virtual-machine,2,1,3395099d89e5cd531e7db8471b147556d6017356,shell_snapshot_cold_256_mib,ms,lower,608.8
windows-whp-virtual-machine,2,1,3395099d89e5cd531e7db8471b147556d6017356,shell_snapshot_cold_512_mib,ms,lower,598.8
windows-whp-virtual-machine,2,1,3395099d89e5cd531e7db8471b147556d6017356,shell_snapshot_restore_128_mib,ms,lower,138.5
windows-whp-virtual-machine,2,1,3395099d89e5cd531e7db8471b147556d6017356,shell_snapshot_restore_256_mib,ms,lower,138
windows-whp-virtual-machine,2,1,3395099d89e5cd531e7db8471b147556d6017356,shell_snapshot_restore_512_mib,ms,lower,139.4
windows-whp-virtual-machine,2,1,3395099d89e5cd531e7db8471b147556d6017356,virtfs_live_read,MB/s,higher,970.9
windows-whp-virtual-machine,2,1,3395099d89e5cd531e7db8471b147556d6017356,virtfs_live_roundtrip,ms,lower,843.3
windows-whp-virtual-machine,2,1,3395099d89e5cd531e7db8471b147556d6017356,virtfs_live_write,MB/s,higher,125.3
windows-whp-virtual-machine,2,1,3395099d89e5cd531e7db8471b147556d6017356,virtio_blk_random_read_iops,ops/s,higher,6469.61150742
windows-whp-virtual-machine,2,1,3395099d89e5cd531e7db8471b147556d6017356,virtio_blk_random_write_iops,ops/s,higher,6428.69124247
windows-whp-virtual-machine,2,1,3395099d89e5cd531e7db8471b147556d6017356,virtio_fs_random_read_iops,ops/s,higher,10688.1799428
windows-whp-virtual-machine,2,1,3395099d89e5cd531e7db8471b147556d6017356,virtio_fs_random_write_iops,ops/s,higher,10898.1634443
windows-whp-virtual-machine,2,1,3395099d89e5cd531e7db8471b147556d6017356,virtio_net_udp_roundtrip_ops,ops/s,higher,4295.05840638
windows-whp-virtual-machine,2,1,be943b9b639498fa2158f6fc577d66b31eed8e41,cold_start_base,ms,lower,515.2
windows-whp-virtual-machine,2,1,be943b9b639498fa2158f6fc577d66b31eed8e41,cold_start_clocksource,ms,lower,519.3
windows-whp-virtual-machine,2,1,be943b9b639498fa2158f6fc577d66b31eed8e41,cold_start_cryptomgr_notests,ms,lower,511.6
windows-whp-virtual-machine,2,1,be943b9b639498fa2158f6fc577d66b31eed8e41,cold_start_mitigations_off,ms,lower,478.9
windows-whp-virtual-machine,2,1,be943b9b639498fa2158f6fc577d66b31eed8e41,cold_start_no_timer_check,ms,lower,465.3
windows-whp-virtual-machine,2,1,be943b9b639498fa2158f6fc577d66b31eed8e41,cold_start_nokaslr,ms,lower,514.5
windows-whp-virtual-machine,2,1,be943b9b639498fa2158f6fc577d66b31eed8e41,cold_start_random_trust_cpu,ms,lower,520.6
windows-whp-virtual-machine,2,1,be943b9b639498fa2158f6fc577d66b31eed8e41,cold_start_rcu_expedited,ms,lower,513.5
windows-whp-virtual-machine,2,1,be943b9b639498fa2158f6fc577d66b31eed8e41,cold_start_tsc_reliable,ms,lower,522.1
windows-whp-virtual-machine,2,1,be943b9b639498fa2158f6fc577d66b31eed8e41,network_snapshot_cold,ms,lower,526.2
windows-whp-virtual-machine,2,1,be943b9b639498fa2158f6fc577d66b31eed8e41,network_snapshot_restore,ms,lower,153.4
windows-whp-virtual-machine,2,1,be943b9b639498fa2158f6fc577d66b31eed8e41,network_snapshot_restore_wall,ms,lower,221.4
windows-whp-virtual-machine,2,1,be943b9b639498fa2158f6fc577d66b31eed8e41,openvmm_cold_start,ms,lower,431.1793
windows-whp-virtual-machine,2,1,be943b9b639498fa2158f6fc577d66b31eed8e41,openvmm_cold_start_guest_exit_teardown,ms,lower,47.6264
windows-whp-virtual-machine,2,1,be943b9b639498fa2158f6fc577d66b31eed8e41,openvmm_cold_start_peak_rss,MiB,lower,73.904296875
windows-whp-virtual-machine,2,1,be943b9b639498fa2158f6fc577d66b31eed8e41,openvmm_snapshot_generation,ms,lower,1047.01335
windows-whp-virtual-machine,2,1,be943b9b639498fa2158f6fc577d66b31eed8e41,openvmm_snapshot_generation_peak_rss,MiB,lower,76.6171875
windows-whp-virtual-machine,2,1,be943b9b639498fa2158f6fc577d66b31eed8e41,openvmm_snapshot_restore,ms,lower,112.0002
windows-whp-virtual-machine,2,1,be943b9b639498fa2158f6fc577d66b31eed8e41,openvmm_snapshot_restore_guest_exit_teardown,ms,lower,19.886
windows-whp-virtual-machine,2,1,be943b9b639498fa2158f6fc577d66b31eed8e41,openvmm_snapshot_restore_peak_rss,MiB,lower,18.421875
windows-whp-virtual-machine,2,1,be943b9b639498fa2158f6fc577d66b31eed8e41,shell_snapshot_cold_128_mib,ms,lower,510.2
windows-whp-virtual-machine,2,1,be943b9b639498fa2158f6fc577d66b31eed8e41,shell_snapshot_cold_256_mib,ms,lower,518.1
windows-whp-virtual-machine,2,1,be943b9b639498fa2158f6fc577d66b31eed8e41,shell_snapshot_cold_512_mib,ms,lower,534.2
windows-whp-virtual-machine,2,1,be943b9b639498fa2158f6fc577d66b31eed8e41,shell_snapshot_restore_128_mib,ms,lower,113.3
windows-whp-virtual-machine,2,1,be943b9b639498fa2158f6fc577d66b31eed8e41,shell_snapshot_restore_256_mib,ms,lower,112
windows-whp-virtual-machine,2,1,be943b9b639498fa2158f6fc577d66b31eed8e41,shell_snapshot_restore_512_mib,ms,lower,115.6
windows-whp-virtual-machine,2,1,be943b9b639498fa2158f6fc577d66b31eed8e41,virtfs_live_read,MB/s,higher,1000
windows-whp-virtual-machine,2,1,be943b9b639498fa2158f6fc577d66b31eed8e41,virtfs_live_roundtrip,ms,lower,745.5
windows-whp-virtual-machine,2,1,be943b9b639498fa2158f6fc577d66b31eed8e41,virtfs_live_write,MB/s,higher,174.4
windows-whp-virtual-machine,2,1,be943b9b639498fa2158f6fc577d66b31eed8e41,virtio_blk_random_read_iops,ops/s,higher,7629.73306271
windows-whp-virtual-machine,2,1,be943b9b639498fa2158f6fc577d66b31eed8e41,virtio_blk_random_write_iops,ops/s,higher,7474.52021317
windows-whp-virtual-machine,2,1,be943b9b639498fa2158f6fc577d66b31eed8e41,virtio_fs_random_read_iops,ops/s,higher,11677.4086472
windows-whp-virtual-machine,2,1,be943b9b639498fa2158f6fc577d66b31eed8e41,virtio_fs_random_write_iops,ops/s,higher,12714.2071812
windows-whp-virtual-machine,2,1,be943b9b639498fa2158f6fc577d66b31eed8e41,virtio_net_udp_roundtrip_ops,ops/s,higher,4950.93447315
windows-whp-virtual-machine,2,1,ea0b1771919fd69807447ca1296e5f0c8ed7c061,cold_start_base,ms,lower,501.8
windows-whp-virtual-machine,2,1,ea0b1771919fd69807447ca1296e5f0c8ed7c061,cold_start_clocksource,ms,lower,512.1
windows-whp-virtual-machine,2,1,ea0b1771919fd69807447ca1296e5f0c8ed7c061,cold_start_cryptomgr_notests,ms,lower,514.9
windows-whp-virtual-machine,2,1,ea0b1771919fd69807447ca1296e5f0c8ed7c061,cold_start_mitigations_off,ms,lower,490.3
windows-whp-virtual-machine,2,1,ea0b1771919fd69807447ca1296e5f0c8ed7c061,cold_start_no_timer_check,ms,lower,464
windows-whp-virtual-machine,2,1,ea0b1771919fd69807447ca1296e5f0c8ed7c061,cold_start_nokaslr,ms,lower,516.1
windows-whp-virtual-machine,2,1,ea0b1771919fd69807447ca1296e5f0c8ed7c061,cold_start_random_trust_cpu,ms,lower,514.8
windows-whp-virtual-machine,2,1,ea0b1771919fd69807447ca1296e5f0c8ed7c061,cold_start_rcu_expedited,ms,lower,509.6
windows-whp-virtual-machine,2,1,ea0b1771919fd69807447ca1296e5f0c8ed7c061,cold_start_tsc_reliable,ms,lower,511
windows-whp-virtual-machine,2,1,ea0b1771919fd69807447ca1296e5f0c8ed7c061,network_snapshot_cold,ms,lower,528.5
windows-whp-virtual-machine,2,1,ea0b1771919fd69807447ca1296e5f0c8ed7c061,network_snapshot_restore,ms,lower,156
windows-whp-virtual-machine,2,1,ea0b1771919fd69807447ca1296e5f0c8ed7c061,network_snapshot_restore_wall,ms,lower,223.1
windows-whp-virtual-machine,2,1,ea0b1771919fd69807447ca1296e5f0c8ed7c061,openvmm_cold_start,ms,lower,419.7058
windows-whp-virtual-machine,2,1,ea0b1771919fd69807447ca1296e5f0c8ed7c061,openvmm_cold_start_guest_exit_teardown,ms,lower,46.0691
windows-whp-virtual-machine,2,1,ea0b1771919fd69807447ca1296e5f0c8ed7c061,openvmm_cold_start_peak_rss,MiB,lower,73.90625
windows-whp-virtual-machine,2,1,ea0b1771919fd69807447ca1296e5f0c8ed7c061,openvmm_snapshot_generation,ms,lower,1020.77755
windows-whp-virtual-machine,2,1,ea0b1771919fd69807447ca1296e5f0c8ed7c061,openvmm_snapshot_generation_peak_rss,MiB,lower,76.619140625
windows-whp-virtual-machine,2,1,ea0b1771919fd69807447ca1296e5f0c8ed7c061,openvmm_snapshot_restore,ms,lower,120.9939
windows-whp-virtual-machine,2,1,ea0b1771919fd69807447ca1296e5f0c8ed7c061,openvmm_snapshot_restore_guest_exit_teardown,ms,lower,22.3575
windows-whp-virtual-machine,2,1,ea0b1771919fd69807447ca1296e5f0c8ed7c061,openvmm_snapshot_restore_peak_rss,MiB,lower,18.369140625
windows-whp-virtual-machine,2,1,ea0b1771919fd69807447ca1296e5f0c8ed7c061,shell_snapshot_cold_128_mib,ms,lower,514.2
windows-whp-virtual-machine,2,1,ea0b1771919fd69807447ca1296e5f0c8ed7c061,shell_snapshot_cold_256_mib,ms,lower,515.8
windows-whp-virtual-machine,2,1,ea0b1771919fd69807447ca1296e5f0c8ed7c061,shell_snapshot_cold_512_mib,ms,lower,533
windows-whp-virtual-machine,2,1,ea0b1771919fd69807447ca1296e5f0c8ed7c061,shell_snapshot_restore_128_mib,ms,lower,111.2
windows-whp-virtual-machine,2,1,ea0b1771919fd69807447ca1296e5f0c8ed7c061,shell_snapshot_restore_256_mib,ms,lower,105.7
windows-whp-virtual-machine,2,1,ea0b1771919fd69807447ca1296e5f0c8ed7c061,shell_snapshot_restore_512_mib,ms,lower,109.8
windows-whp-virtual-machine,2,1,ea0b1771919fd69807447ca1296e5f0c8ed7c061,virtfs_live_read,MB/s,higher,1550
windows-whp-virtual-machine,2,1,ea0b1771919fd69807447ca1296e5f0c8ed7c061,virtfs_live_roundtrip,ms,lower,760
windows-whp-virtual-machine,2,1,ea0b1771919fd69807447ca1296e5f0c8ed7c061,virtfs_live_write,MB/s,higher,186.9
windows-whp-virtual-machine,2,1,ea0b1771919fd69807447ca1296e5f0c8ed7c061,virtio_blk_random_read_iops,ops/s,higher,7534.14641092
windows-whp-virtual-machine,2,1,ea0b1771919fd69807447ca1296e5f0c8ed7c061,virtio_blk_random_write_iops,ops/s,higher,7395.39681271
windows-whp-virtual-machine,2,1,ea0b1771919fd69807447ca1296e5f0c8ed7c061,virtio_fs_random_read_iops,ops/s,higher,12172.8444064
windows-whp-virtual-machine,2,1,ea0b1771919fd69807447ca1296e5f0c8ed7c061,virtio_fs_random_write_iops,ops/s,higher,12730.6561286
windows-whp-virtual-machine,2,1,ea0b1771919fd69807447ca1296e5f0c8ed7c061,virtio_net_udp_roundtrip_ops,ops/s,higher,4954.83814373
windows-whp-virtual-machine,2,1,6498a4a09eb313334a49ebfcff1e5cb4eea38df7,cold_start_base,ms,lower,515.3
windows-whp-virtual-machine,2,1,6498a4a09eb313334a49ebfcff1e5cb4eea38df7,cold_start_clocksource,ms,lower,515.5
windows-whp-virtual-machine,2,1,6498a4a09eb313334a49ebfcff1e5cb4eea38df7,cold_start_cryptomgr_notests,ms,lower,526.3
windows-whp-virtual-machine,2,1,6498a4a09eb313334a49ebfcff1e5cb4eea38df7,cold_start_mitigations_off,ms,lower,491.6
windows-whp-virtual-machine,2,1,6498a4a09eb313334a49ebfcff1e5cb4eea38df7,cold_start_no_timer_check,ms,lower,471.1
windows-whp-virtual-machine,2,1,6498a4a09eb313334a49ebfcff1e5cb4eea38df7,cold_start_nokaslr,ms,lower,520.1
windows-whp-virtual-machine,2,1,6498a4a09eb313334a49ebfcff1e5cb4eea38df7,cold_start_random_trust_cpu,ms,lower,523.7
windows-whp-virtual-machine,2,1,6498a4a09eb313334a49ebfcff1e5cb4eea38df7,cold_start_rcu_expedited,ms,lower,523.3
windows-whp-virtual-machine,2,1,6498a4a09eb313334a49ebfcff1e5cb4eea38df7,cold_start_tsc_reliable,ms,lower,525.3
windows-whp-virtual-machine,2,1,6498a4a09eb313334a49ebfcff1e5cb4eea38df7,network_snapshot_cold,ms,lower,542.5
windows-whp-virtual-machine,2,1,6498a4a09eb313334a49ebfcff1e5cb4eea38df7,network_snapshot_restore,ms,lower,168
windows-whp-virtual-machine,2,1,6498a4a09eb313334a49ebfcff1e5cb4eea38df7,network_snapshot_restore_wall,ms,lower,240.4
windows-whp-virtual-machine,2,1,6498a4a09eb313334a49ebfcff1e5cb4eea38df7,openvmm_cold_start,ms,lower,435.7644
windows-whp-virtual-machine,2,1,6498a4a09eb313334a49ebfcff1e5cb4eea38df7,openvmm_cold_start_guest_exit_teardown,ms,lower,48.29665
windows-whp-virtual-machine,2,1,6498a4a09eb313334a49ebfcff1e5cb4eea38df7,openvmm_cold_start_peak_rss,MiB,lower,73.93359375
windows-whp-virtual-machine,2,1,6498a4a09eb313334a49ebfcff1e5cb4eea38df7,openvmm_snapshot_generation,ms,lower,1011.12615
windows-whp-virtual-machine,2,1,6498a4a09eb313334a49ebfcff1e5cb4eea38df7,openvmm_snapshot_generation_peak_rss,MiB,lower,76.63671875
windows-whp-virtual-machine,2,1,6498a4a09eb313334a49ebfcff1e5cb4eea38df7,openvmm_snapshot_restore,ms,lower,122.3664
windows-whp-virtual-machine,2,1,6498a4a09eb313334a49ebfcff1e5cb4eea38df7,openvmm_snapshot_restore_guest_exit_teardown,ms,lower,21.7495
windows-whp-virtual-machine,2,1,6498a4a09eb313334a49ebfcff1e5cb4eea38df7,openvmm_snapshot_restore_peak_rss,MiB,lower,18.486328125
windows-whp-virtual-machine,2,1,6498a4a09eb313334a49ebfcff1e5cb4eea38df7,shell_snapshot_cold_128_mib,ms,lower,522.9
windows-whp-virtual-machine,2,1,6498a4a09eb313334a49ebfcff1e5cb4eea38df7,shell_snapshot_cold_256_mib,ms,lower,527.8
windows-whp-virtual-machine,2,1,6498a4a09eb313334a49ebfcff1e5cb4eea38df7,shell_snapshot_cold_512_mib,ms,lower,532.8
windows-whp-virtual-machine,2,1,6498a4a09eb313334a49ebfcff1e5cb4eea38df7,shell_snapshot_restore_128_mib,ms,lower,123.3
windows-whp-virtual-machine,2,1,6498a4a09eb313334a49ebfcff1e5cb4eea38df7,shell_snapshot_restore_256_mib,ms,lower,130.4
windows-whp-virtual-machine,2,1,6498a4a09eb313334a49ebfcff1e5cb4eea38df7,shell_snapshot_restore_512_mib,ms,lower,117.2
windows-whp-virtual-machine,2,1,6498a4a09eb313334a49ebfcff1e5cb4eea38df7,virtfs_live_read,MB/s,higher,1400
windows-whp-virtual-machine,2,1,6498a4a09eb313334a49ebfcff1e5cb4eea38df7,virtfs_live_roundtrip,ms,lower,739.6
windows-whp-virtual-machine,2,1,6498a4a09eb313334a49ebfcff1e5cb4eea38df7,virtfs_live_write,MB/s,higher,180.2
windows-whp-virtual-machine,2,1,6498a4a09eb313334a49ebfcff1e5cb4eea38df7,virtio_blk_random_read_iops,ops/s,higher,7860.16425013
windows-whp-virtual-machine,2,1,6498a4a09eb313334a49ebfcff1e5cb4eea38df7,virtio_blk_random_write_iops,ops/s,higher,7688.33930642
windows-whp-virtual-machine,2,1,6498a4a09eb313334a49ebfcff1e5cb4eea38df7,virtio_fs_random_read_iops,ops/s,higher,11948.1968389
windows-whp-virtual-machine,2,1,6498a4a09eb313334a49ebfcff1e5cb4eea38df7,virtio_fs_random_write_iops,ops/s,higher,12226.3945334
windows-whp-virtual-machine,2,1,6498a4a09eb313334a49ebfcff1e5cb4eea38df7,virtio_net_udp_roundtrip_ops,ops/s,higher,4794.94109184
windows-whp-virtual-machine,2,1,34a00f742d1dd1457e99771cb979f1891620f0a3,cold_start_base,ms,lower,506.1
windows-whp-virtual-machine,2,1,34a00f742d1dd1457e99771cb979f1891620f0a3,cold_start_clocksource,ms,lower,520.2
windows-whp-virtual-machine,2,1,34a00f742d1dd1457e99771cb979f1891620f0a3,cold_start_cryptomgr_notests,ms,lower,512.4
windows-whp-virtual-machine,2,1,34a00f742d1dd1457e99771cb979f1891620f0a3,cold_start_mitigations_off,ms,lower,480.6
windows-whp-virtual-machine,2,1,34a00f742d1dd1457e99771cb979f1891620f0a3,cold_start_no_timer_check,ms,lower,467
windows-whp-virtual-machine,2,1,34a00f742d1dd1457e99771cb979f1891620f0a3,cold_start_nokaslr,ms,lower,519.7
windows-whp-virtual-machine,2,1,34a00f742d1dd1457e99771cb979f1891620f0a3,cold_start_random_trust_cpu,ms,lower,515.6
windows-whp-virtual-machine,2,1,34a00f742d1dd1457e99771cb979f1891620f0a3,cold_start_rcu_expedited,ms,lower,513.9
windows-whp-virtual-machine,2,1,34a00f742d1dd1457e99771cb979f1891620f0a3,cold_start_tsc_reliable,ms,lower,514.4
windows-whp-virtual-machine,2,1,34a00f742d1dd1457e99771cb979f1891620f0a3,network_snapshot_cold,ms,lower,532
windows-whp-virtual-machine,2,1,34a00f742d1dd1457e99771cb979f1891620f0a3,network_snapshot_restore,ms,lower,150.3
windows-whp-virtual-machine,2,1,34a00f742d1dd1457e99771cb979f1891620f0a3,network_snapshot_restore_wall,ms,lower,222.6
windows-whp-virtual-machine,2,1,34a00f742d1dd1457e99771cb979f1891620f0a3,openvmm_cold_start,ms,lower,424.69855
windows-whp-virtual-machine,2,1,34a00f742d1dd1457e99771cb979f1891620f0a3,openvmm_cold_start_guest_exit_teardown,ms,lower,48.16825
windows-whp-virtual-machine,2,1,34a00f742d1dd1457e99771cb979f1891620f0a3,openvmm_cold_start_peak_rss,MiB,lower,73.916015625
windows-whp-virtual-machine,2,1,34a00f742d1dd1457e99771cb979f1891620f0a3,openvmm_snapshot_generation,ms,lower,973.6019
windows-whp-virtual-machine,2,1,34a00f742d1dd1457e99771cb979f1891620f0a3,openvmm_snapshot_generation_peak_rss,MiB,lower,76.623046875
windows-whp-virtual-machine,2,1,34a00f742d1dd1457e99771cb979f1891620f0a3,openvmm_snapshot_restore,ms,lower,110.52215
windows-whp-virtual-machine,2,1,34a00f742d1dd1457e99771cb979f1891620f0a3,openvmm_snapshot_restore_guest_exit_teardown,ms,lower,20.6257
windows-whp-virtual-machine,2,1,34a00f742d1dd1457e99771cb979f1891620f0a3,openvmm_snapshot_restore_peak_rss,MiB,lower,18.419921875
windows-whp-virtual-machine,2,1,34a00f742d1dd1457e99771cb979f1891620f0a3,shell_snapshot_cold_128_mib,ms,lower,520.7
windows-whp-virtual-machine,2,1,34a00f742d1dd1457e99771cb979f1891620f0a3,shell_snapshot_cold_256_mib,ms,lower,523.7
windows-whp-virtual-machine,2,1,34a00f742d1dd1457e99771cb979f1891620f0a3,shell_snapshot_cold_512_mib,ms,lower,523.3
windows-whp-virtual-machine,2,1,34a00f742d1dd1457e99771cb979f1891620f0a3,shell_snapshot_restore_128_mib,ms,lower,113.8
windows-whp-virtual-machine,2,1,34a00f742d1dd1457e99771cb979f1891620f0a3,shell_snapshot_restore_256_mib,ms,lower,110.3
windows-whp-virtual-machine,2,1,34a00f742d1dd1457e99771cb979f1891620f0a3,shell_snapshot_restore_512_mib,ms,lower,109.6
windows-whp-virtual-machine,2,1,34a00f742d1dd1457e99771cb979f1891620f0a3,virtfs_live_read,MB/s,higher,1600
windows-whp-virtual-machine,2,1,34a00f742d1dd1457e99771cb979f1891620f0a3,virtfs_live_roundtrip,ms,lower,741.2
windows-whp-virtual-machine,2,1,34a00f742d1dd1457e99771cb979f1891620f0a3,virtfs_live_write,MB/s,higher,176.8
windows-whp-virtual-machine,2,1,34a00f742d1dd1457e99771cb979f1891620f0a3,virtio_blk_random_read_iops,ops/s,higher,7444.57468399
windows-whp-virtual-machine,2,1,34a00f742d1dd1457e99771cb979f1891620f0a3,virtio_blk_random_write_iops,ops/s,higher,7237.23778686
windows-whp-virtual-machine,2,1,34a00f742d1dd1457e99771cb979f1891620f0a3,virtio_fs_random_read_iops,ops/s,higher,11088.8277095
windows-whp-virtual-machine,2,1,34a00f742d1dd1457e99771cb979f1891620f0a3,virtio_fs_random_write_iops,ops/s,higher,12151.6071011
windows-whp-virtual-machine,2,1,34a00f742d1dd1457e99771cb979f1891620f0a3,virtio_net_udp_roundtrip_ops,ops/s,higher,4892.96701553
windows-whp-virtual-machine,2,1,e6e2f652aa289d07787b07320c2b210a9ba78557,cold_start_base,ms,lower,577.5
windows-whp-virtual-machine,2,1,e6e2f652aa289d07787b07320c2b210a9ba78557,cold_start_clocksource,ms,lower,579.8
windows-whp-virtual-machine,2,1,e6e2f652aa289d07787b07320c2b210a9ba78557,cold_start_cryptomgr_notests,ms,lower,582.9
windows-whp-virtual-machine,2,1,e6e2f652aa289d07787b07320c2b210a9ba78557,cold_start_mitigations_off,ms,lower,550.8
windows-whp-virtual-machine,2,1,e6e2f652aa289d07787b07320c2b210a9ba78557,cold_start_no_timer_check,ms,lower,531.6
windows-whp-virtual-machine,2,1,e6e2f652aa289d07787b07320c2b210a9ba78557,cold_start_nokaslr,ms,lower,579.5
windows-whp-virtual-machine,2,1,e6e2f652aa289d07787b07320c2b210a9ba78557,cold_start_random_trust_cpu,ms,lower,586.7
windows-whp-virtual-machine,2,1,e6e2f652aa289d07787b07320c2b210a9ba78557,cold_start_rcu_expedited,ms,lower,575.2
windows-whp-virtual-machine,2,1,e6e2f652aa289d07787b07320c2b210a9ba78557,cold_start_tsc_reliable,ms,lower,597.1
windows-whp-virtual-machine,2,1,e6e2f652aa289d07787b07320c2b210a9ba78557,network_snapshot_cold,ms,lower,601.2
windows-whp-virtual-machine,2,1,e6e2f652aa289d07787b07320c2b210a9ba78557,network_snapshot_restore,ms,lower,176.4
windows-whp-virtual-machine,2,1,e6e2f652aa289d07787b07320c2b210a9ba78557,network_snapshot_restore_wall,ms,lower,255.6
windows-whp-virtual-machine,2,1,e6e2f652aa289d07787b07320c2b210a9ba78557,openvmm_cold_start,ms,lower,496.43505
windows-whp-virtual-machine,2,1,e6e2f652aa289d07787b07320c2b210a9ba78557,openvmm_cold_start_guest_exit_teardown,ms,lower,53.3913
windows-whp-virtual-machine,2,1,e6e2f652aa289d07787b07320c2b210a9ba78557,openvmm_cold_start_peak_rss,MiB,lower,73.916015625
windows-whp-virtual-machine,2,1,e6e2f652aa289d07787b07320c2b210a9ba78557,openvmm_snapshot_generation,ms,lower,1154.1754
windows-whp-virtual-machine,2,1,e6e2f652aa289d07787b07320c2b210a9ba78557,openvmm_snapshot_generation_peak_rss,MiB,lower,76.640625
windows-whp-virtual-machine,2,1,e6e2f652aa289d07787b07320c2b210a9ba78557,openvmm_snapshot_restore,ms,lower,132.90385
windows-whp-virtual-machine,2,1,e6e2f652aa289d07787b07320c2b210a9ba78557,openvmm_snapshot_restore_guest_exit_teardown,ms,lower,22.63505
windows-whp-virtual-machine,2,1,e6e2f652aa289d07787b07320c2b210a9ba78557,openvmm_snapshot_restore_peak_rss,MiB,lower,18.396484375
windows-whp-virtual-machine,2,1,e6e2f652aa289d07787b07320c2b210a9ba78557,shell_snapshot_cold_128_mib,ms,lower,585.7
windows-whp-virtual-machine,2,1,e6e2f652aa289d07787b07320c2b210a9ba78557,shell_snapshot_cold_256_mib,ms,lower,591.6
windows-whp-virtual-machine,2,1,e6e2f652aa289d07787b07320c2b210a9ba78557,shell_snapshot_cold_512_mib,ms,lower,590.2
windows-whp-virtual-machine,2,1,e6e2f652aa289d07787b07320c2b210a9ba78557,shell_snapshot_restore_128_mib,ms,lower,132.8
windows-whp-virtual-machine,2,1,e6e2f652aa289d07787b07320c2b210a9ba78557,shell_snapshot_restore_256_mib,ms,lower,130.4
windows-whp-virtual-machine,2,1,e6e2f652aa289d07787b07320c2b210a9ba78557,shell_snapshot_restore_512_mib,ms,lower,130.2
windows-whp-virtual-machine,2,1,e6e2f652aa289d07787b07320c2b210a9ba78557,virtfs_live_read,MB/s,higher,1750
windows-whp-virtual-machine,2,1,e6e2f652aa289d07787b07320c2b210a9ba78557,virtfs_live_roundtrip,ms,lower,814.9
windows-whp-virtual-machine,2,1,e6e2f652aa289d07787b07320c2b210a9ba78557,virtfs_live_write,MB/s,higher,134.2
windows-whp-virtual-machine,2,1,e6e2f652aa289d07787b07320c2b210a9ba78557,virtio_blk_random_read_iops,ops/s,higher,6495.37995443
windows-whp-virtual-machine,2,1,e6e2f652aa289d07787b07320c2b210a9ba78557,virtio_blk_random_write_iops,ops/s,higher,6341.47600025
windows-whp-virtual-machine,2,1,e6e2f652aa289d07787b07320c2b210a9ba78557,virtio_fs_random_read_iops,ops/s,higher,10001.6548062
windows-whp-virtual-machine,2,1,e6e2f652aa289d07787b07320c2b210a9ba78557,virtio_fs_random_write_iops,ops/s,higher,9883.42575415
windows-whp-virtual-machine,2,1,e6e2f652aa289d07787b07320c2b210a9ba78557,virtio_net_udp_roundtrip_ops,ops/s,higher,3978.37822025
windows-whp-virtual-machine,2,1,5edac1c7fce4e82db0d9e2350765519292d212d0,cold_start_base,ms,lower,582.6
windows-whp-virtual-machine,2,1,5edac1c7fce4e82db0d9e2350765519292d212d0,cold_start_clocksource,ms,lower,585.8
windows-whp-virtual-machine,2,1,5edac1c7fce4e82db0d9e2350765519292d212d0,cold_start_cryptomgr_notests,ms,lower,575.5
windows-whp-virtual-machine,2,1,5edac1c7fce4e82db0d9e2350765519292d212d0,cold_start_mitigations_off,ms,lower,529.8
windows-whp-virtual-machine,2,1,5edac1c7fce4e82db0d9e2350765519292d212d0,cold_start_no_timer_check,ms,lower,520.3
windows-whp-virtual-machine,2,1,5edac1c7fce4e82db0d9e2350765519292d212d0,cold_start_nokaslr,ms,lower,583.3
windows-whp-virtual-machine,2,1,5edac1c7fce4e82db0d9e2350765519292d212d0,cold_start_random_trust_cpu,ms,lower,579.6
windows-whp-virtual-machine,2,1,5edac1c7fce4e82db0d9e2350765519292d212d0,cold_start_rcu_expedited,ms,lower,568.5
windows-whp-virtual-machine,2,1,5edac1c7fce4e82db0d9e2350765519292d212d0,cold_start_tsc_reliable,ms,lower,577.6
windows-whp-virtual-machine,2,1,5edac1c7fce4e82db0d9e2350765519292d212d0,network_snapshot_cold,ms,lower,589.1
windows-whp-virtual-machine,2,1,5edac1c7fce4e82db0d9e2350765519292d212d0,network_snapshot_restore,ms,lower,182.8
windows-whp-virtual-machine,2,1,5edac1c7fce4e82db0d9e2350765519292d212d0,network_snapshot_restore_wall,ms,lower,269.4
windows-whp-virtual-machine,2,1,5edac1c7fce4e82db0d9e2350765519292d212d0,openvmm_cold_start,ms,lower,492.56435
windows-whp-virtual-machine,2,1,5edac1c7fce4e82db0d9e2350765519292d212d0,openvmm_cold_start_guest_exit_teardown,ms,lower,50.0243
windows-whp-virtual-machine,2,1,5edac1c7fce4e82db0d9e2350765519292d212d0,openvmm_cold_start_peak_rss,MiB,lower,73.921875
windows-whp-virtual-machine,2,1,5edac1c7fce4e82db0d9e2350765519292d212d0,openvmm_snapshot_generation,ms,lower,1115.2089
windows-whp-virtual-machine,2,1,5edac1c7fce4e82db0d9e2350765519292d212d0,openvmm_snapshot_generation_peak_rss,MiB,lower,76.58203125
windows-whp-virtual-machine,2,1,5edac1c7fce4e82db0d9e2350765519292d212d0,openvmm_snapshot_restore,ms,lower,135.18855
windows-whp-virtual-machine,2,1,5edac1c7fce4e82db0d9e2350765519292d212d0,openvmm_snapshot_restore_guest_exit_teardown,ms,lower,23.15045
windows-whp-virtual-machine,2,1,5edac1c7fce4e82db0d9e2350765519292d212d0,openvmm_snapshot_restore_peak_rss,MiB,lower,18.396484375
windows-whp-virtual-machine,2,1,5edac1c7fce4e82db0d9e2350765519292d212d0,shell_snapshot_cold_128_mib,ms,lower,580.5
windows-whp-virtual-machine,2,1,5edac1c7fce4e82db0d9e2350765519292d212d0,shell_snapshot_cold_256_mib,ms,lower,580.7
windows-whp-virtual-machine,2,1,5edac1c7fce4e82db0d9e2350765519292d212d0,shell_snapshot_cold_512_mib,ms,lower,603.1
windows-whp-virtual-machine,2,1,5edac1c7fce4e82db0d9e2350765519292d212d0,shell_snapshot_restore_128_mib,ms,lower,133.4
windows-whp-virtual-machine,2,1,5edac1c7fce4e82db0d9e2350765519292d212d0,shell_snapshot_restore_256_mib,ms,lower,132.5
windows-whp-virtual-machine,2,1,5edac1c7fce4e82db0d9e2350765519292d212d0,shell_snapshot_restore_512_mib,ms,lower,132.9
windows-whp-virtual-machine,2,1,5edac1c7fce4e82db0d9e2350765519292d212d0,virtfs_live_read,MB/s,higher,1500
windows-whp-virtual-machine,2,1,5edac1c7fce4e82db0d9e2350765519292d212d0,virtfs_live_roundtrip,ms,lower,839.7
windows-whp-virtual-machine,2,1,5edac1c7fce4e82db0d9e2350765519292d212d0,virtfs_live_write,MB/s,higher,133.6
windows-whp-virtual-machine,2,1,5edac1c7fce4e82db0d9e2350765519292d212d0,virtio_blk_random_read_iops,ops/s,higher,6676.67907861
windows-whp-virtual-machine,2,1,5edac1c7fce4e82db0d9e2350765519292d212d0,virtio_blk_random_write_iops,ops/s,higher,6565.14965605
windows-whp-virtual-machine,2,1,5edac1c7fce4e82db0d9e2350765519292d212d0,virtio_fs_random_read_iops,ops/s,higher,10366.7713983
windows-whp-virtual-machine,2,1,5edac1c7fce4e82db0d9e2350765519292d212d0,virtio_fs_random_write_iops,ops/s,higher,10329.9916179
windows-whp-virtual-machine,2,1,5edac1c7fce4e82db0d9e2350765519292d212d0,virtio_net_udp_roundtrip_ops,ops/s,higher,4186.0850728
windows-whp-virtual-machine,2,1,3051bf50b870b71916c4cb902fce9078cbae8935,cold_start_base,ms,lower,527.9
windows-whp-virtual-machine,2,1,3051bf50b870b71916c4cb902fce9078cbae8935,cold_start_clocksource,ms,lower,523.4
windows-whp-virtual-machine,2,1,3051bf50b870b71916c4cb902fce9078cbae8935,cold_start_cryptomgr_notests,ms,lower,535.5
windows-whp-virtual-machine,2,1,3051bf50b870b71916c4cb902fce9078cbae8935,cold_start_mitigations_off,ms,lower,487.9
windows-whp-virtual-machine,2,1,3051bf50b870b71916c4cb902fce9078cbae8935,cold_start_no_timer_check,ms,lower,474.8
windows-whp-virtual-machine,2,1,3051bf50b870b71916c4cb902fce9078cbae8935,cold_start_nokaslr,ms,lower,538.7
windows-whp-virtual-machine,2,1,3051bf50b870b71916c4cb902fce9078cbae8935,cold_start_random_trust_cpu,ms,lower,527.8
windows-whp-virtual-machine,2,1,3051bf50b870b71916c4cb902fce9078cbae8935,cold_start_rcu_expedited,ms,lower,518.3
windows-whp-virtual-machine,2,1,3051bf50b870b71916c4cb902fce9078cbae8935,cold_start_tsc_reliable,ms,lower,520
windows-whp-virtual-machine,2,1,3051bf50b870b71916c4cb902fce9078cbae8935,network_snapshot_cold,ms,lower,535
windows-whp-virtual-machine,2,1,3051bf50b870b71916c4cb902fce9078cbae8935,network_snapshot_restore,ms,lower,159.7
windows-whp-virtual-machine,2,1,3051bf50b870b71916c4cb902fce9078cbae8935,network_snapshot_restore_wall,ms,lower,233.4
windows-whp-virtual-machine,2,1,3051bf50b870b71916c4cb902fce9078cbae8935,openvmm_cold_start,ms,lower,442.13335
windows-whp-virtual-machine,2,1,3051bf50b870b71916c4cb902fce9078cbae8935,openvmm_cold_start_guest_exit_teardown,ms,lower,49.1502
windows-whp-virtual-machine,2,1,3051bf50b870b71916c4cb902fce9078cbae8935,openvmm_cold_start_peak_rss,MiB,lower,73.94140625
windows-whp-virtual-machine,2,1,3051bf50b870b71916c4cb902fce9078cbae8935,openvmm_snapshot_generation,ms,lower,973.97605
windows-whp-virtual-machine,2,1,3051bf50b870b71916c4cb902fce9078cbae8935,openvmm_snapshot_generation_peak_rss,MiB,lower,76.60546875
windows-whp-virtual-machine,2,1,3051bf50b870b71916c4cb902fce9078cbae8935,openvmm_snapshot_restore,ms,lower,115.88905
windows-whp-virtual-machine,2,1,3051bf50b870b71916c4cb902fce9078cbae8935,openvmm_snapshot_restore_guest_exit_teardown,ms,lower,21.44115
windows-whp-virtual-machine,2,1,3051bf50b870b71916c4cb902fce9078cbae8935,openvmm_snapshot_restore_peak_rss,MiB,lower,18.439453125
windows-whp-virtual-machine,2,1,3051bf50b870b71916c4cb902fce9078cbae8935,shell_snapshot_cold_128_mib,ms,lower,522.9
windows-whp-virtual-machine,2,1,3051bf50b870b71916c4cb902fce9078cbae8935,shell_snapshot_cold_256_mib,ms,lower,531.2
windows-whp-virtual-machine,2,1,3051bf50b870b71916c4cb902fce9078cbae8935,shell_snapshot_cold_512_mib,ms,lower,544.1
windows-whp-virtual-machine,2,1,3051bf50b870b71916c4cb902fce9078cbae8935,shell_snapshot_restore_128_mib,ms,lower,116
windows-whp-virtual-machine,2,1,3051bf50b870b71916c4cb902fce9078cbae8935,shell_snapshot_restore_256_mib,ms,lower,123.4
windows-whp-virtual-machine,2,1,3051bf50b870b71916c4cb902fce9078cbae8935,shell_snapshot_restore_512_mib,ms,lower,120.7
windows-whp-virtual-machine,2,1,3051bf50b870b71916c4cb902fce9078cbae8935,virtfs_live_read,MB/s,higher,1300
windows-whp-virtual-machine,2,1,3051bf50b870b71916c4cb902fce9078cbae8935,virtfs_live_roundtrip,ms,lower,748.1
windows-whp-virtual-machine,2,1,3051bf50b870b71916c4cb902fce9078cbae8935,virtfs_live_write,MB/s,higher,175.2
windows-whp-virtual-machine,2,1,3051bf50b870b71916c4cb902fce9078cbae8935,virtio_blk_random_read_iops,ops/s,higher,7700.99098438
windows-whp-virtual-machine,2,1,3051bf50b870b71916c4cb902fce9078cbae8935,virtio_blk_random_write_iops,ops/s,higher,7463.81252112
windows-whp-virtual-machine,2,1,3051bf50b870b71916c4cb902fce9078cbae8935,virtio_fs_random_read_iops,ops/s,higher,11147.1772746
windows-whp-virtual-machine,2,1,3051bf50b870b71916c4cb902fce9078cbae8935,virtio_fs_random_write_iops,ops/s,higher,12070.0035207
windows-whp-virtual-machine,2,1,3051bf50b870b71916c4cb902fce9078cbae8935,virtio_net_udp_roundtrip_ops,ops/s,higher,4794.69727687
windows-whp-virtual-machine,2,1,ddc56e53062587b6fc81997007da8db514e1154a,cold_start_base,ms,lower,653.4
windows-whp-virtual-machine,2,1,ddc56e53062587b6fc81997007da8db514e1154a,cold_start_clocksource,ms,lower,640.6
windows-whp-virtual-machine,2,1,ddc56e53062587b6fc81997007da8db514e1154a,cold_start_cryptomgr_notests,ms,lower,644.8
windows-whp-virtual-machine,2,1,ddc56e53062587b6fc81997007da8db514e1154a,cold_start_mitigations_off,ms,lower,594.7
windows-whp-virtual-machine,2,1,ddc56e53062587b6fc81997007da8db514e1154a,cold_start_no_timer_check,ms,lower,560.5
windows-whp-virtual-machine,2,1,ddc56e53062587b6fc81997007da8db514e1154a,cold_start_nokaslr,ms,lower,625.9
windows-whp-virtual-machine,2,1,ddc56e53062587b6fc81997007da8db514e1154a,cold_start_random_trust_cpu,ms,lower,618.9
windows-whp-virtual-machine,2,1,ddc56e53062587b6fc81997007da8db514e1154a,cold_start_rcu_expedited,ms,lower,610.6
windows-whp-virtual-machine,2,1,ddc56e53062587b6fc81997007da8db514e1154a,cold_start_tsc_reliable,ms,lower,631.8
windows-whp-virtual-machine,2,1,ddc56e53062587b6fc81997007da8db514e1154a,network_snapshot_cold,ms,lower,650.3
windows-whp-virtual-machine,2,1,ddc56e53062587b6fc81997007da8db514e1154a,network_snapshot_restore,ms,lower,191.3
windows-whp-virtual-machine,2,1,ddc56e53062587b6fc81997007da8db514e1154a,network_snapshot_restore_wall,ms,lower,278.9
windows-whp-virtual-machine,2,1,ddc56e53062587b6fc81997007da8db514e1154a,openvmm_cold_start,ms,lower,552.1463
windows-whp-virtual-machine,2,1,ddc56e53062587b6fc81997007da8db514e1154a,openvmm_cold_start_guest_exit_teardown,ms,lower,57.83435
windows-whp-virtual-machine,2,1,ddc56e53062587b6fc81997007da8db514e1154a,openvmm_cold_start_peak_rss,MiB,lower,73.935546875
windows-whp-virtual-machine,2,1,ddc56e53062587b6fc81997007da8db514e1154a,openvmm_snapshot_generation,ms,lower,1065.74025
windows-whp-virtual-machine,2,1,ddc56e53062587b6fc81997007da8db514e1154a,openvmm_snapshot_generation_peak_rss,MiB,lower,76.609375
windows-whp-virtual-machine,2,1,ddc56e53062587b6fc81997007da8db514e1154a,openvmm_snapshot_restore,ms,lower,148.6422
windows-whp-virtual-machine,2,1,ddc56e53062587b6fc81997007da8db514e1154a,openvmm_snapshot_restore_guest_exit_teardown,ms,lower,25.3555
windows-whp-virtual-machine,2,1,ddc56e53062587b6fc81997007da8db514e1154a,openvmm_snapshot_restore_peak_rss,MiB,lower,18.408203125
windows-whp-virtual-machine,2,1,ddc56e53062587b6fc81997007da8db514e1154a,shell_snapshot_cold_128_mib,ms,lower,637.1
windows-whp-virtual-machine,2,1,ddc56e53062587b6fc81997007da8db514e1154a,shell_snapshot_cold_256_mib,ms,lower,635.9
windows-whp-virtual-machine,2,1,ddc56e53062587b6fc81997007da8db514e1154a,shell_snapshot_cold_512_mib,ms,lower,633.3
windows-whp-virtual-machine,2,1,ddc56e53062587b6fc81997007da8db514e1154a,shell_snapshot_restore_128_mib,ms,lower,151.8
windows-whp-virtual-machine,2,1,ddc56e53062587b6fc81997007da8db514e1154a,shell_snapshot_restore_256_mib,ms,lower,142.2
windows-whp-virtual-machine,2,1,ddc56e53062587b6fc81997007da8db514e1154a,shell_snapshot_restore_512_mib,ms,lower,139.4
windows-whp-virtual-machine,2,1,ddc56e53062587b6fc81997007da8db514e1154a,virtfs_live_read,MB/s,higher,1100.6
windows-whp-virtual-machine,2,1,ddc56e53062587b6fc81997007da8db514e1154a,virtfs_live_roundtrip,ms,lower,901.4
windows-whp-virtual-machine,2,1,ddc56e53062587b6fc81997007da8db514e1154a,virtfs_live_write,MB/s,higher,130.2
windows-whp-virtual-machine,2,1,ddc56e53062587b6fc81997007da8db514e1154a,virtio_blk_random_read_iops,ops/s,higher,5520.01217921
windows-whp-virtual-machine,2,1,ddc56e53062587b6fc81997007da8db514e1154a,virtio_blk_random_write_iops,ops/s,higher,5185.29952241
windows-whp-virtual-machine,2,1,ddc56e53062587b6fc81997007da8db514e1154a,virtio_fs_random_read_iops,ops/s,higher,8789.52504667
windows-whp-virtual-machine,2,1,ddc56e53062587b6fc81997007da8db514e1154a,virtio_fs_random_write_iops,ops/s,higher,8948.70902008
windows-whp-virtual-machine,2,1,ddc56e53062587b6fc81997007da8db514e1154a,virtio_net_udp_roundtrip_ops,ops/s,higher,3142.71888276
windows-whp-virtual-machine,2,1,3d3424aeb96a81ba1aa1462fb18ba0aaf8931715,cold_start_base,ms,lower,526.4
windows-whp-virtual-machine,2,1,3d3424aeb96a81ba1aa1462fb18ba0aaf8931715,cold_start_clocksource,ms,lower,543.3
windows-whp-virtual-machine,2,1,3d3424aeb96a81ba1aa1462fb18ba0aaf8931715,cold_start_cryptomgr_notests,ms,lower,520.5
windows-whp-virtual-machine,2,1,3d3424aeb96a81ba1aa1462fb18ba0aaf8931715,cold_start_mitigations_off,ms,lower,491.8
windows-whp-virtual-machine,2,1,3d3424aeb96a81ba1aa1462fb18ba0aaf8931715,cold_start_no_timer_check,ms,lower,481.5
windows-whp-virtual-machine,2,1,3d3424aeb96a81ba1aa1462fb18ba0aaf8931715,cold_start_nokaslr,ms,lower,533.9
windows-whp-virtual-machine,2,1,3d3424aeb96a81ba1aa1462fb18ba0aaf8931715,cold_start_random_trust_cpu,ms,lower,518.7
windows-whp-virtual-machine,2,1,3d3424aeb96a81ba1aa1462fb18ba0aaf8931715,cold_start_rcu_expedited,ms,lower,526.9
windows-whp-virtual-machine,2,1,3d3424aeb96a81ba1aa1462fb18ba0aaf8931715,cold_start_tsc_reliable,ms,lower,519.3
windows-whp-virtual-machine,2,1,3d3424aeb96a81ba1aa1462fb18ba0aaf8931715,network_snapshot_cold,ms,lower,534.7
windows-whp-virtual-machine,2,1,3d3424aeb96a81ba1aa1462fb18ba0aaf8931715,network_snapshot_restore,ms,lower,155.6
windows-whp-virtual-machine,2,1,3d3424aeb96a81ba1aa1462fb18ba0aaf8931715,network_snapshot_restore_wall,ms,lower,227.6
windows-whp-virtual-machine,2,1,3d3424aeb96a81ba1aa1462fb18ba0aaf8931715,openvmm_cold_start,ms,lower,436.529
windows-whp-virtual-machine,2,1,3d3424aeb96a81ba1aa1462fb18ba0aaf8931715,openvmm_cold_start_guest_exit_teardown,ms,lower,48.7132
windows-whp-virtual-machine,2,1,3d3424aeb96a81ba1aa1462fb18ba0aaf8931715,openvmm_cold_start_peak_rss,MiB,lower,73.912109375
windows-whp-virtual-machine,2,1,3d3424aeb96a81ba1aa1462fb18ba0aaf8931715,openvmm_snapshot_generation,ms,lower,969.5485
windows-whp-virtual-machine,2,1,3d3424aeb96a81ba1aa1462fb18ba0aaf8931715,openvmm_snapshot_generation_peak_rss,MiB,lower,76.599609375
windows-whp-virtual-machine,2,1,3d3424aeb96a81ba1aa1462fb18ba0aaf8931715,openvmm_snapshot_restore,ms,lower,120.50165
windows-whp-virtual-machine,2,1,3d3424aeb96a81ba1aa1462fb18ba0aaf8931715,openvmm_snapshot_restore_guest_exit_teardown,ms,lower,22.01435
windows-whp-virtual-machine,2,1,3d3424aeb96a81ba1aa1462fb18ba0aaf8931715,openvmm_snapshot_restore_peak_rss,MiB,lower,18.41015625
windows-whp-virtual-machine,2,1,3d3424aeb96a81ba1aa1462fb18ba0aaf8931715,shell_snapshot_cold_128_mib,ms,lower,521.1
windows-whp-virtual-machine,2,1,3d3424aeb96a81ba1aa1462fb18ba0aaf8931715,shell_snapshot_cold_256_mib,ms,lower,526.2
windows-whp-virtual-machine,2,1,3d3424aeb96a81ba1aa1462fb18ba0aaf8931715,shell_snapshot_cold_512_mib,ms,lower,532.6
windows-whp-virtual-machine,2,1,3d3424aeb96a81ba1aa1462fb18ba0aaf8931715,shell_snapshot_restore_128_mib,ms,lower,115.8
windows-whp-virtual-machine,2,1,3d3424aeb96a81ba1aa1462fb18ba0aaf8931715,shell_snapshot_restore_256_mib,ms,lower,113.6
windows-whp-virtual-machine,2,1,3d3424aeb96a81ba1aa1462fb18ba0aaf8931715,shell_snapshot_restore_512_mib,ms,lower,113.4
windows-whp-virtual-machine,2,1,3d3424aeb96a81ba1aa1462fb18ba0aaf8931715,virtfs_live_read,MB/s,higher,1300
windows-whp-virtual-machine,2,1,3d3424aeb96a81ba1aa1462fb18ba0aaf8931715,virtfs_live_roundtrip,ms,lower,766
windows-whp-virtual-machine,2,1,3d3424aeb96a81ba1aa1462fb18ba0aaf8931715,virtfs_live_write,MB/s,higher,172.8
windows-whp-virtual-machine,2,1,3d3424aeb96a81ba1aa1462fb18ba0aaf8931715,virtio_blk_random_read_iops,ops/s,higher,7218.75806894
windows-whp-virtual-machine,2,1,3d3424aeb96a81ba1aa1462fb18ba0aaf8931715,virtio_blk_random_write_iops,ops/s,higher,7095.44355034
windows-whp-virtual-machine,2,1,3d3424aeb96a81ba1aa1462fb18ba0aaf8931715,virtio_fs_random_read_iops,ops/s,higher,11033.1347691
windows-whp-virtual-machine,2,1,3d3424aeb96a81ba1aa1462fb18ba0aaf8931715,virtio_fs_random_write_iops,ops/s,higher,11690.6582197
windows-whp-virtual-machine,2,1,3d3424aeb96a81ba1aa1462fb18ba0aaf8931715,virtio_net_udp_roundtrip_ops,ops/s,higher,4647.59166451
windows-whp-virtual-machine,2,1,b3904c6dd62a4b4f9a41a813bcae42247c1a633a,cold_start_base,ms,lower,537.9
windows-whp-virtual-machine,2,1,b3904c6dd62a4b4f9a41a813bcae42247c1a633a,cold_start_clocksource,ms,lower,547.5
windows-whp-virtual-machine,2,1,b3904c6dd62a4b4f9a41a813bcae42247c1a633a,cold_start_cryptomgr_notests,ms,lower,534.1
windows-whp-virtual-machine,2,1,b3904c6dd62a4b4f9a41a813bcae42247c1a633a,cold_start_mitigations_off,ms,lower,505.9
windows-whp-virtual-machine,2,1,b3904c6dd62a4b4f9a41a813bcae42247c1a633a,cold_start_no_timer_check,ms,lower,490.9
windows-whp-virtual-machine,2,1,b3904c6dd62a4b4f9a41a813bcae42247c1a633a,cold_start_nokaslr,ms,lower,541.8
windows-whp-virtual-machine,2,1,b3904c6dd62a4b4f9a41a813bcae42247c1a633a,cold_start_random_trust_cpu,ms,lower,536
windows-whp-virtual-machine,2,1,b3904c6dd62a4b4f9a41a813bcae42247c1a633a,cold_start_rcu_expedited,ms,lower,537.1
windows-whp-virtual-machine,2,1,b3904c6dd62a4b4f9a41a813bcae42247c1a633a,cold_start_tsc_reliable,ms,lower,537.9
windows-whp-virtual-machine,2,1,b3904c6dd62a4b4f9a41a813bcae42247c1a633a,network_snapshot_cold,ms,lower,553.3
windows-whp-virtual-machine,2,1,b3904c6dd62a4b4f9a41a813bcae42247c1a633a,network_snapshot_restore,ms,lower,156.7
windows-whp-virtual-machine,2,1,b3904c6dd62a4b4f9a41a813bcae42247c1a633a,network_snapshot_restore_wall,ms,lower,233.5
windows-whp-virtual-machine,2,1,b3904c6dd62a4b4f9a41a813bcae42247c1a633a,openvmm_cold_start,ms,lower,451.8388
windows-whp-virtual-machine,2,1,b3904c6dd62a4b4f9a41a813bcae42247c1a633a,openvmm_cold_start_guest_exit_teardown,ms,lower,47.5025
windows-whp-virtual-machine,2,1,b3904c6dd62a4b4f9a41a813bcae42247c1a633a,openvmm_cold_start_peak_rss,MiB,lower,73.93359375
windows-whp-virtual-machine,2,1,b3904c6dd62a4b4f9a41a813bcae42247c1a633a,openvmm_snapshot_generation,ms,lower,960.234
windows-whp-virtual-machine,2,1,b3904c6dd62a4b4f9a41a813bcae42247c1a633a,openvmm_snapshot_generation_peak_rss,MiB,lower,76.5859375
windows-whp-virtual-machine,2,1,b3904c6dd62a4b4f9a41a813bcae42247c1a633a,openvmm_snapshot_restore,ms,lower,118.9714
windows-whp-virtual-machine,2,1,b3904c6dd62a4b4f9a41a813bcae42247c1a633a,openvmm_snapshot_restore_guest_exit_teardown,ms,lower,21.32935
windows-whp-virtual-machine,2,1,b3904c6dd62a4b4f9a41a813bcae42247c1a633a,openvmm_snapshot_restore_peak_rss,MiB,lower,18.41015625
windows-whp-virtual-machine,2,1,b3904c6dd62a4b4f9a41a813bcae42247c1a633a,shell_snapshot_cold_128_mib,ms,lower,539.8
windows-whp-virtual-machine,2,1,b3904c6dd62a4b4f9a41a813bcae42247c1a633a,shell_snapshot_cold_256_mib,ms,lower,545.2
windows-whp-virtual-machine,2,1,b3904c6dd62a4b4f9a41a813bcae42247c1a633a,shell_snapshot_cold_512_mib,ms,lower,558.7
windows-whp-virtual-machine,2,1,b3904c6dd62a4b4f9a41a813bcae42247c1a633a,shell_snapshot_restore_128_mib,ms,lower,122.5
windows-whp-virtual-machine,2,1,b3904c6dd62a4b4f9a41a813bcae42247c1a633a,shell_snapshot_restore_256_mib,ms,lower,131.7
windows-whp-virtual-machine,2,1,b3904c6dd62a4b4f9a41a813bcae42247c1a633a,shell_snapshot_restore_512_mib,ms,lower,119.2
windows-whp-virtual-machine,2,1,b3904c6dd62a4b4f9a41a813bcae42247c1a633a,virtfs_live_read,MB/s,higher,1200
windows-whp-virtual-machine,2,1,b3904c6dd62a4b4f9a41a813bcae42247c1a633a,virtfs_live_roundtrip,ms,lower,787.9
windows-whp-virtual-machine,2,1,b3904c6dd62a4b4f9a41a813bcae42247c1a633a,virtfs_live_write,MB/s,higher,165.4
windows-whp-virtual-machine,2,1,b3904c6dd62a4b4f9a41a813bcae42247c1a633a,virtio_blk_random_read_iops,ops/s,higher,6885.50667302
windows-whp-virtual-machine,2,1,b3904c6dd62a4b4f9a41a813bcae42247c1a633a,virtio_blk_random_write_iops,ops/s,higher,6673.25833606
windows-whp-virtual-machine,2,1,b3904c6dd62a4b4f9a41a813bcae42247c1a633a,virtio_fs_random_read_iops,ops/s,higher,10730.6037804
windows-whp-virtual-machine,2,1,b3904c6dd62a4b4f9a41a813bcae42247c1a633a,virtio_fs_random_write_iops,ops/s,higher,11365.2063471
windows-whp-virtual-machine,2,1,b3904c6dd62a4b4f9a41a813bcae42247c1a633a,virtio_net_udp_roundtrip_ops,ops/s,higher,4410.59433548
windows-whp-virtual-machine,2,1,2f6869464389eecdf3aa7fed6e0e670d4299afb7,cold_start_base,ms,lower,587
windows-whp-virtual-machine,2,1,2f6869464389eecdf3aa7fed6e0e670d4299afb7,cold_start_clocksource,ms,lower,578.8
windows-whp-virtual-machine,2,1,2f6869464389eecdf3aa7fed6e0e670d4299afb7,cold_start_cryptomgr_notests,ms,lower,577.1
windows-whp-virtual-machine,2,1,2f6869464389eecdf3aa7fed6e0e670d4299afb7,cold_start_mitigations_off,ms,lower,547.8
windows-whp-virtual-machine,2,1,2f6869464389eecdf3aa7fed6e0e670d4299afb7,cold_start_no_timer_check,ms,lower,525.6
windows-whp-virtual-machine,2,1,2f6869464389eecdf3aa7fed6e0e670d4299afb7,cold_start_nokaslr,ms,lower,579.3
windows-whp-virtual-machine,2,1,2f6869464389eecdf3aa7fed6e0e670d4299afb7,cold_start_random_trust_cpu,ms,lower,572.9
windows-whp-virtual-machine,2,1,2f6869464389eecdf3aa7fed6e0e670d4299afb7,cold_start_rcu_expedited,ms,lower,576.5
windows-whp-virtual-machine,2,1,2f6869464389eecdf3aa7fed6e0e670d4299afb7,cold_start_tsc_reliable,ms,lower,581.7
windows-whp-virtual-machine,2,1,2f6869464389eecdf3aa7fed6e0e670d4299afb7,network_snapshot_cold,ms,lower,603.1
windows-whp-virtual-machine,2,1,2f6869464389eecdf3aa7fed6e0e670d4299afb7,network_snapshot_restore,ms,lower,182.4
windows-whp-virtual-machine,2,1,2f6869464389eecdf3aa7fed6e0e670d4299afb7,network_snapshot_restore_wall,ms,lower,262.4
windows-whp-virtual-machine,2,1,2f6869464389eecdf3aa7fed6e0e670d4299afb7,openvmm_cold_start,ms,lower,512.8971
windows-whp-virtual-machine,2,1,2f6869464389eecdf3aa7fed6e0e670d4299afb7,openvmm_cold_start_guest_exit_teardown,ms,lower,53.5196
windows-whp-virtual-machine,2,1,2f6869464389eecdf3aa7fed6e0e670d4299afb7,openvmm_cold_start_peak_rss,MiB,lower,73.9296875
windows-whp-virtual-machine,2,1,2f6869464389eecdf3aa7fed6e0e670d4299afb7,openvmm_snapshot_generation,ms,lower,1067.6242
windows-whp-virtual-machine,2,1,2f6869464389eecdf3aa7fed6e0e670d4299afb7,openvmm_snapshot_generation_peak_rss,MiB,lower,76.59765625
windows-whp-virtual-machine,2,1,2f6869464389eecdf3aa7fed6e0e670d4299afb7,openvmm_snapshot_restore,ms,lower,142.1472
windows-whp-virtual-machine,2,1,2f6869464389eecdf3aa7fed6e0e670d4299afb7,openvmm_snapshot_restore_guest_exit_teardown,ms,lower,23.67265
windows-whp-virtual-machine,2,1,2f6869464389eecdf3aa7fed6e0e670d4299afb7,openvmm_snapshot_restore_peak_rss,MiB,lower,18.443359375
windows-whp-virtual-machine,2,1,2f6869464389eecdf3aa7fed6e0e670d4299afb7,shell_snapshot_cold_128_mib,ms,lower,588.2
windows-whp-virtual-machine,2,1,2f6869464389eecdf3aa7fed6e0e670d4299afb7,shell_snapshot_cold_256_mib,ms,lower,583.9
windows-whp-virtual-machine,2,1,2f6869464389eecdf3aa7fed6e0e670d4299afb7,shell_snapshot_cold_512_mib,ms,lower,600.7
windows-whp-virtual-machine,2,1,2f6869464389eecdf3aa7fed6e0e670d4299afb7,shell_snapshot_restore_128_mib,ms,lower,134
windows-whp-virtual-machine,2,1,2f6869464389eecdf3aa7fed6e0e670d4299afb7,shell_snapshot_restore_256_mib,ms,lower,141.7
windows-whp-virtual-machine,2,1,2f6869464389eecdf3aa7fed6e0e670d4299afb7,shell_snapshot_restore_512_mib,ms,lower,135.4
windows-whp-virtual-machine,2,1,2f6869464389eecdf3aa7fed6e0e670d4299afb7,virtfs_live_read,MB/s,higher,1650
windows-whp-virtual-machine,2,1,2f6869464389eecdf3aa7fed6e0e670d4299afb7,virtfs_live_roundtrip,ms,lower,809.3
windows-whp-virtual-machine,2,1,2f6869464389eecdf3aa7fed6e0e670d4299afb7,virtfs_live_write,MB/s,higher,133.8
windows-whp-virtual-machine,2,1,2f6869464389eecdf3aa7fed6e0e670d4299afb7,virtio_blk_random_read_iops,ops/s,higher,6513.73144283
windows-whp-virtual-machine,2,1,2f6869464389eecdf3aa7fed6e0e670d4299afb7,virtio_blk_random_write_iops,ops/s,higher,6344.01682445
windows-whp-virtual-machine,2,1,2f6869464389eecdf3aa7fed6e0e670d4299afb7,virtio_fs_random_read_iops,ops/s,higher,9700.17454833
windows-whp-virtual-machine,2,1,2f6869464389eecdf3aa7fed6e0e670d4299afb7,virtio_fs_random_write_iops,ops/s,higher,10216.2211502
windows-whp-virtual-machine,2,1,2f6869464389eecdf3aa7fed6e0e670d4299afb7,virtio_net_udp_roundtrip_ops,ops/s,higher,4166.20330405
windows-whp-virtual-machine,2,1,aeb5b9154456755b410c6d926d63867f1c027930,cold_start_base,ms,lower,521.5
windows-whp-virtual-machine,2,1,aeb5b9154456755b410c6d926d63867f1c027930,cold_start_clocksource,ms,lower,518
windows-whp-virtual-machine,2,1,aeb5b9154456755b410c6d926d63867f1c027930,cold_start_cryptomgr_notests,ms,lower,527.1
windows-whp-virtual-machine,2,1,aeb5b9154456755b410c6d926d63867f1c027930,cold_start_mitigations_off,ms,lower,490.1
windows-whp-virtual-machine,2,1,aeb5b9154456755b410c6d926d63867f1c027930,cold_start_no_timer_check,ms,lower,475.2
windows-whp-virtual-machine,2,1,aeb5b9154456755b410c6d926d63867f1c027930,cold_start_nokaslr,ms,lower,524.7
windows-whp-virtual-machine,2,1,aeb5b9154456755b410c6d926d63867f1c027930,cold_start_random_trust_cpu,ms,lower,526.1
windows-whp-virtual-machine,2,1,aeb5b9154456755b410c6d926d63867f1c027930,cold_start_rcu_expedited,ms,lower,524.2
windows-whp-virtual-machine,2,1,aeb5b9154456755b410c6d926d63867f1c027930,cold_start_tsc_reliable,ms,lower,520.9
windows-whp-virtual-machine,2,1,aeb5b9154456755b410c6d926d63867f1c027930,network_snapshot_cold,ms,lower,528.9
windows-whp-virtual-machine,2,1,aeb5b9154456755b410c6d926d63867f1c027930,network_snapshot_restore,ms,lower,154.2
windows-whp-virtual-machine,2,1,aeb5b9154456755b410c6d926d63867f1c027930,network_snapshot_restore_wall,ms,lower,227.9
windows-whp-virtual-machine,2,1,aeb5b9154456755b410c6d926d63867f1c027930,openvmm_cold_start,ms,lower,439.96415
windows-whp-virtual-machine,2,1,aeb5b9154456755b410c6d926d63867f1c027930,openvmm_cold_start_guest_exit_teardown,ms,lower,49.7645
windows-whp-virtual-machine,2,1,aeb5b9154456755b410c6d926d63867f1c027930,openvmm_cold_start_peak_rss,MiB,lower,73.93359375
windows-whp-virtual-machine,2,1,aeb5b9154456755b410c6d926d63867f1c027930,openvmm_snapshot_generation,ms,lower,1032.74785
windows-whp-virtual-machine,2,1,aeb5b9154456755b410c6d926d63867f1c027930,openvmm_snapshot_generation_peak_rss,MiB,lower,76.60546875
windows-whp-virtual-machine,2,1,aeb5b9154456755b410c6d926d63867f1c027930,openvmm_snapshot_restore,ms,lower,114.66935
windows-whp-virtual-machine,2,1,aeb5b9154456755b410c6d926d63867f1c027930,openvmm_snapshot_restore_guest_exit_teardown,ms,lower,21.0962
windows-whp-virtual-machine,2,1,aeb5b9154456755b410c6d926d63867f1c027930,openvmm_snapshot_restore_peak_rss,MiB,lower,18.396484375
windows-whp-virtual-machine,2,1,aeb5b9154456755b410c6d926d63867f1c027930,shell_snapshot_cold_128_mib,ms,lower,518.3
windows-whp-virtual-machine,2,1,aeb5b9154456755b410c6d926d63867f1c027930,shell_snapshot_cold_256_mib,ms,lower,513.8
windows-whp-virtual-machine,2,1,aeb5b9154456755b410c6d926d63867f1c027930,shell_snapshot_cold_512_mib,ms,lower,539.2
windows-whp-virtual-machine,2,1,aeb5b9154456755b410c6d926d63867f1c027930,shell_snapshot_restore_128_mib,ms,lower,121.9
windows-whp-virtual-machine,2,1,aeb5b9154456755b410c6d926d63867f1c027930,shell_snapshot_restore_256_mib,ms,lower,120.6
windows-whp-virtual-machine,2,1,aeb5b9154456755b410c6d926d63867f1c027930,shell_snapshot_restore_512_mib,ms,lower,120.1
windows-whp-virtual-machine,2,1,aeb5b9154456755b410c6d926d63867f1c027930,virtfs_live_read,MB/s,higher,1055.4
windows-whp-virtual-machine,2,1,aeb5b9154456755b410c6d926d63867f1c027930,virtfs_live_roundtrip,ms,lower,730.1
windows-whp-virtual-machine,2,1,aeb5b9154456755b410c6d926d63867f1c027930,virtfs_live_write,MB/s,higher,177.1
windows-whp-virtual-machine,2,1,aeb5b9154456755b410c6d926d63867f1c027930,virtio_blk_random_read_iops,ops/s,higher,7897.43813249
windows-whp-virtual-machine,2,1,aeb5b9154456755b410c6d926d63867f1c027930,virtio_blk_random_write_iops,ops/s,higher,7557.17621808
windows-whp-virtual-machine,2,1,aeb5b9154456755b410c6d926d63867f1c027930,virtio_fs_random_read_iops,ops/s,higher,11519.9070579
windows-whp-virtual-machine,2,1,aeb5b9154456755b410c6d926d63867f1c027930,virtio_fs_random_write_iops,ops/s,higher,12367.5213469
windows-whp-virtual-machine,2,1,aeb5b9154456755b410c6d926d63867f1c027930,virtio_net_udp_roundtrip_ops,ops/s,higher,4814.3926585
windows-whp-virtual-machine,2,1,1cb930f45360f45f5f489da6a9f0ce4d7d0e2296,cold_start_base,ms,lower,600.8
windows-whp-virtual-machine,2,1,1cb930f45360f45f5f489da6a9f0ce4d7d0e2296,cold_start_clocksource,ms,lower,590.7
windows-whp-virtual-machine,2,1,1cb930f45360f45f5f489da6a9f0ce4d7d0e2296,cold_start_cryptomgr_notests,ms,lower,600.6
windows-whp-virtual-machine,2,1,1cb930f45360f45f5f489da6a9f0ce4d7d0e2296,cold_start_mitigations_off,ms,lower,556.3
windows-whp-virtual-machine,2,1,1cb930f45360f45f5f489da6a9f0ce4d7d0e2296,cold_start_no_timer_check,ms,lower,545.5
windows-whp-virtual-machine,2,1,1cb930f45360f45f5f489da6a9f0ce4d7d0e2296,cold_start_nokaslr,ms,lower,590.6
windows-whp-virtual-machine,2,1,1cb930f45360f45f5f489da6a9f0ce4d7d0e2296,cold_start_random_trust_cpu,ms,lower,585.2
windows-whp-virtual-machine,2,1,1cb930f45360f45f5f489da6a9f0ce4d7d0e2296,cold_start_rcu_expedited,ms,lower,596.9
windows-whp-virtual-machine,2,1,1cb930f45360f45f5f489da6a9f0ce4d7d0e2296,cold_start_tsc_reliable,ms,lower,598.5
windows-whp-virtual-machine,2,1,1cb930f45360f45f5f489da6a9f0ce4d7d0e2296,network_snapshot_cold,ms,lower,608.4
windows-whp-virtual-machine,2,1,1cb930f45360f45f5f489da6a9f0ce4d7d0e2296,network_snapshot_restore,ms,lower,178.4
windows-whp-virtual-machine,2,1,1cb930f45360f45f5f489da6a9f0ce4d7d0e2296,network_snapshot_restore_wall,ms,lower,265.2
windows-whp-virtual-machine,2,1,1cb930f45360f45f5f489da6a9f0ce4d7d0e2296,openvmm_cold_start,ms,lower,505.48845
windows-whp-virtual-machine,2,1,1cb930f45360f45f5f489da6a9f0ce4d7d0e2296,openvmm_cold_start_guest_exit_teardown,ms,lower,54.8816
windows-whp-virtual-machine,2,1,1cb930f45360f45f5f489da6a9f0ce4d7d0e2296,openvmm_cold_start_peak_rss,MiB,lower,73.95703125
windows-whp-virtual-machine,2,1,1cb930f45360f45f5f489da6a9f0ce4d7d0e2296,openvmm_snapshot_generation,ms,lower,1095.0419
windows-whp-virtual-machine,2,1,1cb930f45360f45f5f489da6a9f0ce4d7d0e2296,openvmm_snapshot_generation_peak_rss,MiB,lower,76.626953125
windows-whp-virtual-machine,2,1,1cb930f45360f45f5f489da6a9f0ce4d7d0e2296,openvmm_snapshot_restore,ms,lower,146.34395
windows-whp-virtual-machine,2,1,1cb930f45360f45f5f489da6a9f0ce4d7d0e2296,openvmm_snapshot_restore_guest_exit_teardown,ms,lower,24.71265
windows-whp-virtual-machine,2,1,1cb930f45360f45f5f489da6a9f0ce4d7d0e2296,openvmm_snapshot_restore_peak_rss,MiB,lower,18.357421875
windows-whp-virtual-machine,2,1,1cb930f45360f45f5f489da6a9f0ce4d7d0e2296,shell_snapshot_cold_128_mib,ms,lower,594.8
windows-whp-virtual-machine,2,1,1cb930f45360f45f5f489da6a9f0ce4d7d0e2296,shell_snapshot_cold_256_mib,ms,lower,600.8
windows-whp-virtual-machine,2,1,1cb930f45360f45f5f489da6a9f0ce4d7d0e2296,shell_snapshot_cold_512_mib,ms,lower,607.6
windows-whp-virtual-machine,2,1,1cb930f45360f45f5f489da6a9f0ce4d7d0e2296,shell_snapshot_restore_128_mib,ms,lower,140.7
windows-whp-virtual-machine,2,1,1cb930f45360f45f5f489da6a9f0ce4d7d0e2296,shell_snapshot_restore_256_mib,ms,lower,139.7
windows-whp-virtual-machine,2,1,1cb930f45360f45f5f489da6a9f0ce4d7d0e2296,shell_snapshot_restore_512_mib,ms,lower,136.8
windows-whp-virtual-machine,2,1,1cb930f45360f45f5f489da6a9f0ce4d7d0e2296,virtfs_live_read,MB/s,higher,1239.8
windows-whp-virtual-machine,2,1,1cb930f45360f45f5f489da6a9f0ce4d7d0e2296,virtfs_live_roundtrip,ms,lower,847.5
windows-whp-virtual-machine,2,1,1cb930f45360f45f5f489da6a9f0ce4d7d0e2296,virtfs_live_write,MB/s,higher,127.9
windows-whp-virtual-machine,2,1,1cb930f45360f45f5f489da6a9f0ce4d7d0e2296,virtio_blk_random_read_iops,ops/s,higher,6295.81424164
windows-whp-virtual-machine,2,1,1cb930f45360f45f5f489da6a9f0ce4d7d0e2296,virtio_blk_random_write_iops,ops/s,higher,6250.03201609
windows-whp-virtual-machine,2,1,1cb930f45360f45f5f489da6a9f0ce4d7d0e2296,virtio_fs_random_read_iops,ops/s,higher,10478.0372287
windows-whp-virtual-machine,2,1,1cb930f45360f45f5f489da6a9f0ce4d7d0e2296,virtio_fs_random_write_iops,ops/s,higher,10052.9381659
windows-whp-virtual-machine,2,1,1cb930f45360f45f5f489da6a9f0ce4d7d0e2296,virtio_net_udp_roundtrip_ops,ops/s,higher,4221.52826903
windows-whp-virtual-machine,2,1,307aac87da0fd26581a384f5510d95bc84544537,cold_start_base,ms,lower,525.9
windows-whp-virtual-machine,2,1,307aac87da0fd26581a384f5510d95bc84544537,cold_start_clocksource,ms,lower,521.9
windows-whp-virtual-machine,2,1,307aac87da0fd26581a384f5510d95bc84544537,cold_start_cryptomgr_notests,ms,lower,516
windows-whp-virtual-machine,2,1,307aac87da0fd26581a384f5510d95bc84544537,cold_start_mitigations_off,ms,lower,489.8
windows-whp-virtual-machine,2,1,307aac87da0fd26581a384f5510d95bc84544537,cold_start_no_timer_check,ms,lower,468.5
windows-whp-virtual-machine,2,1,307aac87da0fd26581a384f5510d95bc84544537,cold_start_nokaslr,ms,lower,527.5
windows-whp-virtual-machine,2,1,307aac87da0fd26581a384f5510d95bc84544537,cold_start_random_trust_cpu,ms,lower,519
windows-whp-virtual-machine,2,1,307aac87da0fd26581a384f5510d95bc84544537,cold_start_rcu_expedited,ms,lower,523.6
windows-whp-virtual-machine,2,1,307aac87da0fd26581a384f5510d95bc84544537,cold_start_tsc_reliable,ms,lower,528.7
windows-whp-virtual-machine,2,1,307aac87da0fd26581a384f5510d95bc84544537,network_snapshot_cold,ms,lower,537.8
windows-whp-virtual-machine,2,1,307aac87da0fd26581a384f5510d95bc84544537,network_snapshot_restore,ms,lower,160.1
windows-whp-virtual-machine,2,1,307aac87da0fd26581a384f5510d95bc84544537,network_snapshot_restore_wall,ms,lower,231.8
windows-whp-virtual-machine,2,1,307aac87da0fd26581a384f5510d95bc84544537,openvmm_cold_start,ms,lower,436.40105
windows-whp-virtual-machine,2,1,307aac87da0fd26581a384f5510d95bc84544537,openvmm_cold_start_guest_exit_teardown,ms,lower,47.71305
windows-whp-virtual-machine,2,1,307aac87da0fd26581a384f5510d95bc84544537,openvmm_cold_start_peak_rss,MiB,lower,73.990234375
windows-whp-virtual-machine,2,1,307aac87da0fd26581a384f5510d95bc84544537,openvmm_snapshot_generation,ms,lower,980.8243
windows-whp-virtual-machine,2,1,307aac87da0fd26581a384f5510d95bc84544537,openvmm_snapshot_generation_peak_rss,MiB,lower,76.646484375
windows-whp-virtual-machine,2,1,307aac87da0fd26581a384f5510d95bc84544537,openvmm_snapshot_restore,ms,lower,120.0132
windows-whp-virtual-machine,2,1,307aac87da0fd26581a384f5510d95bc84544537,openvmm_snapshot_restore_guest_exit_teardown,ms,lower,21.7579
windows-whp-virtual-machine,2,1,307aac87da0fd26581a384f5510d95bc84544537,openvmm_snapshot_restore_peak_rss,MiB,lower,18.42578125
windows-whp-virtual-machine,2,1,307aac87da0fd26581a384f5510d95bc84544537,shell_snapshot_cold_128_mib,ms,lower,523.5
windows-whp-virtual-machine,2,1,307aac87da0fd26581a384f5510d95bc84544537,shell_snapshot_cold_256_mib,ms,lower,539.7
windows-whp-virtual-machine,2,1,307aac87da0fd26581a384f5510d95bc84544537,shell_snapshot_cold_512_mib,ms,lower,547.6
windows-whp-virtual-machine,2,1,307aac87da0fd26581a384f5510d95bc84544537,shell_snapshot_restore_128_mib,ms,lower,122.2
windows-whp-virtual-machine,2,1,307aac87da0fd26581a384f5510d95bc84544537,shell_snapshot_restore_256_mib,ms,lower,125.9
windows-whp-virtual-machine,2,1,307aac87da0fd26581a384f5510d95bc84544537,shell_snapshot_restore_512_mib,ms,lower,121.9
windows-whp-virtual-machine,2,1,307aac87da0fd26581a384f5510d95bc84544537,virtfs_live_read,MB/s,higher,1000
windows-whp-virtual-machine,2,1,307aac87da0fd26581a384f5510d95bc84544537,virtfs_live_roundtrip,ms,lower,754.7
windows-whp-virtual-machine,2,1,307aac87da0fd26581a384f5510d95bc84544537,virtfs_live_write,MB/s,higher,177.3
windows-whp-virtual-machine,2,1,307aac87da0fd26581a384f5510d95bc84544537,virtio_blk_random_read_iops,ops/s,higher,7601.47011621
windows-whp-virtual-machine,2,1,307aac87da0fd26581a384f5510d95bc84544537,virtio_blk_random_write_iops,ops/s,higher,7518.49624113
windows-whp-virtual-machine,2,1,307aac87da0fd26581a384f5510d95bc84544537,virtio_fs_random_read_iops,ops/s,higher,12064.7263036
windows-whp-virtual-machine,2,1,307aac87da0fd26581a384f5510d95bc84544537,virtio_fs_random_write_iops,ops/s,higher,12253.3545088
windows-whp-virtual-machine,2,1,307aac87da0fd26581a384f5510d95bc84544537,virtio_net_udp_roundtrip_ops,ops/s,higher,4748.00467838
windows-whp-virtual-machine,2,1,84b8d9d3e3fa7bd083dc92a097a006ece2fbbb44,cold_start_base,ms,lower,600.1
windows-whp-virtual-machine,2,1,84b8d9d3e3fa7bd083dc92a097a006ece2fbbb44,cold_start_clocksource,ms,lower,596.3
windows-whp-virtual-machine,2,1,84b8d9d3e3fa7bd083dc92a097a006ece2fbbb44,cold_start_cryptomgr_notests,ms,lower,596.3
windows-whp-virtual-machine,2,1,84b8d9d3e3fa7bd083dc92a097a006ece2fbbb44,cold_start_mitigations_off,ms,lower,558.2
windows-whp-virtual-machine,2,1,84b8d9d3e3fa7bd083dc92a097a006ece2fbbb44,cold_start_no_timer_check,ms,lower,549.1
windows-whp-virtual-machine,2,1,84b8d9d3e3fa7bd083dc92a097a006ece2fbbb44,cold_start_nokaslr,ms,lower,605.7
windows-whp-virtual-machine,2,1,84b8d9d3e3fa7bd083dc92a097a006ece2fbbb44,cold_start_random_trust_cpu,ms,lower,594.9
windows-whp-virtual-machine,2,1,84b8d9d3e3fa7bd083dc92a097a006ece2fbbb44,cold_start_rcu_expedited,ms,lower,593.7
windows-whp-virtual-machine,2,1,84b8d9d3e3fa7bd083dc92a097a006ece2fbbb44,cold_start_tsc_reliable,ms,lower,595.7
windows-whp-virtual-machine,2,1,84b8d9d3e3fa7bd083dc92a097a006ece2fbbb44,network_snapshot_cold,ms,lower,607.4
windows-whp-virtual-machine,2,1,84b8d9d3e3fa7bd083dc92a097a006ece2fbbb44,network_snapshot_restore,ms,lower,188.5
windows-whp-virtual-machine,2,1,84b8d9d3e3fa7bd083dc92a097a006ece2fbbb44,network_snapshot_restore_wall,ms,lower,271.6
windows-whp-virtual-machine,2,1,84b8d9d3e3fa7bd083dc92a097a006ece2fbbb44,openvmm_cold_start,ms,lower,512.31755
windows-whp-virtual-machine,2,1,84b8d9d3e3fa7bd083dc92a097a006ece2fbbb44,openvmm_cold_start_guest_exit_teardown,ms,lower,54.17925
windows-whp-virtual-machine,2,1,84b8d9d3e3fa7bd083dc92a097a006ece2fbbb44,openvmm_cold_start_peak_rss,MiB,lower,73.9765625
windows-whp-virtual-machine,2,1,84b8d9d3e3fa7bd083dc92a097a006ece2fbbb44,openvmm_snapshot_generation,ms,lower,1074.87115
windows-whp-virtual-machine,2,1,84b8d9d3e3fa7bd083dc92a097a006ece2fbbb44,openvmm_snapshot_generation_peak_rss,MiB,lower,76.634765625
windows-whp-virtual-machine,2,1,84b8d9d3e3fa7bd083dc92a097a006ece2fbbb44,openvmm_snapshot_restore,ms,lower,149.8961
windows-whp-virtual-machine,2,1,84b8d9d3e3fa7bd083dc92a097a006ece2fbbb44,openvmm_snapshot_restore_guest_exit_teardown,ms,lower,23.91695
windows-whp-virtual-machine,2,1,84b8d9d3e3fa7bd083dc92a097a006ece2fbbb44,openvmm_snapshot_restore_peak_rss,MiB,lower,18.3828125
windows-whp-virtual-machine,2,1,84b8d9d3e3fa7bd083dc92a097a006ece2fbbb44,shell_snapshot_cold_128_mib,ms,lower,591.7
windows-whp-virtual-machine,2,1,84b8d9d3e3fa7bd083dc92a097a006ece2fbbb44,shell_snapshot_cold_256_mib,ms,lower,600.5
windows-whp-virtual-machine,2,1,84b8d9d3e3fa7bd083dc92a097a006ece2fbbb44,shell_snapshot_cold_512_mib,ms,lower,607.4
windows-whp-virtual-machine,2,1,84b8d9d3e3fa7bd083dc92a097a006ece2fbbb44,shell_snapshot_restore_128_mib,ms,lower,134
windows-whp-virtual-machine,2,1,84b8d9d3e3fa7bd083dc92a097a006ece2fbbb44,shell_snapshot_restore_256_mib,ms,lower,134
windows-whp-virtual-machine,2,1,84b8d9d3e3fa7bd083dc92a097a006ece2fbbb44,shell_snapshot_restore_512_mib,ms,lower,132.7
windows-whp-virtual-machine,2,1,84b8d9d3e3fa7bd083dc92a097a006ece2fbbb44,virtfs_live_read,MB/s,higher,972.9
windows-whp-virtual-machine,2,1,84b8d9d3e3fa7bd083dc92a097a006ece2fbbb44,virtfs_live_roundtrip,ms,lower,867
windows-whp-virtual-machine,2,1,84b8d9d3e3fa7bd083dc92a097a006ece2fbbb44,virtfs_live_write,MB/s,higher,134.8
windows-whp-virtual-machine,2,1,84b8d9d3e3fa7bd083dc92a097a006ece2fbbb44,virtio_blk_random_read_iops,ops/s,higher,6394.1350214
windows-whp-virtual-machine,2,1,84b8d9d3e3fa7bd083dc92a097a006ece2fbbb44,virtio_blk_random_write_iops,ops/s,higher,6318.88510357
windows-whp-virtual-machine,2,1,84b8d9d3e3fa7bd083dc92a097a006ece2fbbb44,virtio_fs_random_read_iops,ops/s,higher,9739.72873139
windows-whp-virtual-machine,2,1,84b8d9d3e3fa7bd083dc92a097a006ece2fbbb44,virtio_fs_random_write_iops,ops/s,higher,9786.22949045
windows-whp-virtual-machine,2,1,84b8d9d3e3fa7bd083dc92a097a006ece2fbbb44,virtio_net_udp_roundtrip_ops,ops/s,higher,3992.63621449
windows-whp-virtual-machine,2,1,6f5ea5c2ca0f7103e880a7194820b352f85f7a6f,cold_start_base,ms,lower,582
windows-whp-virtual-machine,2,1,6f5ea5c2ca0f7103e880a7194820b352f85f7a6f,cold_start_clocksource,ms,lower,578.6
windows-whp-virtual-machine,2,1,6f5ea5c2ca0f7103e880a7194820b352f85f7a6f,cold_start_cryptomgr_notests,ms,lower,585.6
windows-whp-virtual-machine,2,1,6f5ea5c2ca0f7103e880a7194820b352f85f7a6f,cold_start_mitigations_off,ms,lower,550.7
windows-whp-virtual-machine,2,1,6f5ea5c2ca0f7103e880a7194820b352f85f7a6f,cold_start_no_timer_check,ms,lower,530.6
windows-whp-virtual-machine,2,1,6f5ea5c2ca0f7103e880a7194820b352f85f7a6f,cold_start_nokaslr,ms,lower,588.5
windows-whp-virtual-machine,2,1,6f5ea5c2ca0f7103e880a7194820b352f85f7a6f,cold_start_random_trust_cpu,ms,lower,578.3
windows-whp-virtual-machine,2,1,6f5ea5c2ca0f7103e880a7194820b352f85f7a6f,cold_start_rcu_expedited,ms,lower,575.5
windows-whp-virtual-machine,2,1,6f5ea5c2ca0f7103e880a7194820b352f85f7a6f,cold_start_tsc_reliable,ms,lower,579.5
windows-whp-virtual-machine,2,1,6f5ea5c2ca0f7103e880a7194820b352f85f7a6f,network_snapshot_cold,ms,lower,596.2
windows-whp-virtual-machine,2,1,6f5ea5c2ca0f7103e880a7194820b352f85f7a6f,network_snapshot_restore,ms,lower,191.5
windows-whp-virtual-machine,2,1,6f5ea5c2ca0f7103e880a7194820b352f85f7a6f,network_snapshot_restore_wall,ms,lower,271.8
windows-whp-virtual-machine,2,1,6f5ea5c2ca0f7103e880a7194820b352f85f7a6f,openvmm_cold_start,ms,lower,495.6205
windows-whp-virtual-machine,2,1,6f5ea5c2ca0f7103e880a7194820b352f85f7a6f,openvmm_cold_start_guest_exit_teardown,ms,lower,51.5532
windows-whp-virtual-machine,2,1,6f5ea5c2ca0f7103e880a7194820b352f85f7a6f,openvmm_cold_start_peak_rss,MiB,lower,73.99609375
windows-whp-virtual-machine,2,1,6f5ea5c2ca0f7103e880a7194820b352f85f7a6f,openvmm_snapshot_generation,ms,lower,1073.20835
windows-whp-virtual-machine,2,1,6f5ea5c2ca0f7103e880a7194820b352f85f7a6f,openvmm_snapshot_generation_peak_rss,MiB,lower,76.634765625
windows-whp-virtual-machine,2,1,6f5ea5c2ca0f7103e880a7194820b352f85f7a6f,openvmm_snapshot_restore,ms,lower,130.45685
windows-whp-virtual-machine,2,1,6f5ea5c2ca0f7103e880a7194820b352f85f7a6f,openvmm_snapshot_restore_guest_exit_teardown,ms,lower,22.76775
windows-whp-virtual-machine,2,1,6f5ea5c2ca0f7103e880a7194820b352f85f7a6f,openvmm_snapshot_restore_peak_rss,MiB,lower,18.357421875
windows-whp-virtual-machine,2,1,6f5ea5c2ca0f7103e880a7194820b352f85f7a6f,shell_snapshot_cold_128_mib,ms,lower,583.4
windows-whp-virtual-machine,2,1,6f5ea5c2ca0f7103e880a7194820b352f85f7a6f,shell_snapshot_cold_256_mib,ms,lower,596.8
windows-whp-virtual-machine,2,1,6f5ea5c2ca0f7103e880a7194820b352f85f7a6f,shell_snapshot_cold_512_mib,ms,lower,605
windows-whp-virtual-machine,2,1,6f5ea5c2ca0f7103e880a7194820b352f85f7a6f,shell_snapshot_restore_128_mib,ms,lower,129.8
windows-whp-virtual-machine,2,1,6f5ea5c2ca0f7103e880a7194820b352f85f7a6f,shell_snapshot_restore_256_mib,ms,lower,135.6
windows-whp-virtual-machine,2,1,6f5ea5c2ca0f7103e880a7194820b352f85f7a6f,shell_snapshot_restore_512_mib,ms,lower,136.5
windows-whp-virtual-machine,2,1,6f5ea5c2ca0f7103e880a7194820b352f85f7a6f,virtfs_live_read,MB/s,higher,1600
windows-whp-virtual-machine,2,1,6f5ea5c2ca0f7103e880a7194820b352f85f7a6f,virtfs_live_roundtrip,ms,lower,826.3
windows-whp-virtual-machine,2,1,6f5ea5c2ca0f7103e880a7194820b352f85f7a6f,virtfs_live_write,MB/s,higher,133.2
windows-whp-virtual-machine,2,1,6f5ea5c2ca0f7103e880a7194820b352f85f7a6f,virtio_blk_random_read_iops,ops/s,higher,6587.44209943
windows-whp-virtual-machine,2,1,6f5ea5c2ca0f7103e880a7194820b352f85f7a6f,virtio_blk_random_write_iops,ops/s,higher,6353.15203075
windows-whp-virtual-machine,2,1,6f5ea5c2ca0f7103e880a7194820b352f85f7a6f,virtio_fs_random_read_iops,ops/s,higher,10279.4180058
windows-whp-virtual-machine,2,1,6f5ea5c2ca0f7103e880a7194820b352f85f7a6f,virtio_fs_random_write_iops,ops/s,higher,10200.5449841
windows-whp-virtual-machine,2,1,6f5ea5c2ca0f7103e880a7194820b352f85f7a6f,virtio_net_udp_roundtrip_ops,ops/s,higher,4162.09734463
windows-whp-virtual-machine,2,1,89c192e79f0d686b844c1773565adb10ade0c18b,cold_start_base,ms,lower,531.2
windows-whp-virtual-machine,2,1,89c192e79f0d686b844c1773565adb10ade0c18b,cold_start_clocksource,ms,lower,521.2
windows-whp-virtual-machine,2,1,89c192e79f0d686b844c1773565adb10ade0c18b,cold_start_cryptomgr_notests,ms,lower,522.2
windows-whp-virtual-machine,2,1,89c192e79f0d686b844c1773565adb10ade0c18b,cold_start_mitigations_off,ms,lower,488.9
windows-whp-virtual-machine,2,1,89c192e79f0d686b844c1773565adb10ade0c18b,cold_start_no_timer_check,ms,lower,479.4
windows-whp-virtual-machine,2,1,89c192e79f0d686b844c1773565adb10ade0c18b,cold_start_nokaslr,ms,lower,530.9
windows-whp-virtual-machine,2,1,89c192e79f0d686b844c1773565adb10ade0c18b,cold_start_random_trust_cpu,ms,lower,528.5
windows-whp-virtual-machine,2,1,89c192e79f0d686b844c1773565adb10ade0c18b,cold_start_rcu_expedited,ms,lower,521.5
windows-whp-virtual-machine,2,1,89c192e79f0d686b844c1773565adb10ade0c18b,cold_start_tsc_reliable,ms,lower,525.9
windows-whp-virtual-machine,2,1,89c192e79f0d686b844c1773565adb10ade0c18b,network_snapshot_cold,ms,lower,544.6
windows-whp-virtual-machine,2,1,89c192e79f0d686b844c1773565adb10ade0c18b,network_snapshot_restore,ms,lower,168.3
windows-whp-virtual-machine,2,1,89c192e79f0d686b844c1773565adb10ade0c18b,network_snapshot_restore_wall,ms,lower,239.5
windows-whp-virtual-machine,2,1,89c192e79f0d686b844c1773565adb10ade0c18b,openvmm_cold_start,ms,lower,440.99855
windows-whp-virtual-machine,2,1,89c192e79f0d686b844c1773565adb10ade0c18b,openvmm_cold_start_guest_exit_teardown,ms,lower,49.2473
windows-whp-virtual-machine,2,1,89c192e79f0d686b844c1773565adb10ade0c18b,openvmm_cold_start_peak_rss,MiB,lower,73.9921875
windows-whp-virtual-machine,2,1,89c192e79f0d686b844c1773565adb10ade0c18b,openvmm_snapshot_generation,ms,lower,955.8904
windows-whp-virtual-machine,2,1,89c192e79f0d686b844c1773565adb10ade0c18b,openvmm_snapshot_generation_peak_rss,MiB,lower,76.65625
windows-whp-virtual-machine,2,1,89c192e79f0d686b844c1773565adb10ade0c18b,openvmm_snapshot_restore,ms,lower,114.55805
windows-whp-virtual-machine,2,1,89c192e79f0d686b844c1773565adb10ade0c18b,openvmm_snapshot_restore_guest_exit_teardown,ms,lower,21.6916
windows-whp-virtual-machine,2,1,89c192e79f0d686b844c1773565adb10ade0c18b,openvmm_snapshot_restore_peak_rss,MiB,lower,18.396484375
windows-whp-virtual-machine,2,1,89c192e79f0d686b844c1773565adb10ade0c18b,shell_snapshot_cold_128_mib,ms,lower,518.9
windows-whp-virtual-machine,2,1,89c192e79f0d686b844c1773565adb10ade0c18b,shell_snapshot_cold_256_mib,ms,lower,522
windows-whp-virtual-machine,2,1,89c192e79f0d686b844c1773565adb10ade0c18b,shell_snapshot_cold_512_mib,ms,lower,540.7
windows-whp-virtual-machine,2,1,89c192e79f0d686b844c1773565adb10ade0c18b,shell_snapshot_restore_128_mib,ms,lower,119.1
windows-whp-virtual-machine,2,1,89c192e79f0d686b844c1773565adb10ade0c18b,shell_snapshot_restore_256_mib,ms,lower,121.1
windows-whp-virtual-machine,2,1,89c192e79f0d686b844c1773565adb10ade0c18b,shell_snapshot_restore_512_mib,ms,lower,120.7
windows-whp-virtual-machine,2,1,89c192e79f0d686b844c1773565adb10ade0c18b,virtfs_live_read,MB/s,higher,1300
windows-whp-virtual-machine,2,1,89c192e79f0d686b844c1773565adb10ade0c18b,virtfs_live_roundtrip,ms,lower,742.1
windows-whp-virtual-machine,2,1,89c192e79f0d686b844c1773565adb10ade0c18b,virtfs_live_write,MB/s,higher,173
windows-whp-virtual-machine,2,1,89c192e79f0d686b844c1773565adb10ade0c18b,virtio_blk_random_read_iops,ops/s,higher,7736.63361002
windows-whp-virtual-machine,2,1,89c192e79f0d686b844c1773565adb10ade0c18b,virtio_blk_random_write_iops,ops/s,higher,7478.42133172
windows-whp-virtual-machine,2,1,89c192e79f0d686b844c1773565adb10ade0c18b,virtio_fs_random_read_iops,ops/s,higher,10958.5581917
windows-whp-virtual-machine,2,1,89c192e79f0d686b844c1773565adb10ade0c18b,virtio_fs_random_write_iops,ops/s,higher,11958.3345443
windows-whp-virtual-machine,2,1,89c192e79f0d686b844c1773565adb10ade0c18b,virtio_net_udp_roundtrip_ops,ops/s,higher,4781.39899412
windows-whp-virtual-machine,2,1,ba3bc5ce070956681cab67a28dc9f0fdc7c2d675,cold_start_base,ms,lower,591.2
windows-whp-virtual-machine,2,1,ba3bc5ce070956681cab67a28dc9f0fdc7c2d675,cold_start_clocksource,ms,lower,585.7
windows-whp-virtual-machine,2,1,ba3bc5ce070956681cab67a28dc9f0fdc7c2d675,cold_start_cryptomgr_notests,ms,lower,590.2
windows-whp-virtual-machine,2,1,ba3bc5ce070956681cab67a28dc9f0fdc7c2d675,cold_start_mitigations_off,ms,lower,552.1
windows-whp-virtual-machine,2,1,ba3bc5ce070956681cab67a28dc9f0fdc7c2d675,cold_start_no_timer_check,ms,lower,537.3
windows-whp-virtual-machine,2,1,ba3bc5ce070956681cab67a28dc9f0fdc7c2d675,cold_start_nokaslr,ms,lower,581.1
windows-whp-virtual-machine,2,1,ba3bc5ce070956681cab67a28dc9f0fdc7c2d675,cold_start_random_trust_cpu,ms,lower,590.8
windows-whp-virtual-machine,2,1,ba3bc5ce070956681cab67a28dc9f0fdc7c2d675,cold_start_rcu_expedited,ms,lower,600.7
windows-whp-virtual-machine,2,1,ba3bc5ce070956681cab67a28dc9f0fdc7c2d675,cold_start_tsc_reliable,ms,lower,588.9
windows-whp-virtual-machine,2,1,ba3bc5ce070956681cab67a28dc9f0fdc7c2d675,network_snapshot_cold,ms,lower,611
windows-whp-virtual-machine,2,1,ba3bc5ce070956681cab67a28dc9f0fdc7c2d675,network_snapshot_restore,ms,lower,171.4
windows-whp-virtual-machine,2,1,ba3bc5ce070956681cab67a28dc9f0fdc7c2d675,network_snapshot_restore_wall,ms,lower,251.4
windows-whp-virtual-machine,2,1,ba3bc5ce070956681cab67a28dc9f0fdc7c2d675,openvmm_cold_start,ms,lower,503.61685
windows-whp-virtual-machine,2,1,ba3bc5ce070956681cab67a28dc9f0fdc7c2d675,openvmm_cold_start_guest_exit_teardown,ms,lower,55.20595
windows-whp-virtual-machine,2,1,ba3bc5ce070956681cab67a28dc9f0fdc7c2d675,openvmm_cold_start_peak_rss,MiB,lower,73.98828125
windows-whp-virtual-machine,2,1,ba3bc5ce070956681cab67a28dc9f0fdc7c2d675,openvmm_snapshot_generation,ms,lower,1133.0123
windows-whp-virtual-machine,2,1,ba3bc5ce070956681cab67a28dc9f0fdc7c2d675,openvmm_snapshot_generation_peak_rss,MiB,lower,76.646484375
windows-whp-virtual-machine,2,1,ba3bc5ce070956681cab67a28dc9f0fdc7c2d675,openvmm_snapshot_restore,ms,lower,133.01415
windows-whp-virtual-machine,2,1,ba3bc5ce070956681cab67a28dc9f0fdc7c2d675,openvmm_snapshot_restore_guest_exit_teardown,ms,lower,23.6476
windows-whp-virtual-machine,2,1,ba3bc5ce070956681cab67a28dc9f0fdc7c2d675,openvmm_snapshot_restore_peak_rss,MiB,lower,18.421875
windows-whp-virtual-machine,2,1,ba3bc5ce070956681cab67a28dc9f0fdc7c2d675,shell_snapshot_cold_128_mib,ms,lower,589.4
windows-whp-virtual-machine,2,1,ba3bc5ce070956681cab67a28dc9f0fdc7c2d675,shell_snapshot_cold_256_mib,ms,lower,589.3
windows-whp-virtual-machine,2,1,ba3bc5ce070956681cab67a28dc9f0fdc7c2d675,shell_snapshot_cold_512_mib,ms,lower,604.9
windows-whp-virtual-machine,2,1,ba3bc5ce070956681cab67a28dc9f0fdc7c2d675,shell_snapshot_restore_128_mib,ms,lower,135.4
windows-whp-virtual-machine,2,1,ba3bc5ce070956681cab67a28dc9f0fdc7c2d675,shell_snapshot_restore_256_mib,ms,lower,129.8
windows-whp-virtual-machine,2,1,ba3bc5ce070956681cab67a28dc9f0fdc7c2d675,shell_snapshot_restore_512_mib,ms,lower,140.7
windows-whp-virtual-machine,2,1,ba3bc5ce070956681cab67a28dc9f0fdc7c2d675,virtfs_live_read,MB/s,higher,972.9
windows-whp-virtual-machine,2,1,ba3bc5ce070956681cab67a28dc9f0fdc7c2d675,virtfs_live_roundtrip,ms,lower,841.7
windows-whp-virtual-machine,2,1,ba3bc5ce070956681cab67a28dc9f0fdc7c2d675,virtfs_live_write,MB/s,higher,132.5
windows-whp-virtual-machine,2,1,ba3bc5ce070956681cab67a28dc9f0fdc7c2d675,virtio_blk_random_read_iops,ops/s,higher,6457.53054563
windows-whp-virtual-machine,2,1,ba3bc5ce070956681cab67a28dc9f0fdc7c2d675,virtio_blk_random_write_iops,ops/s,higher,6354.48639698
windows-whp-virtual-machine,2,1,ba3bc5ce070956681cab67a28dc9f0fdc7c2d675,virtio_fs_random_read_iops,ops/s,higher,9980.20164944
windows-whp-virtual-machine,2,1,ba3bc5ce070956681cab67a28dc9f0fdc7c2d675,virtio_fs_random_write_iops,ops/s,higher,9825.54820784
windows-whp-virtual-machine,2,1,ba3bc5ce070956681cab67a28dc9f0fdc7c2d675,virtio_net_udp_roundtrip_ops,ops/s,higher,4054.24380536
windows-whp-virtual-machine,2,1,63b31d25488c312040e08147a9449a983678198b,cold_start_base,ms,lower,511.9
windows-whp-virtual-machine,2,1,63b31d25488c312040e08147a9449a983678198b,cold_start_clocksource,ms,lower,518.3
windows-whp-virtual-machine,2,1,63b31d25488c312040e08147a9449a983678198b,cold_start_cryptomgr_notests,ms,lower,509.7
windows-whp-virtual-machine,2,1,63b31d25488c312040e08147a9449a983678198b,cold_start_mitigations_off,ms,lower,473.2
windows-whp-virtual-machine,2,1,63b31d25488c312040e08147a9449a983678198b,cold_start_no_timer_check,ms,lower,461
windows-whp-virtual-machine,2,1,63b31d25488c312040e08147a9449a983678198b,cold_start_nokaslr,ms,lower,520.5
windows-whp-virtual-machine,2,1,63b31d25488c312040e08147a9449a983678198b,cold_start_random_trust_cpu,ms,lower,518.6
windows-whp-virtual-machine,2,1,63b31d25488c312040e08147a9449a983678198b,cold_start_rcu_expedited,ms,lower,523.8
windows-whp-virtual-machine,2,1,63b31d25488c312040e08147a9449a983678198b,cold_start_tsc_reliable,ms,lower,520.2
windows-whp-virtual-machine,2,1,63b31d25488c312040e08147a9449a983678198b,network_snapshot_cold,ms,lower,524.7
windows-whp-virtual-machine,2,1,63b31d25488c312040e08147a9449a983678198b,network_snapshot_restore,ms,lower,149.3
windows-whp-virtual-machine,2,1,63b31d25488c312040e08147a9449a983678198b,network_snapshot_restore_wall,ms,lower,214.2
windows-whp-virtual-machine,2,1,63b31d25488c312040e08147a9449a983678198b,openvmm_cold_start,ms,lower,430.83255
windows-whp-virtual-machine,2,1,63b31d25488c312040e08147a9449a983678198b,openvmm_cold_start_guest_exit_teardown,ms,lower,46.61885
windows-whp-virtual-machine,2,1,63b31d25488c312040e08147a9449a983678198b,openvmm_cold_start_peak_rss,MiB,lower,73.96875
windows-whp-virtual-machine,2,1,63b31d25488c312040e08147a9449a983678198b,openvmm_snapshot_generation,ms,lower,1001.0332
windows-whp-virtual-machine,2,1,63b31d25488c312040e08147a9449a983678198b,openvmm_snapshot_generation_peak_rss,MiB,lower,76.65234375
windows-whp-virtual-machine,2,1,63b31d25488c312040e08147a9449a983678198b,openvmm_snapshot_restore,ms,lower,110.20715
windows-whp-virtual-machine,2,1,63b31d25488c312040e08147a9449a983678198b,openvmm_snapshot_restore_guest_exit_teardown,ms,lower,21.3025
windows-whp-virtual-machine,2,1,63b31d25488c312040e08147a9449a983678198b,openvmm_snapshot_restore_peak_rss,MiB,lower,18.37109375
windows-whp-virtual-machine,2,1,63b31d25488c312040e08147a9449a983678198b,shell_snapshot_cold_128_mib,ms,lower,511.4
windows-whp-virtual-machine,2,1,63b31d25488c312040e08147a9449a983678198b,shell_snapshot_cold_256_mib,ms,lower,519.2
windows-whp-virtual-machine,2,1,63b31d25488c312040e08147a9449a983678198b,shell_snapshot_cold_512_mib,ms,lower,534.5
windows-whp-virtual-machine,2,1,63b31d25488c312040e08147a9449a983678198b,shell_snapshot_restore_128_mib,ms,lower,118.7
windows-whp-virtual-machine,2,1,63b31d25488c312040e08147a9449a983678198b,shell_snapshot_restore_256_mib,ms,lower,110.3
windows-whp-virtual-machine,2,1,63b31d25488c312040e08147a9449a983678198b,shell_snapshot_restore_512_mib,ms,lower,118.8
windows-whp-virtual-machine,2,1,63b31d25488c312040e08147a9449a983678198b,virtfs_live_read,MB/s,higher,1260.8
windows-whp-virtual-machine,2,1,63b31d25488c312040e08147a9449a983678198b,virtfs_live_roundtrip,ms,lower,751.6
windows-whp-virtual-machine,2,1,63b31d25488c312040e08147a9449a983678198b,virtfs_live_write,MB/s,higher,180.9
windows-whp-virtual-machine,2,1,63b31d25488c312040e08147a9449a983678198b,virtio_blk_random_read_iops,ops/s,higher,7552.80219025
windows-whp-virtual-machine,2,1,63b31d25488c312040e08147a9449a983678198b,virtio_blk_random_write_iops,ops/s,higher,7375.29206858
windows-whp-virtual-machine,2,1,63b31d25488c312040e08147a9449a983678198b,virtio_fs_random_read_iops,ops/s,higher,11005.1328989
windows-whp-virtual-machine,2,1,63b31d25488c312040e08147a9449a983678198b,virtio_fs_random_write_iops,ops/s,higher,12064.3138638
windows-whp-virtual-machine,2,1,63b31d25488c312040e08147a9449a983678198b,virtio_net_udp_roundtrip_ops,ops/s,higher,4868.19859515
windows-whp-virtual-machine,2,1,96152c20a330404d6a75ef37c58940f48e978058,cold_start_base,ms,lower,588.9
windows-whp-virtual-machine,2,1,96152c20a330404d6a75ef37c58940f48e978058,cold_start_clocksource,ms,lower,584.4
windows-whp-virtual-machine,2,1,96152c20a330404d6a75ef37c58940f48e978058,cold_start_cryptomgr_notests,ms,lower,598.4
windows-whp-virtual-machine,2,1,96152c20a330404d6a75ef37c58940f48e978058,cold_start_mitigations_off,ms,lower,546.3
windows-whp-virtual-machine,2,1,96152c20a330404d6a75ef37c58940f48e978058,cold_start_no_timer_check,ms,lower,546.2
windows-whp-virtual-machine,2,1,96152c20a330404d6a75ef37c58940f48e978058,cold_start_nokaslr,ms,lower,591.3
windows-whp-virtual-machine,2,1,96152c20a330404d6a75ef37c58940f48e978058,cold_start_random_trust_cpu,ms,lower,591.3
windows-whp-virtual-machine,2,1,96152c20a330404d6a75ef37c58940f48e978058,cold_start_rcu_expedited,ms,lower,589.4
windows-whp-virtual-machine,2,1,96152c20a330404d6a75ef37c58940f48e978058,cold_start_tsc_reliable,ms,lower,605.6
windows-whp-virtual-machine,2,1,96152c20a330404d6a75ef37c58940f48e978058,network_snapshot_cold,ms,lower,607.3
windows-whp-virtual-machine,2,1,96152c20a330404d6a75ef37c58940f48e978058,network_snapshot_restore,ms,lower,170
windows-whp-virtual-machine,2,1,96152c20a330404d6a75ef37c58940f48e978058,network_snapshot_restore_wall,ms,lower,248.8
windows-whp-virtual-machine,2,1,96152c20a330404d6a75ef37c58940f48e978058,openvmm_cold_start,ms,lower,510.12735
windows-whp-virtual-machine,2,1,96152c20a330404d6a75ef37c58940f48e978058,openvmm_cold_start_guest_exit_teardown,ms,lower,55.00945
windows-whp-virtual-machine,2,1,96152c20a330404d6a75ef37c58940f48e978058,openvmm_cold_start_peak_rss,MiB,lower,73.994140625
windows-whp-virtual-machine,2,1,96152c20a330404d6a75ef37c58940f48e978058,openvmm_snapshot_generation,ms,lower,1172.9787
windows-whp-virtual-machine,2,1,96152c20a330404d6a75ef37c58940f48e978058,openvmm_snapshot_generation_peak_rss,MiB,lower,76.6484375
windows-whp-virtual-machine,2,1,96152c20a330404d6a75ef37c58940f48e978058,openvmm_snapshot_restore,ms,lower,135.46755
windows-whp-virtual-machine,2,1,96152c20a330404d6a75ef37c58940f48e978058,openvmm_snapshot_restore_guest_exit_teardown,ms,lower,24.7052
windows-whp-virtual-machine,2,1,96152c20a330404d6a75ef37c58940f48e978058,openvmm_snapshot_restore_peak_rss,MiB,lower,18.396484375
windows-whp-virtual-machine,2,1,96152c20a330404d6a75ef37c58940f48e978058,shell_snapshot_cold_128_mib,ms,lower,591.4
windows-whp-virtual-machine,2,1,96152c20a330404d6a75ef37c58940f48e978058,shell_snapshot_cold_256_mib,ms,lower,601.3
windows-whp-virtual-machine,2,1,96152c20a330404d6a75ef37c58940f48e978058,shell_snapshot_cold_512_mib,ms,lower,613.4
windows-whp-virtual-machine,2,1,96152c20a330404d6a75ef37c58940f48e978058,shell_snapshot_restore_128_mib,ms,lower,132.5
windows-whp-virtual-machine,2,1,96152c20a330404d6a75ef37c58940f48e978058,shell_snapshot_restore_256_mib,ms,lower,145.7
windows-whp-virtual-machine,2,1,96152c20a330404d6a75ef37c58940f48e978058,shell_snapshot_restore_512_mib,ms,lower,134.6
windows-whp-virtual-machine,2,1,96152c20a330404d6a75ef37c58940f48e978058,virtfs_live_read,MB/s,higher,952.4
windows-whp-virtual-machine,2,1,96152c20a330404d6a75ef37c58940f48e978058,virtfs_live_roundtrip,ms,lower,855.9
windows-whp-virtual-machine,2,1,96152c20a330404d6a75ef37c58940f48e978058,virtfs_live_write,MB/s,higher,120.8
windows-whp-virtual-machine,2,1,96152c20a330404d6a75ef37c58940f48e978058,virtio_blk_random_read_iops,ops/s,higher,6389.06241833
windows-whp-virtual-machine,2,1,96152c20a330404d6a75ef37c58940f48e978058,virtio_blk_random_write_iops,ops/s,higher,6261.56614028
windows-whp-virtual-machine,2,1,96152c20a330404d6a75ef37c58940f48e978058,virtio_fs_random_read_iops,ops/s,higher,9854.98463383
windows-whp-virtual-machine,2,1,96152c20a330404d6a75ef37c58940f48e978058,virtio_fs_random_write_iops,ops/s,higher,10100.0529192
windows-whp-virtual-machine,2,1,96152c20a330404d6a75ef37c58940f48e978058,virtio_net_udp_roundtrip_ops,ops/s,higher,4067.67753899
windows-whp-virtual-machine,2,1,df4df29aa359003264ee958fb849d046eb2007ef,cold_start_base,ms,lower,575.6
windows-whp-virtual-machine,2,1,df4df29aa359003264ee958fb849d046eb2007ef,cold_start_clocksource,ms,lower,590.4
windows-whp-virtual-machine,2,1,df4df29aa359003264ee958fb849d046eb2007ef,cold_start_cryptomgr_notests,ms,lower,597.7
windows-whp-virtual-machine,2,1,df4df29aa359003264ee958fb849d046eb2007ef,cold_start_mitigations_off,ms,lower,554.2
windows-whp-virtual-machine,2,1,df4df29aa359003264ee958fb849d046eb2007ef,cold_start_no_timer_check,ms,lower,547.5
windows-whp-virtual-machine,2,1,df4df29aa359003264ee958fb849d046eb2007ef,cold_start_nokaslr,ms,lower,599.2
windows-whp-virtual-machine,2,1,df4df29aa359003264ee958fb849d046eb2007ef,cold_start_random_trust_cpu,ms,lower,598.3
windows-whp-virtual-machine,2,1,df4df29aa359003264ee958fb849d046eb2007ef,cold_start_rcu_expedited,ms,lower,596.1
windows-whp-virtual-machine,2,1,df4df29aa359003264ee958fb849d046eb2007ef,cold_start_tsc_reliable,ms,lower,599.9
windows-whp-virtual-machine,2,1,df4df29aa359003264ee958fb849d046eb2007ef,network_snapshot_cold,ms,lower,614.9
windows-whp-virtual-machine,2,1,df4df29aa359003264ee958fb849d046eb2007ef,network_snapshot_restore,ms,lower,198.1
windows-whp-virtual-machine,2,1,df4df29aa359003264ee958fb849d046eb2007ef,network_snapshot_restore_wall,ms,lower,276.1
windows-whp-virtual-machine,2,1,df4df29aa359003264ee958fb849d046eb2007ef,openvmm_cold_start,ms,lower,512.5831
windows-whp-virtual-machine,2,1,df4df29aa359003264ee958fb849d046eb2007ef,openvmm_cold_start_guest_exit_teardown,ms,lower,57.103
windows-whp-virtual-machine,2,1,df4df29aa359003264ee958fb849d046eb2007ef,openvmm_cold_start_peak_rss,MiB,lower,73.955078125
windows-whp-virtual-machine,2,1,df4df29aa359003264ee958fb849d046eb2007ef,openvmm_snapshot_generation,ms,lower,1100.1163
windows-whp-virtual-machine,2,1,df4df29aa359003264ee958fb849d046eb2007ef,openvmm_snapshot_generation_peak_rss,MiB,lower,76.626953125
windows-whp-virtual-machine,2,1,df4df29aa359003264ee958fb849d046eb2007ef,openvmm_snapshot_restore,ms,lower,137.31025
windows-whp-virtual-machine,2,1,df4df29aa359003264ee958fb849d046eb2007ef,openvmm_snapshot_restore_guest_exit_teardown,ms,lower,23.66975
windows-whp-virtual-machine,2,1,df4df29aa359003264ee958fb849d046eb2007ef,openvmm_snapshot_restore_peak_rss,MiB,lower,18.345703125
windows-whp-virtual-machine,2,1,df4df29aa359003264ee958fb849d046eb2007ef,shell_snapshot_cold_128_mib,ms,lower,589.1
windows-whp-virtual-machine,2,1,df4df29aa359003264ee958fb849d046eb2007ef,shell_snapshot_cold_256_mib,ms,lower,598.3
windows-whp-virtual-machine,2,1,df4df29aa359003264ee958fb849d046eb2007ef,shell_snapshot_cold_512_mib,ms,lower,612.3
windows-whp-virtual-machine,2,1,df4df29aa359003264ee958fb849d046eb2007ef,shell_snapshot_restore_128_mib,ms,lower,149.8
windows-whp-virtual-machine,2,1,df4df29aa359003264ee958fb849d046eb2007ef,shell_snapshot_restore_256_mib,ms,lower,136.5
windows-whp-virtual-machine,2,1,df4df29aa359003264ee958fb849d046eb2007ef,shell_snapshot_restore_512_mib,ms,lower,142.4
windows-whp-virtual-machine,2,1,df4df29aa359003264ee958fb849d046eb2007ef,virtfs_live_read,MB/s,higher,948.3
windows-whp-virtual-machine,2,1,df4df29aa359003264ee958fb849d046eb2007ef,virtfs_live_roundtrip,ms,lower,859.7
windows-whp-virtual-machine,2,1,df4df29aa359003264ee958fb849d046eb2007ef,virtfs_live_write,MB/s,higher,125.8
windows-whp-virtual-machine,2,1,df4df29aa359003264ee958fb849d046eb2007ef,virtio_blk_random_read_iops,ops/s,higher,6290.7370249
windows-whp-virtual-machine,2,1,df4df29aa359003264ee958fb849d046eb2007ef,virtio_blk_random_write_iops,ops/s,higher,5999.91136611
windows-whp-virtual-machine,2,1,df4df29aa359003264ee958fb849d046eb2007ef,virtio_fs_random_read_iops,ops/s,higher,10213.8806012
windows-whp-virtual-machine,2,1,df4df29aa359003264ee958fb849d046eb2007ef,virtio_fs_random_write_iops,ops/s,higher,10439.5131549
windows-whp-virtual-machine,2,1,df4df29aa359003264ee958fb849d046eb2007ef,virtio_net_udp_roundtrip_ops,ops/s,higher,4189.51330518
windows-whp-virtual-machine,2,1,38e5116480198381248bd3844fe1fedca240758c,cold_start_base,ms,lower,531.5
windows-whp-virtual-machine,2,1,38e5116480198381248bd3844fe1fedca240758c,cold_start_clocksource,ms,lower,524.8
windows-whp-virtual-machine,2,1,38e5116480198381248bd3844fe1fedca240758c,cold_start_cryptomgr_notests,ms,lower,536.6
windows-whp-virtual-machine,2,1,38e5116480198381248bd3844fe1fedca240758c,cold_start_mitigations_off,ms,lower,496.8
windows-whp-virtual-machine,2,1,38e5116480198381248bd3844fe1fedca240758c,cold_start_no_timer_check,ms,lower,477.1
windows-whp-virtual-machine,2,1,38e5116480198381248bd3844fe1fedca240758c,cold_start_nokaslr,ms,lower,528.5
windows-whp-virtual-machine,2,1,38e5116480198381248bd3844fe1fedca240758c,cold_start_random_trust_cpu,ms,lower,524.1
windows-whp-virtual-machine,2,1,38e5116480198381248bd3844fe1fedca240758c,cold_start_rcu_expedited,ms,lower,522.8
windows-whp-virtual-machine,2,1,38e5116480198381248bd3844fe1fedca240758c,cold_start_tsc_reliable,ms,lower,531.5
windows-whp-virtual-machine,2,1,38e5116480198381248bd3844fe1fedca240758c,network_snapshot_cold,ms,lower,540.2
windows-whp-virtual-machine,2,1,38e5116480198381248bd3844fe1fedca240758c,network_snapshot_restore,ms,lower,155.5
windows-whp-virtual-machine,2,1,38e5116480198381248bd3844fe1fedca240758c,network_snapshot_restore_wall,ms,lower,226.7
windows-whp-virtual-machine,2,1,38e5116480198381248bd3844fe1fedca240758c,openvmm_cold_start,ms,lower,435.64635
windows-whp-virtual-machine,2,1,38e5116480198381248bd3844fe1fedca240758c,openvmm_cold_start_guest_exit_teardown,ms,lower,47.60755
windows-whp-virtual-machine,2,1,38e5116480198381248bd3844fe1fedca240758c,openvmm_cold_start_peak_rss,MiB,lower,73.98828125
windows-whp-virtual-machine,2,1,38e5116480198381248bd3844fe1fedca240758c,openvmm_snapshot_generation,ms,lower,971.533
windows-whp-virtual-machine,2,1,38e5116480198381248bd3844fe1fedca240758c,openvmm_snapshot_generation_peak_rss,MiB,lower,76.666015625
windows-whp-virtual-machine,2,1,38e5116480198381248bd3844fe1fedca240758c,openvmm_snapshot_restore,ms,lower,113.165
windows-whp-virtual-machine,2,1,38e5116480198381248bd3844fe1fedca240758c,openvmm_snapshot_restore_guest_exit_teardown,ms,lower,21.7118
windows-whp-virtual-machine,2,1,38e5116480198381248bd3844fe1fedca240758c,openvmm_snapshot_restore_peak_rss,MiB,lower,18.408203125
windows-whp-virtual-machine,2,1,38e5116480198381248bd3844fe1fedca240758c,shell_snapshot_cold_128_mib,ms,lower,521.6
windows-whp-virtual-machine,2,1,38e5116480198381248bd3844fe1fedca240758c,shell_snapshot_cold_256_mib,ms,lower,523
windows-whp-virtual-machine,2,1,38e5116480198381248bd3844fe1fedca240758c,shell_snapshot_cold_512_mib,ms,lower,539.1
windows-whp-virtual-machine,2,1,38e5116480198381248bd3844fe1fedca240758c,shell_snapshot_restore_128_mib,ms,lower,123.2
windows-whp-virtual-machine,2,1,38e5116480198381248bd3844fe1fedca240758c,shell_snapshot_restore_256_mib,ms,lower,123.4
windows-whp-virtual-machine,2,1,38e5116480198381248bd3844fe1fedca240758c,shell_snapshot_restore_512_mib,ms,lower,120
windows-whp-virtual-machine,2,1,38e5116480198381248bd3844fe1fedca240758c,virtfs_live_read,MB/s,higher,1550
windows-whp-virtual-machine,2,1,38e5116480198381248bd3844fe1fedca240758c,virtfs_live_roundtrip,ms,lower,744.3
windows-whp-virtual-machine,2,1,38e5116480198381248bd3844fe1fedca240758c,virtfs_live_write,MB/s,higher,176.1
windows-whp-virtual-machine,2,1,38e5116480198381248bd3844fe1fedca240758c,virtio_blk_random_read_iops,ops/s,higher,7716.12952981
windows-whp-virtual-machine,2,1,38e5116480198381248bd3844fe1fedca240758c,virtio_blk_random_write_iops,ops/s,higher,7668.88478288
windows-whp-virtual-machine,2,1,38e5116480198381248bd3844fe1fedca240758c,virtio_fs_random_read_iops,ops/s,higher,11090.4479707
windows-whp-virtual-machine,2,1,38e5116480198381248bd3844fe1fedca240758c,virtio_fs_random_write_iops,ops/s,higher,11980.3176785
windows-whp-virtual-machine,2,1,38e5116480198381248bd3844fe1fedca240758c,virtio_net_udp_roundtrip_ops,ops/s,higher,4776.20499997
windows-whp-virtual-machine,2,1,fc6fea5c0d6a4627c40b11174b47f18e04542d3a,cold_start_base,ms,lower,513.4
windows-whp-virtual-machine,2,1,fc6fea5c0d6a4627c40b11174b47f18e04542d3a,cold_start_clocksource,ms,lower,515.8
windows-whp-virtual-machine,2,1,fc6fea5c0d6a4627c40b11174b47f18e04542d3a,cold_start_cryptomgr_notests,ms,lower,521.9
windows-whp-virtual-machine,2,1,fc6fea5c0d6a4627c40b11174b47f18e04542d3a,cold_start_mitigations_off,ms,lower,473.6
windows-whp-virtual-machine,2,1,fc6fea5c0d6a4627c40b11174b47f18e04542d3a,cold_start_no_timer_check,ms,lower,459.9
windows-whp-virtual-machine,2,1,fc6fea5c0d6a4627c40b11174b47f18e04542d3a,cold_start_nokaslr,ms,lower,512.3
windows-whp-virtual-machine,2,1,fc6fea5c0d6a4627c40b11174b47f18e04542d3a,cold_start_random_trust_cpu,ms,lower,517.3
windows-whp-virtual-machine,2,1,fc6fea5c0d6a4627c40b11174b47f18e04542d3a,cold_start_rcu_expedited,ms,lower,510.2
windows-whp-virtual-machine,2,1,fc6fea5c0d6a4627c40b11174b47f18e04542d3a,cold_start_tsc_reliable,ms,lower,527.6
windows-whp-virtual-machine,2,1,fc6fea5c0d6a4627c40b11174b47f18e04542d3a,network_snapshot_cold,ms,lower,535.7
windows-whp-virtual-machine,2,1,fc6fea5c0d6a4627c40b11174b47f18e04542d3a,network_snapshot_restore,ms,lower,149.7
windows-whp-virtual-machine,2,1,fc6fea5c0d6a4627c40b11174b47f18e04542d3a,network_snapshot_restore_wall,ms,lower,215.5
windows-whp-virtual-machine,2,1,fc6fea5c0d6a4627c40b11174b47f18e04542d3a,openvmm_cold_start,ms,lower,428.71795
windows-whp-virtual-machine,2,1,fc6fea5c0d6a4627c40b11174b47f18e04542d3a,openvmm_cold_start_guest_exit_teardown,ms,lower,46.28155
windows-whp-virtual-machine,2,1,fc6fea5c0d6a4627c40b11174b47f18e04542d3a,openvmm_cold_start_peak_rss,MiB,lower,73.9765625
windows-whp-virtual-machine,2,1,fc6fea5c0d6a4627c40b11174b47f18e04542d3a,openvmm_snapshot_generation,ms,lower,951.20815
windows-whp-virtual-machine,2,1,fc6fea5c0d6a4627c40b11174b47f18e04542d3a,openvmm_snapshot_generation_peak_rss,MiB,lower,76.650390625
windows-whp-virtual-machine,2,1,fc6fea5c0d6a4627c40b11174b47f18e04542d3a,openvmm_snapshot_restore,ms,lower,115.945
windows-whp-virtual-machine,2,1,fc6fea5c0d6a4627c40b11174b47f18e04542d3a,openvmm_snapshot_restore_guest_exit_teardown,ms,lower,22.5804
windows-whp-virtual-machine,2,1,fc6fea5c0d6a4627c40b11174b47f18e04542d3a,openvmm_snapshot_restore_peak_rss,MiB,lower,18.361328125
windows-whp-virtual-machine,2,1,fc6fea5c0d6a4627c40b11174b47f18e04542d3a,shell_snapshot_cold_128_mib,ms,lower,512.2
windows-whp-virtual-machine,2,1,fc6fea5c0d6a4627c40b11174b47f18e04542d3a,shell_snapshot_cold_256_mib,ms,lower,512.6
windows-whp-virtual-machine,2,1,fc6fea5c0d6a4627c40b11174b47f18e04542d3a,shell_snapshot_cold_512_mib,ms,lower,523.1
windows-whp-virtual-machine,2,1,fc6fea5c0d6a4627c40b11174b47f18e04542d3a,shell_snapshot_restore_128_mib,ms,lower,110.2
windows-whp-virtual-machine,2,1,fc6fea5c0d6a4627c40b11174b47f18e04542d3a,shell_snapshot_restore_256_mib,ms,lower,111.6
windows-whp-virtual-machine,2,1,fc6fea5c0d6a4627c40b11174b47f18e04542d3a,shell_snapshot_restore_512_mib,ms,lower,116.5
windows-whp-virtual-machine,2,1,fc6fea5c0d6a4627c40b11174b47f18e04542d3a,virtfs_live_read,MB/s,higher,1600
windows-whp-virtual-machine,2,1,fc6fea5c0d6a4627c40b11174b47f18e04542d3a,virtfs_live_roundtrip,ms,lower,759
windows-whp-virtual-machine,2,1,fc6fea5c0d6a4627c40b11174b47f18e04542d3a,virtfs_live_write,MB/s,higher,174.7
windows-whp-virtual-machine,2,1,fc6fea5c0d6a4627c40b11174b47f18e04542d3a,virtio_blk_random_read_iops,ops/s,higher,7628.68712922
windows-whp-virtual-machine,2,1,fc6fea5c0d6a4627c40b11174b47f18e04542d3a,virtio_blk_random_write_iops,ops/s,higher,7476.38216858
windows-whp-virtual-machine,2,1,fc6fea5c0d6a4627c40b11174b47f18e04542d3a,virtio_fs_random_read_iops,ops/s,higher,12487.2036685
windows-whp-virtual-machine,2,1,fc6fea5c0d6a4627c40b11174b47f18e04542d3a,virtio_fs_random_write_iops,ops/s,higher,12294.8296922
windows-whp-virtual-machine,2,1,fc6fea5c0d6a4627c40b11174b47f18e04542d3a,virtio_net_udp_roundtrip_ops,ops/s,higher,4894.75997073
windows-whp-virtual-machine,2,1,554fc45b54537af41faf077f3354847804bbfc6c,cold_start_base,ms,lower,600.4
windows-whp-virtual-machine,2,1,554fc45b54537af41faf077f3354847804bbfc6c,cold_start_clocksource,ms,lower,587.1
windows-whp-virtual-machine,2,1,554fc45b54537af41faf077f3354847804bbfc6c,cold_start_cryptomgr_notests,ms,lower,593.2
windows-whp-virtual-machine,2,1,554fc45b54537af41faf077f3354847804bbfc6c,cold_start_mitigations_off,ms,lower,554.9
windows-whp-virtual-machine,2,1,554fc45b54537af41faf077f3354847804bbfc6c,cold_start_no_timer_check,ms,lower,540.6
windows-whp-virtual-machine,2,1,554fc45b54537af41faf077f3354847804bbfc6c,cold_start_nokaslr,ms,lower,591.4
windows-whp-virtual-machine,2,1,554fc45b54537af41faf077f3354847804bbfc6c,cold_start_random_trust_cpu,ms,lower,593.6
windows-whp-virtual-machine,2,1,554fc45b54537af41faf077f3354847804bbfc6c,cold_start_rcu_expedited,ms,lower,598.2
windows-whp-virtual-machine,2,1,554fc45b54537af41faf077f3354847804bbfc6c,cold_start_tsc_reliable,ms,lower,604
windows-whp-virtual-machine,2,1,554fc45b54537af41faf077f3354847804bbfc6c,network_snapshot_cold,ms,lower,615.1
windows-whp-virtual-machine,2,1,554fc45b54537af41faf077f3354847804bbfc6c,network_snapshot_restore,ms,lower,187.9
windows-whp-virtual-machine,2,1,554fc45b54537af41faf077f3354847804bbfc6c,network_snapshot_restore_wall,ms,lower,270.6
windows-whp-virtual-machine,2,1,554fc45b54537af41faf077f3354847804bbfc6c,openvmm_cold_start,ms,lower,510.65415
windows-whp-virtual-machine,2,1,554fc45b54537af41faf077f3354847804bbfc6c,openvmm_cold_start_guest_exit_teardown,ms,lower,53.8688
windows-whp-virtual-machine,2,1,554fc45b54537af41faf077f3354847804bbfc6c,openvmm_cold_start_peak_rss,MiB,lower,74.001953125
windows-whp-virtual-machine,2,1,554fc45b54537af41faf077f3354847804bbfc6c,openvmm_snapshot_generation,ms,lower,1079.3936
windows-whp-virtual-machine,2,1,554fc45b54537af41faf077f3354847804bbfc6c,openvmm_snapshot_generation_peak_rss,MiB,lower,76.658203125
windows-whp-virtual-machine,2,1,554fc45b54537af41faf077f3354847804bbfc6c,openvmm_snapshot_restore,ms,lower,128.9719
windows-whp-virtual-machine,2,1,554fc45b54537af41faf077f3354847804bbfc6c,openvmm_snapshot_restore_guest_exit_teardown,ms,lower,24.0086
windows-whp-virtual-machine,2,1,554fc45b54537af41faf077f3354847804bbfc6c,openvmm_snapshot_restore_peak_rss,MiB,lower,18.361328125
windows-whp-virtual-machine,2,1,554fc45b54537af41faf077f3354847804bbfc6c,shell_snapshot_cold_128_mib,ms,lower,596.5
windows-whp-virtual-machine,2,1,554fc45b54537af41faf077f3354847804bbfc6c,shell_snapshot_cold_256_mib,ms,lower,594.9
windows-whp-virtual-machine,2,1,554fc45b54537af41faf077f3354847804bbfc6c,shell_snapshot_cold_512_mib,ms,lower,609.5
windows-whp-virtual-machine,2,1,554fc45b54537af41faf077f3354847804bbfc6c,shell_snapshot_restore_128_mib,ms,lower,141.6
windows-whp-virtual-machine,2,1,554fc45b54537af41faf077f3354847804bbfc6c,shell_snapshot_restore_256_mib,ms,lower,136.8
windows-whp-virtual-machine,2,1,554fc45b54537af41faf077f3354847804bbfc6c,shell_snapshot_restore_512_mib,ms,lower,133.4
windows-whp-virtual-machine,2,1,554fc45b54537af41faf077f3354847804bbfc6c,virtfs_live_read,MB/s,higher,1290.7
windows-whp-virtual-machine,2,1,554fc45b54537af41faf077f3354847804bbfc6c,virtfs_live_roundtrip,ms,lower,853.4
windows-whp-virtual-machine,2,1,554fc45b54537af41faf077f3354847804bbfc6c,virtfs_live_write,MB/s,higher,135.2
windows-whp-virtual-machine,2,1,554fc45b54537af41faf077f3354847804bbfc6c,virtio_blk_random_read_iops,ops/s,higher,6407.74751906
windows-whp-virtual-machine,2,1,554fc45b54537af41faf077f3354847804bbfc6c,virtio_blk_random_write_iops,ops/s,higher,6224.38870728
windows-whp-virtual-machine,2,1,554fc45b54537af41faf077f3354847804bbfc6c,virtio_fs_random_read_iops,ops/s,higher,9786.86457541
windows-whp-virtual-machine,2,1,554fc45b54537af41faf077f3354847804bbfc6c,virtio_fs_random_write_iops,ops/s,higher,9768.84944955
windows-whp-virtual-machine,2,1,554fc45b54537af41faf077f3354847804bbfc6c,virtio_net_udp_roundtrip_ops,ops/s,higher,4004.69298721
windows-whp-virtual-machine,2,1,4ecb612e1cafa940a208a6fc92d932d77eebced5,cold_start_base,ms,lower,517.7
windows-whp-virtual-machine,2,1,4ecb612e1cafa940a208a6fc92d932d77eebced5,cold_start_clocksource,ms,lower,516
windows-whp-virtual-machine,2,1,4ecb612e1cafa940a208a6fc92d932d77eebced5,cold_start_cryptomgr_notests,ms,lower,515.2
windows-whp-virtual-machine,2,1,4ecb612e1cafa940a208a6fc92d932d77eebced5,cold_start_mitigations_off,ms,lower,483.1
windows-whp-virtual-machine,2,1,4ecb612e1cafa940a208a6fc92d932d77eebced5,cold_start_no_timer_check,ms,lower,460.7
windows-whp-virtual-machine,2,1,4ecb612e1cafa940a208a6fc92d932d77eebced5,cold_start_nokaslr,ms,lower,516
windows-whp-virtual-machine,2,1,4ecb612e1cafa940a208a6fc92d932d77eebced5,cold_start_random_trust_cpu,ms,lower,522.4
windows-whp-virtual-machine,2,1,4ecb612e1cafa940a208a6fc92d932d77eebced5,cold_start_rcu_expedited,ms,lower,512.9
windows-whp-virtual-machine,2,1,4ecb612e1cafa940a208a6fc92d932d77eebced5,cold_start_tsc_reliable,ms,lower,518.1
windows-whp-virtual-machine,2,1,4ecb612e1cafa940a208a6fc92d932d77eebced5,network_snapshot_cold,ms,lower,532.5
windows-whp-virtual-machine,2,1,4ecb612e1cafa940a208a6fc92d932d77eebced5,network_snapshot_restore,ms,lower,159.8
windows-whp-virtual-machine,2,1,4ecb612e1cafa940a208a6fc92d932d77eebced5,network_snapshot_restore_wall,ms,lower,226.2
windows-whp-virtual-machine,2,1,4ecb612e1cafa940a208a6fc92d932d77eebced5,openvmm_cold_start,ms,lower,426.1135
windows-whp-virtual-machine,2,1,4ecb612e1cafa940a208a6fc92d932d77eebced5,openvmm_cold_start_guest_exit_teardown,ms,lower,45.32985
windows-whp-virtual-machine,2,1,4ecb612e1cafa940a208a6fc92d932d77eebced5,openvmm_cold_start_peak_rss,MiB,lower,73.984375
windows-whp-virtual-machine,2,1,4ecb612e1cafa940a208a6fc92d932d77eebced5,openvmm_snapshot_generation,ms,lower,968.6105
windows-whp-virtual-machine,2,1,4ecb612e1cafa940a208a6fc92d932d77eebced5,openvmm_snapshot_generation_peak_rss,MiB,lower,76.677734375
windows-whp-virtual-machine,2,1,4ecb612e1cafa940a208a6fc92d932d77eebced5,openvmm_snapshot_restore,ms,lower,108.4125
windows-whp-virtual-machine,2,1,4ecb612e1cafa940a208a6fc92d932d77eebced5,openvmm_snapshot_restore_guest_exit_teardown,ms,lower,20.7322
windows-whp-virtual-machine,2,1,4ecb612e1cafa940a208a6fc92d932d77eebced5,openvmm_snapshot_restore_peak_rss,MiB,lower,18.466796875
windows-whp-virtual-machine,2,1,4ecb612e1cafa940a208a6fc92d932d77eebced5,shell_snapshot_cold_128_mib,ms,lower,511
windows-whp-virtual-machine,2,1,4ecb612e1cafa940a208a6fc92d932d77eebced5,shell_snapshot_cold_256_mib,ms,lower,528.2
windows-whp-virtual-machine,2,1,4ecb612e1cafa940a208a6fc92d932d77eebced5,shell_snapshot_cold_512_mib,ms,lower,532.8
windows-whp-virtual-machine,2,1,4ecb612e1cafa940a208a6fc92d932d77eebced5,shell_snapshot_restore_128_mib,ms,lower,109.5
windows-whp-virtual-machine,2,1,4ecb612e1cafa940a208a6fc92d932d77eebced5,shell_snapshot_restore_256_mib,ms,lower,107.6
windows-whp-virtual-machine,2,1,4ecb612e1cafa940a208a6fc92d932d77eebced5,shell_snapshot_restore_512_mib,ms,lower,114.4
windows-whp-virtual-machine,2,1,4ecb612e1cafa940a208a6fc92d932d77eebced5,virtfs_live_read,MB/s,higher,1600
windows-whp-virtual-machine,2,1,4ecb612e1cafa940a208a6fc92d932d77eebced5,virtfs_live_roundtrip,ms,lower,727.9
windows-whp-virtual-machine,2,1,4ecb612e1cafa940a208a6fc92d932d77eebced5,virtfs_live_write,MB/s,higher,180.2
windows-whp-virtual-machine,2,1,4ecb612e1cafa940a208a6fc92d932d77eebced5,virtio_blk_random_read_iops,ops/s,higher,7437.6077519
windows-whp-virtual-machine,2,1,4ecb612e1cafa940a208a6fc92d932d77eebced5,virtio_blk_random_write_iops,ops/s,higher,7315.64220044
windows-whp-virtual-machine,2,1,4ecb612e1cafa940a208a6fc92d932d77eebced5,virtio_fs_random_read_iops,ops/s,higher,11162.0608894
windows-whp-virtual-machine,2,1,4ecb612e1cafa940a208a6fc92d932d77eebced5,virtio_fs_random_write_iops,ops/s,higher,12006.0846749
windows-whp-virtual-machine,2,1,4ecb612e1cafa940a208a6fc92d932d77eebced5,virtio_net_udp_roundtrip_ops,ops/s,higher,4876.63542412
windows-whp-virtual-machine,2,1,4c8954ce5d6c91372b8407e22daf8bfaf17961ff,cold_start_base,ms,lower,595.7
windows-whp-virtual-machine,2,1,4c8954ce5d6c91372b8407e22daf8bfaf17961ff,cold_start_clocksource,ms,lower,589.8
windows-whp-virtual-machine,2,1,4c8954ce5d6c91372b8407e22daf8bfaf17961ff,cold_start_cryptomgr_notests,ms,lower,584.7
windows-whp-virtual-machine,2,1,4c8954ce5d6c91372b8407e22daf8bfaf17961ff,cold_start_mitigations_off,ms,lower,550.7
windows-whp-virtual-machine,2,1,4c8954ce5d6c91372b8407e22daf8bfaf17961ff,cold_start_no_timer_check,ms,lower,539.2
windows-whp-virtual-machine,2,1,4c8954ce5d6c91372b8407e22daf8bfaf17961ff,cold_start_nokaslr,ms,lower,586.1
windows-whp-virtual-machine,2,1,4c8954ce5d6c91372b8407e22daf8bfaf17961ff,cold_start_random_trust_cpu,ms,lower,582.4
windows-whp-virtual-machine,2,1,4c8954ce5d6c91372b8407e22daf8bfaf17961ff,cold_start_rcu_expedited,ms,lower,590.4
windows-whp-virtual-machine,2,1,4c8954ce5d6c91372b8407e22daf8bfaf17961ff,cold_start_tsc_reliable,ms,lower,592.2
windows-whp-virtual-machine,2,1,4c8954ce5d6c91372b8407e22daf8bfaf17961ff,network_snapshot_cold,ms,lower,593.5
windows-whp-virtual-machine,2,1,4c8954ce5d6c91372b8407e22daf8bfaf17961ff,network_snapshot_restore,ms,lower,186.3
windows-whp-virtual-machine,2,1,4c8954ce5d6c91372b8407e22daf8bfaf17961ff,network_snapshot_restore_wall,ms,lower,268.9
windows-whp-virtual-machine,2,1,4c8954ce5d6c91372b8407e22daf8bfaf17961ff,openvmm_cold_start,ms,lower,499.38825
windows-whp-virtual-machine,2,1,4c8954ce5d6c91372b8407e22daf8bfaf17961ff,openvmm_cold_start_guest_exit_teardown,ms,lower,52.47995
windows-whp-virtual-machine,2,1,4c8954ce5d6c91372b8407e22daf8bfaf17961ff,openvmm_cold_start_peak_rss,MiB,lower,73.98046875
windows-whp-virtual-machine,2,1,4c8954ce5d6c91372b8407e22daf8bfaf17961ff,openvmm_snapshot_generation,ms,lower,1080.32265
windows-whp-virtual-machine,2,1,4c8954ce5d6c91372b8407e22daf8bfaf17961ff,openvmm_snapshot_generation_peak_rss,MiB,lower,76.69140625
windows-whp-virtual-machine,2,1,4c8954ce5d6c91372b8407e22daf8bfaf17961ff,openvmm_snapshot_restore,ms,lower,139.63295
windows-whp-virtual-machine,2,1,4c8954ce5d6c91372b8407e22daf8bfaf17961ff,openvmm_snapshot_restore_guest_exit_teardown,ms,lower,23.21955
windows-whp-virtual-machine,2,1,4c8954ce5d6c91372b8407e22daf8bfaf17961ff,openvmm_snapshot_restore_peak_rss,MiB,lower,18.474609375
windows-whp-virtual-machine,2,1,4c8954ce5d6c91372b8407e22daf8bfaf17961ff,shell_snapshot_cold_128_mib,ms,lower,595.8
windows-whp-virtual-machine,2,1,4c8954ce5d6c91372b8407e22daf8bfaf17961ff,shell_snapshot_cold_256_mib,ms,lower,611.1
windows-whp-virtual-machine,2,1,4c8954ce5d6c91372b8407e22daf8bfaf17961ff,shell_snapshot_cold_512_mib,ms,lower,610.9
windows-whp-virtual-machine,2,1,4c8954ce5d6c91372b8407e22daf8bfaf17961ff,shell_snapshot_restore_128_mib,ms,lower,134.7
windows-whp-virtual-machine,2,1,4c8954ce5d6c91372b8407e22daf8bfaf17961ff,shell_snapshot_restore_256_mib,ms,lower,141.5
windows-whp-virtual-machine,2,1,4c8954ce5d6c91372b8407e22daf8bfaf17961ff,shell_snapshot_restore_512_mib,ms,lower,135
windows-whp-virtual-machine,2,1,4c8954ce5d6c91372b8407e22daf8bfaf17961ff,virtfs_live_read,MB/s,higher,971
windows-whp-virtual-machine,2,1,4c8954ce5d6c91372b8407e22daf8bfaf17961ff,virtfs_live_roundtrip,ms,lower,857
windows-whp-virtual-machine,2,1,4c8954ce5d6c91372b8407e22daf8bfaf17961ff,virtfs_live_write,MB/s,higher,132.7
windows-whp-virtual-machine,2,1,4c8954ce5d6c91372b8407e22daf8bfaf17961ff,virtio_blk_random_read_iops,ops/s,higher,6241.21754654
windows-whp-virtual-machine,2,1,4c8954ce5d6c91372b8407e22daf8bfaf17961ff,virtio_blk_random_write_iops,ops/s,higher,6197.73222954
windows-whp-virtual-machine,2,1,4c8954ce5d6c91372b8407e22daf8bfaf17961ff,virtio_fs_random_read_iops,ops/s,higher,9583.10158366
windows-whp-virtual-machine,2,1,4c8954ce5d6c91372b8407e22daf8bfaf17961ff,virtio_fs_random_write_iops,ops/s,higher,10056.0440808
windows-whp-virtual-machine,2,1,4c8954ce5d6c91372b8407e22daf8bfaf17961ff,virtio_net_udp_roundtrip_ops,ops/s,higher,4102.22469542
windows-whp-virtual-machine,2,1,967935bc11cdf582fdfa9407c1f45275ea8c8e4d,cold_start_base,ms,lower,522.6
windows-whp-virtual-machine,2,1,967935bc11cdf582fdfa9407c1f45275ea8c8e4d,cold_start_clocksource,ms,lower,527.2
windows-whp-virtual-machine,2,1,967935bc11cdf582fdfa9407c1f45275ea8c8e4d,cold_start_cryptomgr_notests,ms,lower,525.6
windows-whp-virtual-machine,2,1,967935bc11cdf582fdfa9407c1f45275ea8c8e4d,cold_start_mitigations_off,ms,lower,497.2
windows-whp-virtual-machine,2,1,967935bc11cdf582fdfa9407c1f45275ea8c8e4d,cold_start_no_timer_check,ms,lower,474.2
windows-whp-virtual-machine,2,1,967935bc11cdf582fdfa9407c1f45275ea8c8e4d,cold_start_nokaslr,ms,lower,523.7
windows-whp-virtual-machine,2,1,967935bc11cdf582fdfa9407c1f45275ea8c8e4d,cold_start_random_trust_cpu,ms,lower,525.1
windows-whp-virtual-machine,2,1,967935bc11cdf582fdfa9407c1f45275ea8c8e4d,cold_start_rcu_expedited,ms,lower,521.5
windows-whp-virtual-machine,2,1,967935bc11cdf582fdfa9407c1f45275ea8c8e4d,cold_start_tsc_reliable,ms,lower,525.5
windows-whp-virtual-machine,2,1,967935bc11cdf582fdfa9407c1f45275ea8c8e4d,network_snapshot_cold,ms,lower,530.3
windows-whp-virtual-machine,2,1,967935bc11cdf582fdfa9407c1f45275ea8c8e4d,network_snapshot_restore,ms,lower,164
windows-whp-virtual-machine,2,1,967935bc11cdf582fdfa9407c1f45275ea8c8e4d,network_snapshot_restore_wall,ms,lower,237.6
windows-whp-virtual-machine,2,1,967935bc11cdf582fdfa9407c1f45275ea8c8e4d,openvmm_cold_start,ms,lower,436.8097
windows-whp-virtual-machine,2,1,967935bc11cdf582fdfa9407c1f45275ea8c8e4d,openvmm_cold_start_guest_exit_teardown,ms,lower,49.60725
windows-whp-virtual-machine,2,1,967935bc11cdf582fdfa9407c1f45275ea8c8e4d,openvmm_cold_start_peak_rss,MiB,lower,73.9921875
windows-whp-virtual-machine,2,1,967935bc11cdf582fdfa9407c1f45275ea8c8e4d,openvmm_snapshot_generation,ms,lower,967.50785
windows-whp-virtual-machine,2,1,967935bc11cdf582fdfa9407c1f45275ea8c8e4d,openvmm_snapshot_generation_peak_rss,MiB,lower,76.69921875
windows-whp-virtual-machine,2,1,967935bc11cdf582fdfa9407c1f45275ea8c8e4d,openvmm_snapshot_restore,ms,lower,116.7457
windows-whp-virtual-machine,2,1,967935bc11cdf582fdfa9407c1f45275ea8c8e4d,openvmm_snapshot_restore_guest_exit_teardown,ms,lower,21.7306
windows-whp-virtual-machine,2,1,967935bc11cdf582fdfa9407c1f45275ea8c8e4d,openvmm_snapshot_restore_peak_rss,MiB,lower,18.4765625
windows-whp-virtual-machine,2,1,967935bc11cdf582fdfa9407c1f45275ea8c8e4d,shell_snapshot_cold_128_mib,ms,lower,529.5
windows-whp-virtual-machine,2,1,967935bc11cdf582fdfa9407c1f45275ea8c8e4d,shell_snapshot_cold_256_mib,ms,lower,520.6
windows-whp-virtual-machine,2,1,967935bc11cdf582fdfa9407c1f45275ea8c8e4d,shell_snapshot_cold_512_mib,ms,lower,536.4
windows-whp-virtual-machine,2,1,967935bc11cdf582fdfa9407c1f45275ea8c8e4d,shell_snapshot_restore_128_mib,ms,lower,118.3
windows-whp-virtual-machine,2,1,967935bc11cdf582fdfa9407c1f45275ea8c8e4d,shell_snapshot_restore_256_mib,ms,lower,121.3
windows-whp-virtual-machine,2,1,967935bc11cdf582fdfa9407c1f45275ea8c8e4d,shell_snapshot_restore_512_mib,ms,lower,121.9
windows-whp-virtual-machine,2,1,967935bc11cdf582fdfa9407c1f45275ea8c8e4d,virtfs_live_read,MB/s,higher,1300
windows-whp-virtual-machine,2,1,967935bc11cdf582fdfa9407c1f45275ea8c8e4d,virtfs_live_roundtrip,ms,lower,749.5
windows-whp-virtual-machine,2,1,967935bc11cdf582fdfa9407c1f45275ea8c8e4d,virtfs_live_write,MB/s,higher,180.6
windows-whp-virtual-machine,2,1,967935bc11cdf582fdfa9407c1f45275ea8c8e4d,virtio_blk_random_read_iops,ops/s,higher,7551.73042093
windows-whp-virtual-machine,2,1,967935bc11cdf582fdfa9407c1f45275ea8c8e4d,virtio_blk_random_write_iops,ops/s,higher,7471.88553732
windows-whp-virtual-machine,2,1,967935bc11cdf582fdfa9407c1f45275ea8c8e4d,virtio_fs_random_read_iops,ops/s,higher,11042.1656996
windows-whp-virtual-machine,2,1,967935bc11cdf582fdfa9407c1f45275ea8c8e4d,virtio_fs_random_write_iops,ops/s,higher,12017.1084953
windows-whp-virtual-machine,2,1,967935bc11cdf582fdfa9407c1f45275ea8c8e4d,virtio_net_udp_roundtrip_ops,ops/s,higher,4780.70681707
